notification_id,channel,provider,failure_code,failure_reason,retry_count,final_status,timestamp
notif-1,in_app,in_app,INVALID_TEMPLATE,invalid_template,4,FAILED,2026-04-05T13:13:55.598Z
notif-2,sms,msg91,RATE_LIMITED,rate_limited,1,DLQ,2026-05-07T10:46:55.598Z
notif-3,sms,twilio,RATE_LIMITED,rate_limited,2,FAILED,2026-05-26T12:44:55.598Z
notif-4,email,nodemailer,DND_BLOCKED,dnd_blocked,2,FAILED,2026-04-16T13:22:55.598Z
notif-5,in_app,in_app,NETWORK_ERROR,network_error,5,FAILED,2026-05-16T08:28:55.598Z
notif-6,in_app,in_app,INVALID_TEMPLATE,invalid_template,3,DLQ,2026-06-10T11:36:55.598Z
notif-7,sms,twilio,NETWORK_ERROR,network_error,3,FAILED,2026-05-24T19:09:55.598Z
notif-8,push,fcm,RATE_LIMITED,rate_limited,3,FAILED,2026-05-17T19:09:55.598Z
notif-9,email,nodemailer,INVALID_TEMPLATE,invalid_template,5,FAILED,2026-06-11T11:13:55.598Z
notif-10,in_app,in_app,NETWORK_ERROR,network_error,1,FAILED,2026-05-27T13:07:55.598Z
notif-11,whatsapp,whatsapp_cloud,EXPIRED_TOKEN,expired_token,1,FAILED,2026-06-08T19:09:55.599Z
notif-12,email,nodemailer,NETWORK_ERROR,network_error,3,FAILED,2026-04-22T19:09:55.599Z
notif-13,email,nodemailer,RATE_LIMITED,rate_limited,5,DLQ,2026-05-03T08:12:55.599Z
notif-14,sms,twilio,DND_BLOCKED,dnd_blocked,1,FAILED,2026-03-18T13:21:55.599Z
notif-15,sms,msg91,RATE_LIMITED,rate_limited,2,DLQ,2026-04-15T09:36:55.599Z
notif-16,in_app,in_app,INVALID_RECIPIENT,invalid_recipient,1,FAILED,2026-05-21T10:23:55.599Z
notif-17,in_app,in_app,NETWORK_ERROR,network_error,1,FAILED,2026-04-29T11:36:55.599Z
notif-18,email,nodemailer,EXPIRED_TOKEN,expired_token,5,FAILED,2026-03-31T09:03:55.599Z
notif-19,in_app,in_app,DND_BLOCKED,dnd_blocked,2,DLQ,2026-04-01T19:09:55.599Z
notif-20,in_app,in_app,RATE_LIMITED,rate_limited,3,FAILED,2026-05-28T11:06:55.599Z
notif-21,whatsapp,whatsapp_cloud,PROVIDER_TIMEOUT,provider_timeout,4,FAILED,2026-04-13T09:37:55.599Z
notif-22,sms,twilio,PROVIDER_TIMEOUT,provider_timeout,3,FAILED,2026-04-24T10:39:55.599Z
notif-23,sms,twilio,NETWORK_ERROR,network_error,2,FAILED,2026-05-13T09:01:55.599Z
notif-24,sms,twilio,INVALID_RECIPIENT,invalid_recipient,4,FAILED,2026-06-14T19:09:55.599Z
notif-25,email,nodemailer,INVALID_TEMPLATE,invalid_template,2,DLQ,2026-06-06T19:09:55.599Z
notif-26,push,fcm,PROVIDER_TIMEOUT,provider_timeout,2,FAILED,2026-05-08T10:06:55.599Z
notif-27,in_app,in_app,DND_BLOCKED,dnd_blocked,1,FAILED,2026-05-05T19:09:55.599Z
notif-28,push,fcm,PROVIDER_TIMEOUT,provider_timeout,1,FAILED,2026-04-03T11:43:55.599Z
notif-29,email,nodemailer,INVALID_TEMPLATE,invalid_template,4,FAILED,2026-05-06T19:09:55.599Z
notif-30,push,fcm,PROVIDER_TIMEOUT,provider_timeout,3,FAILED,2026-04-26T19:09:55.599Z
notif-31,whatsapp,whatsapp_cloud,INVALID_RECIPIENT,invalid_recipient,1,DLQ,2026-04-07T13:29:55.599Z
notif-32,email,nodemailer,INVALID_RECIPIENT,invalid_recipient,5,FAILED,2026-04-20T19:09:55.599Z
notif-33,whatsapp,whatsapp_cloud,DND_BLOCKED,dnd_blocked,4,FAILED,2026-05-12T19:09:55.599Z
notif-34,push,fcm,INVALID_TEMPLATE,invalid_template,1,DLQ,2026-05-22T10:32:55.599Z
notif-35,email,nodemailer,INVALID_TEMPLATE,invalid_template,1,FAILED,2026-04-11T12:02:55.599Z
notif-36,in_app,in_app,RATE_LIMITED,rate_limited,3,FAILED,2026-04-06T08:57:55.599Z
notif-37,in_app,in_app,NETWORK_ERROR,network_error,3,DLQ,2026-05-28T08:58:55.599Z
notif-38,email,nodemailer,PROVIDER_TIMEOUT,provider_timeout,2,FAILED,2026-06-04T19:09:55.599Z
notif-39,whatsapp,whatsapp_cloud,INVALID_TEMPLATE,invalid_template,2,FAILED,2026-04-22T08:21:55.599Z
notif-40,sms,msg91,EXPIRED_TOKEN,expired_token,3,FAILED,2026-04-03T11:14:55.599Z
notif-41,sms,msg91,RATE_LIMITED,rate_limited,3,FAILED,2026-04-09T13:35:55.599Z
notif-42,sms,twilio,DND_BLOCKED,dnd_blocked,4,FAILED,2026-05-01T19:09:55.599Z
notif-43,in_app,in_app,DND_BLOCKED,dnd_blocked,3,FAILED,2026-03-31T19:09:55.599Z
notif-44,in_app,in_app,EXPIRED_TOKEN,expired_token,3,DLQ,2026-06-12T12:37:55.599Z
notif-45,in_app,in_app,RATE_LIMITED,rate_limited,2,FAILED,2026-04-23T12:10:55.599Z
notif-46,sms,msg91,NETWORK_ERROR,network_error,1,DLQ,2026-05-10T11:04:55.599Z
notif-47,whatsapp,whatsapp_cloud,INVALID_RECIPIENT,invalid_recipient,4,FAILED,2026-05-25T12:43:55.599Z
notif-48,whatsapp,whatsapp_cloud,PROVIDER_TIMEOUT,provider_timeout,5,DLQ,2026-04-24T19:09:55.599Z
notif-49,in_app,in_app,NETWORK_ERROR,network_error,4,DLQ,2026-05-18T13:55:55.599Z
notif-50,whatsapp,whatsapp_cloud,RATE_LIMITED,rate_limited,1,FAILED,2026-04-02T12:20:55.599Z
notif-51,whatsapp,whatsapp_cloud,RATE_LIMITED,rate_limited,3,DLQ,2026-04-14T19:09:55.599Z
notif-52,push,fcm,RATE_LIMITED,rate_limited,4,FAILED,2026-04-25T10:51:55.599Z
notif-53,in_app,in_app,EXPIRED_TOKEN,expired_token,1,DLQ,2026-04-01T08:54:55.599Z
notif-54,sms,msg91,INVALID_RECIPIENT,invalid_recipient,4,FAILED,2026-03-31T19:09:55.599Z
notif-55,in_app,in_app,EXPIRED_TOKEN,expired_token,1,FAILED,2026-04-22T19:09:55.599Z
notif-56,whatsapp,whatsapp_cloud,EXPIRED_TOKEN,expired_token,4,FAILED,2026-04-21T08:53:55.599Z
notif-57,sms,msg91,PROVIDER_TIMEOUT,provider_timeout,4,FAILED,2026-04-16T09:24:55.599Z
notif-58,in_app,in_app,NETWORK_ERROR,network_error,2,DLQ,2026-05-07T13:15:55.599Z
notif-59,in_app,in_app,NETWORK_ERROR,network_error,5,FAILED,2026-05-25T10:06:55.599Z
notif-60,in_app,in_app,INVALID_RECIPIENT,invalid_recipient,5,FAILED,2026-05-04T09:34:55.599Z
notif-61,email,nodemailer,EXPIRED_TOKEN,expired_token,5,FAILED,2026-05-01T11:21:55.599Z
notif-62,email,nodemailer,RATE_LIMITED,rate_limited,1,DLQ,2026-05-31T11:01:55.599Z
notif-63,email,nodemailer,EXPIRED_TOKEN,expired_token,2,FAILED,2026-04-02T11:59:55.599Z
notif-64,whatsapp,whatsapp_cloud,INVALID_RECIPIENT,invalid_recipient,3,FAILED,2026-06-15T13:38:55.599Z
notif-65,push,fcm,INVALID_RECIPIENT,invalid_recipient,1,FAILED,2026-03-30T12:16:55.599Z
notif-66,push,fcm,DND_BLOCKED,dnd_blocked,2,FAILED,2026-05-15T19:09:55.599Z
notif-67,sms,twilio,DND_BLOCKED,dnd_blocked,1,FAILED,2026-04-21T09:24:55.599Z
notif-68,sms,msg91,PROVIDER_TIMEOUT,provider_timeout,4,FAILED,2026-03-26T13:32:55.599Z
notif-69,email,nodemailer,PROVIDER_TIMEOUT,provider_timeout,4,FAILED,2026-05-19T09:26:55.599Z
notif-70,email,nodemailer,NETWORK_ERROR,network_error,4,FAILED,2026-04-02T11:50:55.599Z
notif-71,push,fcm,NETWORK_ERROR,network_error,4,FAILED,2026-05-08T08:17:55.599Z
notif-72,sms,msg91,INVALID_RECIPIENT,invalid_recipient,2,FAILED,2026-04-06T13:34:55.599Z
notif-73,sms,msg91,INVALID_TEMPLATE,invalid_template,1,DLQ,2026-05-18T11:36:55.599Z
notif-74,email,nodemailer,PROVIDER_TIMEOUT,provider_timeout,5,FAILED,2026-06-12T13:43:55.599Z
notif-75,whatsapp,whatsapp_cloud,EXPIRED_TOKEN,expired_token,1,DLQ,2026-05-18T09:26:55.599Z
notif-76,email,nodemailer,RATE_LIMITED,rate_limited,1,FAILED,2026-04-12T19:09:55.599Z
notif-77,whatsapp,whatsapp_cloud,RATE_LIMITED,rate_limited,5,FAILED,2026-04-17T10:13:55.599Z
notif-78,sms,twilio,EXPIRED_TOKEN,expired_token,5,FAILED,2026-05-20T08:16:55.599Z
notif-79,in_app,in_app,RATE_LIMITED,rate_limited,3,DLQ,2026-06-01T12:27:55.599Z
notif-80,sms,twilio,EXPIRED_TOKEN,expired_token,4,FAILED,2026-04-28T09:33:55.599Z
notif-81,in_app,in_app,INVALID_RECIPIENT,invalid_recipient,2,DLQ,2026-04-20T08:55:55.599Z
notif-82,in_app,in_app,NETWORK_ERROR,network_error,5,FAILED,2026-06-02T19:09:55.599Z
notif-83,email,nodemailer,INVALID_RECIPIENT,invalid_recipient,3,DLQ,2026-06-12T11:46:55.599Z
notif-84,email,nodemailer,RATE_LIMITED,rate_limited,5,FAILED,2026-03-22T12:31:55.599Z
notif-85,push,fcm,INVALID_RECIPIENT,invalid_recipient,3,FAILED,2026-03-31T11:17:55.599Z
notif-86,in_app,in_app,PROVIDER_TIMEOUT,provider_timeout,2,DLQ,2026-04-25T19:09:55.599Z
notif-87,push,fcm,INVALID_RECIPIENT,invalid_recipient,2,DLQ,2026-04-29T12:48:55.599Z
notif-88,push,fcm,EXPIRED_TOKEN,expired_token,2,DLQ,2026-04-29T13:34:55.599Z
notif-89,in_app,in_app,RATE_LIMITED,rate_limited,1,FAILED,2026-06-06T09:13:55.599Z
notif-90,sms,msg91,RATE_LIMITED,rate_limited,3,DLQ,2026-04-25T11:35:55.599Z
notif-91,whatsapp,whatsapp_cloud,INVALID_RECIPIENT,invalid_recipient,5,FAILED,2026-05-03T13:15:55.599Z
notif-92,whatsapp,whatsapp_cloud,DND_BLOCKED,dnd_blocked,1,DLQ,2026-03-27T19:09:55.599Z
notif-93,email,nodemailer,NETWORK_ERROR,network_error,1,FAILED,2026-03-30T12:44:55.599Z
notif-94,push,fcm,RATE_LIMITED,rate_limited,5,FAILED,2026-05-07T19:09:55.599Z
notif-95,email,nodemailer,NETWORK_ERROR,network_error,5,FAILED,2026-04-15T12:48:55.599Z
notif-96,whatsapp,whatsapp_cloud,PROVIDER_TIMEOUT,provider_timeout,2,FAILED,2026-05-26T10:52:55.599Z
notif-97,in_app,in_app,INVALID_TEMPLATE,invalid_template,2,DLQ,2026-03-20T08:24:55.599Z
notif-98,email,nodemailer,INVALID_RECIPIENT,invalid_recipient,5,FAILED,2026-03-21T12:24:55.599Z
notif-99,push,fcm,EXPIRED_TOKEN,expired_token,2,FAILED,2026-04-14T19:09:55.599Z
notif-100,email,nodemailer,INVALID_TEMPLATE,invalid_template,3,DLQ,2026-06-12T13:41:55.599Z
notif-101,whatsapp,whatsapp_cloud,EXPIRED_TOKEN,expired_token,3,FAILED,2026-05-29T13:28:55.599Z
notif-102,whatsapp,whatsapp_cloud,NETWORK_ERROR,network_error,2,FAILED,2026-04-17T13:48:55.599Z
notif-103,whatsapp,whatsapp_cloud,RATE_LIMITED,rate_limited,2,FAILED,2026-04-03T09:52:55.599Z
notif-104,in_app,in_app,RATE_LIMITED,rate_limited,4,FAILED,2026-06-08T12:55:55.599Z
notif-105,in_app,in_app,INVALID_TEMPLATE,invalid_template,2,FAILED,2026-05-24T11:34:55.599Z
notif-106,email,nodemailer,INVALID_TEMPLATE,invalid_template,3,DLQ,2026-05-11T11:36:55.599Z
notif-107,whatsapp,whatsapp_cloud,EXPIRED_TOKEN,expired_token,4,DLQ,2026-04-07T19:09:55.599Z
notif-108,whatsapp,whatsapp_cloud,NETWORK_ERROR,network_error,4,FAILED,2026-04-04T11:48:55.599Z
notif-109,whatsapp,whatsapp_cloud,PROVIDER_TIMEOUT,provider_timeout,1,DLQ,2026-05-28T10:21:55.599Z
notif-110,whatsapp,whatsapp_cloud,EXPIRED_TOKEN,expired_token,5,FAILED,2026-04-16T13:49:55.599Z
notif-111,whatsapp,whatsapp_cloud,NETWORK_ERROR,network_error,2,FAILED,2026-06-04T19:09:55.599Z
notif-112,sms,twilio,RATE_LIMITED,rate_limited,2,FAILED,2026-04-06T08:12:55.599Z
notif-113,whatsapp,whatsapp_cloud,EXPIRED_TOKEN,expired_token,3,FAILED,2026-05-21T12:54:55.599Z
notif-114,whatsapp,whatsapp_cloud,NETWORK_ERROR,network_error,3,FAILED,2026-04-05T13:08:55.599Z
notif-115,push,fcm,EXPIRED_TOKEN,expired_token,5,DLQ,2026-04-15T08:57:55.599Z
notif-116,sms,msg91,DND_BLOCKED,dnd_blocked,2,DLQ,2026-06-13T12:25:55.599Z
notif-117,email,nodemailer,EXPIRED_TOKEN,expired_token,1,FAILED,2026-03-29T10:46:55.599Z
notif-118,push,fcm,RATE_LIMITED,rate_limited,3,FAILED,2026-03-24T10:34:55.599Z
notif-119,email,nodemailer,PROVIDER_TIMEOUT,provider_timeout,4,FAILED,2026-04-07T08:02:55.599Z
notif-120,push,fcm,PROVIDER_TIMEOUT,provider_timeout,1,FAILED,2026-06-08T12:56:55.599Z
notif-121,whatsapp,whatsapp_cloud,DND_BLOCKED,dnd_blocked,4,FAILED,2026-05-15T19:09:55.599Z
notif-122,whatsapp,whatsapp_cloud,NETWORK_ERROR,network_error,4,FAILED,2026-03-20T12:49:55.599Z
notif-123,in_app,in_app,EXPIRED_TOKEN,expired_token,2,DLQ,2026-05-15T19:09:55.599Z
notif-124,email,nodemailer,PROVIDER_TIMEOUT,provider_timeout,5,DLQ,2026-03-23T19:09:55.599Z
notif-125,sms,msg91,INVALID_RECIPIENT,invalid_recipient,2,FAILED,2026-04-15T19:09:55.599Z
notif-126,in_app,in_app,EXPIRED_TOKEN,expired_token,4,FAILED,2026-04-27T08:02:55.599Z
notif-127,in_app,in_app,INVALID_RECIPIENT,invalid_recipient,2,FAILED,2026-05-11T12:52:55.599Z
notif-128,sms,twilio,INVALID_RECIPIENT,invalid_recipient,1,FAILED,2026-03-22T12:42:55.599Z
notif-129,whatsapp,whatsapp_cloud,INVALID_RECIPIENT,invalid_recipient,5,DLQ,2026-04-26T09:25:55.599Z
notif-130,sms,msg91,INVALID_RECIPIENT,invalid_recipient,1,FAILED,2026-05-10T19:09:55.599Z
notif-131,push,fcm,PROVIDER_TIMEOUT,provider_timeout,4,FAILED,2026-04-01T19:09:55.599Z
notif-132,push,fcm,RATE_LIMITED,rate_limited,5,DLQ,2026-04-12T13:45:55.599Z
notif-133,whatsapp,whatsapp_cloud,EXPIRED_TOKEN,expired_token,4,FAILED,2026-05-30T10:08:55.599Z
notif-134,email,nodemailer,EXPIRED_TOKEN,expired_token,2,FAILED,2026-05-19T09:58:55.599Z
notif-135,sms,msg91,INVALID_RECIPIENT,invalid_recipient,3,FAILED,2026-05-30T09:23:55.599Z
notif-136,push,fcm,RATE_LIMITED,rate_limited,4,DLQ,2026-04-11T11:31:55.599Z
notif-137,email,nodemailer,RATE_LIMITED,rate_limited,5,DLQ,2026-04-18T08:35:55.599Z
notif-138,sms,twilio,EXPIRED_TOKEN,expired_token,1,DLQ,2026-05-08T13:20:55.599Z
notif-139,whatsapp,whatsapp_cloud,EXPIRED_TOKEN,expired_token,4,FAILED,2026-04-16T19:09:55.599Z
notif-140,in_app,in_app,NETWORK_ERROR,network_error,1,DLQ,2026-05-01T09:02:55.599Z
notif-141,sms,msg91,INVALID_TEMPLATE,invalid_template,5,FAILED,2026-04-04T08:20:55.599Z
notif-142,whatsapp,whatsapp_cloud,PROVIDER_TIMEOUT,provider_timeout,2,FAILED,2026-05-12T19:09:55.599Z
notif-143,push,fcm,PROVIDER_TIMEOUT,provider_timeout,3,DLQ,2026-05-03T09:12:55.599Z
notif-144,sms,twilio,PROVIDER_TIMEOUT,provider_timeout,1,FAILED,2026-05-19T08:00:55.599Z
notif-145,in_app,in_app,INVALID_RECIPIENT,invalid_recipient,4,DLQ,2026-03-22T09:41:55.599Z
notif-146,in_app,in_app,DND_BLOCKED,dnd_blocked,1,FAILED,2026-05-26T19:09:55.599Z
notif-147,push,fcm,INVALID_RECIPIENT,invalid_recipient,3,DLQ,2026-05-05T19:09:55.599Z
notif-148,sms,msg91,INVALID_TEMPLATE,invalid_template,4,DLQ,2026-05-04T08:39:55.599Z
notif-149,sms,twilio,PROVIDER_TIMEOUT,provider_timeout,3,FAILED,2026-04-19T13:29:55.599Z
notif-150,email,nodemailer,RATE_LIMITED,rate_limited,3,FAILED,2026-05-01T12:49:55.599Z
notif-151,in_app,in_app,INVALID_TEMPLATE,invalid_template,4,FAILED,2026-05-19T13:25:55.599Z
notif-152,in_app,in_app,NETWORK_ERROR,network_error,3,DLQ,2026-04-10T08:00:55.599Z
notif-153,in_app,in_app,RATE_LIMITED,rate_limited,5,FAILED,2026-04-22T19:09:55.599Z
notif-154,push,fcm,INVALID_TEMPLATE,invalid_template,3,FAILED,2026-06-04T19:09:55.599Z
notif-155,email,nodemailer,INVALID_TEMPLATE,invalid_template,5,FAILED,2026-04-03T09:43:55.599Z
notif-156,sms,msg91,PROVIDER_TIMEOUT,provider_timeout,4,DLQ,2026-05-19T12:05:55.599Z
notif-157,whatsapp,whatsapp_cloud,EXPIRED_TOKEN,expired_token,4,DLQ,2026-04-21T12:07:55.599Z
notif-158,in_app,in_app,EXPIRED_TOKEN,expired_token,3,FAILED,2026-04-28T19:09:55.599Z
notif-159,sms,msg91,INVALID_RECIPIENT,invalid_recipient,4,FAILED,2026-06-05T12:39:55.599Z
notif-160,whatsapp,whatsapp_cloud,INVALID_TEMPLATE,invalid_template,2,FAILED,2026-04-12T12:01:55.599Z
notif-161,email,nodemailer,INVALID_TEMPLATE,invalid_template,5,FAILED,2026-05-29T09:34:55.599Z
notif-162,sms,msg91,NETWORK_ERROR,network_error,2,DLQ,2026-05-14T10:03:55.599Z
notif-163,in_app,in_app,EXPIRED_TOKEN,expired_token,1,DLQ,2026-06-06T13:02:55.599Z
notif-164,email,nodemailer,RATE_LIMITED,rate_limited,3,DLQ,2026-03-23T08:57:55.599Z
notif-165,sms,msg91,DND_BLOCKED,dnd_blocked,2,FAILED,2026-03-28T19:09:55.599Z
notif-166,email,nodemailer,RATE_LIMITED,rate_limited,1,FAILED,2026-05-12T10:21:55.599Z
notif-167,push,fcm,NETWORK_ERROR,network_error,2,FAILED,2026-04-15T11:05:55.599Z
notif-168,email,nodemailer,RATE_LIMITED,rate_limited,4,DLQ,2026-04-09T11:03:55.599Z
notif-169,in_app,in_app,DND_BLOCKED,dnd_blocked,2,FAILED,2026-05-22T19:09:55.599Z
notif-170,in_app,in_app,NETWORK_ERROR,network_error,3,FAILED,2026-04-29T09:51:55.599Z
notif-171,whatsapp,whatsapp_cloud,INVALID_RECIPIENT,invalid_recipient,3,FAILED,2026-03-27T19:09:55.599Z
notif-172,sms,msg91,INVALID_RECIPIENT,invalid_recipient,1,DLQ,2026-05-23T09:18:55.599Z
notif-173,email,nodemailer,RATE_LIMITED,rate_limited,3,DLQ,2026-05-20T13:24:55.599Z
notif-174,email,nodemailer,EXPIRED_TOKEN,expired_token,4,FAILED,2026-04-10T08:34:55.599Z
notif-175,whatsapp,whatsapp_cloud,NETWORK_ERROR,network_error,4,FAILED,2026-04-05T11:42:55.599Z
notif-176,in_app,in_app,NETWORK_ERROR,network_error,5,DLQ,2026-05-06T11:08:55.599Z
notif-177,push,fcm,INVALID_TEMPLATE,invalid_template,3,FAILED,2026-04-24T11:10:55.599Z
notif-178,email,nodemailer,INVALID_TEMPLATE,invalid_template,5,FAILED,2026-06-13T13:21:55.599Z
notif-179,sms,twilio,INVALID_RECIPIENT,invalid_recipient,1,DLQ,2026-05-15T09:58:55.599Z
notif-180,in_app,in_app,INVALID_TEMPLATE,invalid_template,5,DLQ,2026-04-13T12:57:55.599Z
notif-181,push,fcm,NETWORK_ERROR,network_error,4,FAILED,2026-03-19T10:57:55.599Z
notif-182,push,fcm,RATE_LIMITED,rate_limited,2,DLQ,2026-03-21T19:09:55.599Z
notif-183,in_app,in_app,DND_BLOCKED,dnd_blocked,4,DLQ,2026-04-03T10:17:55.599Z
notif-184,push,fcm,PROVIDER_TIMEOUT,provider_timeout,1,FAILED,2026-03-21T12:30:55.599Z
notif-185,sms,twilio,DND_BLOCKED,dnd_blocked,5,FAILED,2026-05-17T19:09:55.599Z
notif-186,push,fcm,DND_BLOCKED,dnd_blocked,2,FAILED,2026-04-28T19:09:55.599Z
notif-187,in_app,in_app,DND_BLOCKED,dnd_blocked,3,DLQ,2026-05-18T11:48:55.599Z
notif-188,push,fcm,NETWORK_ERROR,network_error,4,FAILED,2026-04-04T19:09:55.599Z
notif-189,push,fcm,NETWORK_ERROR,network_error,3,DLQ,2026-03-20T08:19:55.599Z
notif-190,push,fcm,EXPIRED_TOKEN,expired_token,2,FAILED,2026-05-08T08:13:55.599Z
notif-191,in_app,in_app,DND_BLOCKED,dnd_blocked,3,FAILED,2026-05-05T11:41:55.599Z
notif-192,sms,msg91,NETWORK_ERROR,network_error,1,FAILED,2026-03-23T19:09:55.599Z
notif-193,in_app,in_app,DND_BLOCKED,dnd_blocked,4,DLQ,2026-06-07T13:53:55.599Z
notif-194,whatsapp,whatsapp_cloud,DND_BLOCKED,dnd_blocked,5,FAILED,2026-06-07T11:07:55.599Z
notif-195,email,nodemailer,INVALID_RECIPIENT,invalid_recipient,3,FAILED,2026-03-20T10:58:55.599Z
notif-196,whatsapp,whatsapp_cloud,PROVIDER_TIMEOUT,provider_timeout,5,DLQ,2026-05-14T19:09:55.599Z
notif-197,sms,twilio,NETWORK_ERROR,network_error,5,FAILED,2026-05-01T08:53:55.599Z
notif-198,email,nodemailer,INVALID_RECIPIENT,invalid_recipient,3,FAILED,2026-06-08T09:11:55.599Z
notif-199,push,fcm,NETWORK_ERROR,network_error,3,FAILED,2026-04-25T13:17:55.599Z
notif-200,in_app,in_app,PROVIDER_TIMEOUT,provider_timeout,4,DLQ,2026-04-30T12:24:55.599Z
notif-201,whatsapp,whatsapp_cloud,DND_BLOCKED,dnd_blocked,3,DLQ,2026-04-10T19:09:55.599Z
notif-202,push,fcm,RATE_LIMITED,rate_limited,5,FAILED,2026-04-05T19:09:55.599Z
notif-203,in_app,in_app,PROVIDER_TIMEOUT,provider_timeout,5,DLQ,2026-04-23T08:07:55.599Z
notif-204,email,nodemailer,INVALID_RECIPIENT,invalid_recipient,3,FAILED,2026-05-23T10:43:55.599Z
notif-205,sms,twilio,RATE_LIMITED,rate_limited,5,DLQ,2026-06-05T08:24:55.599Z
notif-206,in_app,in_app,NETWORK_ERROR,network_error,1,DLQ,2026-06-07T08:50:55.599Z
notif-207,whatsapp,whatsapp_cloud,RATE_LIMITED,rate_limited,5,FAILED,2026-05-09T08:04:55.599Z
notif-208,in_app,in_app,NETWORK_ERROR,network_error,1,DLQ,2026-06-08T12:29:55.599Z
notif-209,sms,twilio,NETWORK_ERROR,network_error,4,DLQ,2026-06-04T13:02:55.599Z
notif-210,push,fcm,DND_BLOCKED,dnd_blocked,4,FAILED,2026-03-21T09:14:55.599Z
notif-211,whatsapp,whatsapp_cloud,PROVIDER_TIMEOUT,provider_timeout,1,FAILED,2026-05-29T19:09:55.599Z
notif-212,in_app,in_app,INVALID_TEMPLATE,invalid_template,1,FAILED,2026-05-15T12:44:55.599Z
notif-213,in_app,in_app,PROVIDER_TIMEOUT,provider_timeout,5,FAILED,2026-05-20T11:24:55.599Z
notif-214,in_app,in_app,DND_BLOCKED,dnd_blocked,3,DLQ,2026-05-20T19:09:55.599Z
notif-215,whatsapp,whatsapp_cloud,EXPIRED_TOKEN,expired_token,1,FAILED,2026-05-22T13:21:55.599Z
notif-216,whatsapp,whatsapp_cloud,EXPIRED_TOKEN,expired_token,4,FAILED,2026-04-17T10:46:55.599Z
notif-217,in_app,in_app,INVALID_TEMPLATE,invalid_template,2,DLQ,2026-03-18T09:49:55.599Z
notif-218,push,fcm,NETWORK_ERROR,network_error,4,DLQ,2026-05-23T13:12:55.599Z
notif-219,email,nodemailer,INVALID_RECIPIENT,invalid_recipient,5,FAILED,2026-05-12T19:09:55.599Z
notif-220,email,nodemailer,DND_BLOCKED,dnd_blocked,4,DLQ,2026-04-21T09:30:55.599Z
notif-221,push,fcm,DND_BLOCKED,dnd_blocked,1,FAILED,2026-06-06T19:09:55.599Z
notif-222,sms,twilio,INVALID_TEMPLATE,invalid_template,4,FAILED,2026-04-25T08:48:55.599Z
notif-223,sms,twilio,EXPIRED_TOKEN,expired_token,5,FAILED,2026-03-29T08:06:55.599Z
notif-224,sms,twilio,INVALID_RECIPIENT,invalid_recipient,1,FAILED,2026-05-14T09:51:55.599Z
notif-225,email,nodemailer,EXPIRED_TOKEN,expired_token,4,DLQ,2026-04-19T11:05:55.599Z
notif-226,in_app,in_app,DND_BLOCKED,dnd_blocked,5,DLQ,2026-05-11T10:54:55.599Z
notif-227,push,fcm,EXPIRED_TOKEN,expired_token,3,FAILED,2026-03-27T19:09:55.599Z
notif-228,push,fcm,NETWORK_ERROR,network_error,2,FAILED,2026-03-28T08:14:55.599Z
notif-229,in_app,in_app,NETWORK_ERROR,network_error,5,FAILED,2026-06-08T10:35:55.599Z
notif-230,in_app,in_app,NETWORK_ERROR,network_error,3,FAILED,2026-04-03T08:16:55.599Z
notif-231,in_app,in_app,INVALID_RECIPIENT,invalid_recipient,4,FAILED,2026-06-01T19:09:55.599Z
notif-232,push,fcm,NETWORK_ERROR,network_error,2,FAILED,2026-06-09T19:09:55.599Z
notif-233,email,nodemailer,NETWORK_ERROR,network_error,4,DLQ,2026-05-07T11:19:55.599Z
notif-234,in_app,in_app,DND_BLOCKED,dnd_blocked,4,DLQ,2026-06-05T11:53:55.599Z
notif-235,whatsapp,whatsapp_cloud,RATE_LIMITED,rate_limited,5,DLQ,2026-06-03T11:31:55.599Z
notif-236,whatsapp,whatsapp_cloud,RATE_LIMITED,rate_limited,5,DLQ,2026-06-01T13:27:55.599Z
notif-237,push,fcm,RATE_LIMITED,rate_limited,5,FAILED,2026-04-29T09:33:55.599Z
notif-238,in_app,in_app,NETWORK_ERROR,network_error,3,FAILED,2026-04-23T09:05:55.599Z
notif-239,sms,msg91,EXPIRED_TOKEN,expired_token,5,FAILED,2026-04-26T12:57:55.599Z
notif-240,email,nodemailer,INVALID_TEMPLATE,invalid_template,2,DLQ,2026-05-03T19:09:55.599Z
notif-241,sms,msg91,RATE_LIMITED,rate_limited,4,FAILED,2026-04-29T19:09:55.599Z
notif-242,email,nodemailer,RATE_LIMITED,rate_limited,3,FAILED,2026-05-02T11:26:55.599Z
notif-243,push,fcm,INVALID_TEMPLATE,invalid_template,3,FAILED,2026-06-15T09:13:55.599Z
notif-244,whatsapp,whatsapp_cloud,PROVIDER_TIMEOUT,provider_timeout,2,FAILED,2026-06-01T11:21:55.599Z
notif-245,email,nodemailer,DND_BLOCKED,dnd_blocked,4,FAILED,2026-06-11T19:09:55.599Z
notif-246,sms,twilio,EXPIRED_TOKEN,expired_token,4,FAILED,2026-06-01T09:45:55.599Z
notif-247,push,fcm,NETWORK_ERROR,network_error,4,FAILED,2026-04-04T19:09:55.599Z
notif-248,email,nodemailer,RATE_LIMITED,rate_limited,3,DLQ,2026-05-07T13:06:55.599Z
notif-249,whatsapp,whatsapp_cloud,DND_BLOCKED,dnd_blocked,2,FAILED,2026-05-17T10:26:55.599Z
notif-250,push,fcm,EXPIRED_TOKEN,expired_token,4,FAILED,2026-05-30T10:52:55.599Z
notif-251,in_app,in_app,DND_BLOCKED,dnd_blocked,1,FAILED,2026-05-21T13:11:55.599Z
notif-252,in_app,in_app,INVALID_TEMPLATE,invalid_template,4,FAILED,2026-04-20T11:17:55.599Z
notif-253,email,nodemailer,NETWORK_ERROR,network_error,5,FAILED,2026-05-21T19:09:55.599Z
notif-254,sms,twilio,DND_BLOCKED,dnd_blocked,2,FAILED,2026-05-14T09:09:55.599Z
notif-255,in_app,in_app,RATE_LIMITED,rate_limited,4,DLQ,2026-05-10T08:43:55.599Z
notif-256,email,nodemailer,PROVIDER_TIMEOUT,provider_timeout,1,DLQ,2026-05-09T09:05:55.599Z
notif-257,push,fcm,PROVIDER_TIMEOUT,provider_timeout,3,FAILED,2026-03-21T11:40:55.599Z
notif-258,push,fcm,DND_BLOCKED,dnd_blocked,1,FAILED,2026-04-01T10:03:55.599Z
notif-259,in_app,in_app,INVALID_TEMPLATE,invalid_template,3,FAILED,2026-05-02T09:13:55.599Z
notif-260,in_app,in_app,EXPIRED_TOKEN,expired_token,3,FAILED,2026-05-28T19:09:55.599Z
notif-261,in_app,in_app,DND_BLOCKED,dnd_blocked,1,FAILED,2026-04-23T11:33:55.599Z
notif-262,whatsapp,whatsapp_cloud,RATE_LIMITED,rate_limited,2,FAILED,2026-04-15T19:09:55.599Z
notif-263,sms,msg91,EXPIRED_TOKEN,expired_token,4,FAILED,2026-05-27T19:09:55.599Z
notif-264,email,nodemailer,NETWORK_ERROR,network_error,1,FAILED,2026-04-15T13:50:55.599Z
notif-265,push,fcm,DND_BLOCKED,dnd_blocked,5,FAILED,2026-06-09T12:48:55.599Z
notif-266,push,fcm,INVALID_RECIPIENT,invalid_recipient,1,FAILED,2026-05-16T12:15:55.599Z
notif-267,email,nodemailer,INVALID_TEMPLATE,invalid_template,2,FAILED,2026-04-30T13:38:55.599Z
notif-268,in_app,in_app,DND_BLOCKED,dnd_blocked,5,FAILED,2026-05-30T19:09:55.599Z
notif-269,push,fcm,NETWORK_ERROR,network_error,5,FAILED,2026-04-08T10:30:55.599Z
notif-270,push,fcm,PROVIDER_TIMEOUT,provider_timeout,2,FAILED,2026-04-14T08:24:55.599Z
notif-271,push,fcm,INVALID_RECIPIENT,invalid_recipient,4,DLQ,2026-05-18T12:37:55.599Z
notif-272,push,fcm,EXPIRED_TOKEN,expired_token,1,FAILED,2026-05-23T08:11:55.599Z
notif-273,push,fcm,RATE_LIMITED,rate_limited,5,FAILED,2026-05-23T12:39:55.599Z
notif-274,whatsapp,whatsapp_cloud,INVALID_TEMPLATE,invalid_template,3,FAILED,2026-05-30T09:16:55.599Z
notif-275,sms,twilio,INVALID_RECIPIENT,invalid_recipient,1,FAILED,2026-05-24T10:30:55.599Z
notif-276,email,nodemailer,INVALID_TEMPLATE,invalid_template,3,FAILED,2026-03-24T13:45:55.599Z
notif-277,in_app,in_app,EXPIRED_TOKEN,expired_token,5,DLQ,2026-05-20T09:28:55.599Z
notif-278,email,nodemailer,RATE_LIMITED,rate_limited,5,FAILED,2026-05-01T13:35:55.599Z
notif-279,in_app,in_app,EXPIRED_TOKEN,expired_token,5,FAILED,2026-05-22T08:29:55.599Z
notif-280,whatsapp,whatsapp_cloud,INVALID_TEMPLATE,invalid_template,3,DLQ,2026-04-05T12:23:55.599Z
notif-281,push,fcm,EXPIRED_TOKEN,expired_token,1,DLQ,2026-04-27T10:34:55.599Z
notif-282,whatsapp,whatsapp_cloud,INVALID_TEMPLATE,invalid_template,1,FAILED,2026-06-03T12:17:55.599Z
notif-283,sms,msg91,PROVIDER_TIMEOUT,provider_timeout,1,DLQ,2026-04-13T12:44:55.599Z
notif-284,in_app,in_app,NETWORK_ERROR,network_error,5,DLQ,2026-05-27T08:03:55.599Z
notif-285,whatsapp,whatsapp_cloud,EXPIRED_TOKEN,expired_token,1,FAILED,2026-06-13T19:09:55.599Z
notif-286,in_app,in_app,DND_BLOCKED,dnd_blocked,5,DLQ,2026-05-26T11:14:55.599Z
notif-287,in_app,in_app,INVALID_RECIPIENT,invalid_recipient,1,FAILED,2026-04-08T10:49:55.599Z
notif-288,in_app,in_app,RATE_LIMITED,rate_limited,2,FAILED,2026-05-05T09:16:55.599Z
notif-289,email,nodemailer,PROVIDER_TIMEOUT,provider_timeout,4,FAILED,2026-05-24T11:40:55.599Z
notif-290,in_app,in_app,RATE_LIMITED,rate_limited,3,DLQ,2026-04-10T13:07:55.599Z
notif-291,in_app,in_app,INVALID_RECIPIENT,invalid_recipient,3,DLQ,2026-03-27T10:47:55.600Z
notif-292,sms,msg91,EXPIRED_TOKEN,expired_token,3,FAILED,2026-03-21T10:22:55.600Z
notif-293,in_app,in_app,INVALID_RECIPIENT,invalid_recipient,2,DLQ,2026-06-02T11:25:55.600Z
notif-294,in_app,in_app,NETWORK_ERROR,network_error,3,DLQ,2026-03-26T08:30:55.600Z
notif-295,push,fcm,RATE_LIMITED,rate_limited,4,FAILED,2026-05-04T12:59:55.600Z
notif-296,push,fcm,EXPIRED_TOKEN,expired_token,3,FAILED,2026-06-08T08:36:55.600Z
notif-297,push,fcm,NETWORK_ERROR,network_error,2,FAILED,2026-05-18T08:45:55.600Z
notif-298,in_app,in_app,EXPIRED_TOKEN,expired_token,4,FAILED,2026-04-15T10:29:55.600Z
notif-299,whatsapp,whatsapp_cloud,NETWORK_ERROR,network_error,5,FAILED,2026-05-29T13:01:55.600Z
notif-300,sms,twilio,PROVIDER_TIMEOUT,provider_timeout,2,DLQ,2026-06-13T08:41:55.600Z
notif-301,push,fcm,INVALID_TEMPLATE,invalid_template,4,FAILED,2026-06-10T13:48:55.600Z
notif-302,push,fcm,PROVIDER_TIMEOUT,provider_timeout,2,FAILED,2026-05-30T19:09:55.600Z
notif-303,in_app,in_app,INVALID_TEMPLATE,invalid_template,1,FAILED,2026-05-15T11:56:55.600Z
notif-304,email,nodemailer,RATE_LIMITED,rate_limited,5,DLQ,2026-05-22T08:26:55.600Z
notif-305,in_app,in_app,DND_BLOCKED,dnd_blocked,3,FAILED,2026-03-22T11:40:55.600Z
notif-306,in_app,in_app,NETWORK_ERROR,network_error,4,DLQ,2026-06-06T12:16:55.600Z
notif-307,in_app,in_app,EXPIRED_TOKEN,expired_token,5,DLQ,2026-04-26T08:49:55.600Z
notif-308,push,fcm,RATE_LIMITED,rate_limited,3,FAILED,2026-04-22T08:38:55.600Z
notif-309,sms,twilio,EXPIRED_TOKEN,expired_token,1,FAILED,2026-06-03T08:49:55.600Z
notif-310,push,fcm,INVALID_TEMPLATE,invalid_template,5,FAILED,2026-03-26T19:09:55.600Z
notif-311,in_app,in_app,INVALID_TEMPLATE,invalid_template,1,FAILED,2026-05-15T10:35:55.600Z
notif-312,in_app,in_app,EXPIRED_TOKEN,expired_token,4,FAILED,2026-04-06T09:25:55.600Z
notif-313,email,nodemailer,PROVIDER_TIMEOUT,provider_timeout,5,DLQ,2026-06-10T10:56:55.600Z
notif-314,push,fcm,NETWORK_ERROR,network_error,3,DLQ,2026-04-30T12:02:55.600Z
notif-315,push,fcm,INVALID_RECIPIENT,invalid_recipient,5,FAILED,2026-05-29T11:29:55.600Z
notif-316,whatsapp,whatsapp_cloud,INVALID_RECIPIENT,invalid_recipient,5,FAILED,2026-04-21T12:59:55.600Z
notif-317,in_app,in_app,PROVIDER_TIMEOUT,provider_timeout,1,FAILED,2026-05-12T08:43:55.600Z
notif-318,in_app,in_app,INVALID_RECIPIENT,invalid_recipient,1,FAILED,2026-04-07T10:41:55.600Z
notif-319,email,nodemailer,PROVIDER_TIMEOUT,provider_timeout,5,FAILED,2026-05-01T08:41:55.600Z
notif-320,email,nodemailer,PROVIDER_TIMEOUT,provider_timeout,5,DLQ,2026-05-12T19:09:55.600Z
notif-321,email,nodemailer,EXPIRED_TOKEN,expired_token,3,FAILED,2026-05-18T19:09:55.600Z
notif-322,whatsapp,whatsapp_cloud,EXPIRED_TOKEN,expired_token,1,FAILED,2026-04-01T09:00:55.600Z
notif-323,push,fcm,NETWORK_ERROR,network_error,2,FAILED,2026-04-30T13:24:55.600Z
notif-324,push,fcm,PROVIDER_TIMEOUT,provider_timeout,2,FAILED,2026-03-19T19:09:55.600Z
notif-325,push,fcm,INVALID_RECIPIENT,invalid_recipient,3,FAILED,2026-03-23T12:30:55.600Z
notif-326,in_app,in_app,NETWORK_ERROR,network_error,2,FAILED,2026-03-29T08:37:55.600Z
notif-327,sms,twilio,DND_BLOCKED,dnd_blocked,5,FAILED,2026-04-07T11:18:55.600Z
notif-328,sms,twilio,PROVIDER_TIMEOUT,provider_timeout,2,FAILED,2026-05-19T19:09:55.600Z
notif-329,whatsapp,whatsapp_cloud,NETWORK_ERROR,network_error,2,FAILED,2026-04-28T11:19:55.600Z
notif-330,in_app,in_app,INVALID_RECIPIENT,invalid_recipient,1,DLQ,2026-05-03T12:48:55.600Z
notif-331,in_app,in_app,RATE_LIMITED,rate_limited,4,DLQ,2026-04-27T19:09:55.600Z
notif-332,email,nodemailer,RATE_LIMITED,rate_limited,3,FAILED,2026-06-08T19:09:55.600Z
notif-333,whatsapp,whatsapp_cloud,INVALID_RECIPIENT,invalid_recipient,3,FAILED,2026-05-15T08:01:55.600Z
notif-334,in_app,in_app,RATE_LIMITED,rate_limited,3,FAILED,2026-03-30T10:15:55.600Z
notif-335,sms,twilio,NETWORK_ERROR,network_error,4,FAILED,2026-04-08T10:36:55.600Z
notif-336,sms,twilio,INVALID_TEMPLATE,invalid_template,1,FAILED,2026-03-28T12:19:55.600Z
notif-337,email,nodemailer,DND_BLOCKED,dnd_blocked,4,DLQ,2026-04-20T19:09:55.600Z
notif-338,whatsapp,whatsapp_cloud,EXPIRED_TOKEN,expired_token,4,FAILED,2026-05-05T13:11:55.600Z
notif-339,in_app,in_app,INVALID_TEMPLATE,invalid_template,5,DLQ,2026-04-01T11:33:55.600Z
notif-340,in_app,in_app,EXPIRED_TOKEN,expired_token,3,FAILED,2026-05-07T12:56:55.600Z
notif-341,email,nodemailer,RATE_LIMITED,rate_limited,1,DLQ,2026-06-04T10:03:55.600Z
notif-342,email,nodemailer,DND_BLOCKED,dnd_blocked,1,DLQ,2026-04-05T09:34:55.600Z
notif-343,whatsapp,whatsapp_cloud,NETWORK_ERROR,network_error,2,DLQ,2026-04-29T08:23:55.600Z
notif-344,whatsapp,whatsapp_cloud,NETWORK_ERROR,network_error,5,FAILED,2026-05-22T10:42:55.600Z
notif-345,whatsapp,whatsapp_cloud,INVALID_RECIPIENT,invalid_recipient,5,FAILED,2026-05-18T13:29:55.600Z
notif-346,email,nodemailer,PROVIDER_TIMEOUT,provider_timeout,1,FAILED,2026-06-02T09:19:55.600Z
notif-347,email,nodemailer,RATE_LIMITED,rate_limited,2,DLQ,2026-06-04T13:57:55.600Z
notif-348,whatsapp,whatsapp_cloud,INVALID_TEMPLATE,invalid_template,3,FAILED,2026-06-01T08:17:55.600Z
notif-349,whatsapp,whatsapp_cloud,PROVIDER_TIMEOUT,provider_timeout,5,DLQ,2026-06-15T09:19:55.600Z
notif-350,in_app,in_app,NETWORK_ERROR,network_error,2,FAILED,2026-06-11T12:16:55.600Z
notif-351,sms,twilio,INVALID_TEMPLATE,invalid_template,1,FAILED,2026-05-25T19:09:55.600Z
notif-352,whatsapp,whatsapp_cloud,NETWORK_ERROR,network_error,1,FAILED,2026-05-20T13:50:55.600Z
notif-353,push,fcm,EXPIRED_TOKEN,expired_token,5,FAILED,2026-04-08T19:09:55.600Z
notif-354,email,nodemailer,EXPIRED_TOKEN,expired_token,5,FAILED,2026-04-20T11:18:55.600Z
notif-355,sms,msg91,INVALID_RECIPIENT,invalid_recipient,2,DLQ,2026-06-03T11:30:55.600Z
notif-356,whatsapp,whatsapp_cloud,INVALID_RECIPIENT,invalid_recipient,3,DLQ,2026-04-19T10:44:55.600Z
notif-357,sms,twilio,RATE_LIMITED,rate_limited,3,DLQ,2026-03-21T11:03:55.600Z
notif-358,in_app,in_app,RATE_LIMITED,rate_limited,4,FAILED,2026-04-12T10:23:55.600Z
notif-359,sms,msg91,INVALID_TEMPLATE,invalid_template,5,FAILED,2026-04-01T13:17:55.600Z
notif-360,in_app,in_app,PROVIDER_TIMEOUT,provider_timeout,4,FAILED,2026-06-10T12:51:55.600Z
notif-361,email,nodemailer,DND_BLOCKED,dnd_blocked,2,FAILED,2026-04-15T12:39:55.600Z
notif-362,in_app,in_app,EXPIRED_TOKEN,expired_token,5,FAILED,2026-04-16T08:01:55.600Z
notif-363,sms,msg91,DND_BLOCKED,dnd_blocked,3,FAILED,2026-04-05T08:29:55.600Z
notif-364,sms,msg91,EXPIRED_TOKEN,expired_token,5,FAILED,2026-06-11T09:49:55.600Z
notif-365,sms,msg91,NETWORK_ERROR,network_error,5,DLQ,2026-03-30T12:17:55.600Z
notif-366,push,fcm,INVALID_TEMPLATE,invalid_template,1,DLQ,2026-05-05T09:48:55.600Z
notif-367,sms,twilio,INVALID_TEMPLATE,invalid_template,3,FAILED,2026-05-07T12:31:55.600Z
notif-368,in_app,in_app,NETWORK_ERROR,network_error,2,DLQ,2026-06-13T19:09:55.600Z
notif-369,sms,twilio,INVALID_RECIPIENT,invalid_recipient,2,FAILED,2026-06-06T11:16:55.600Z
notif-370,in_app,in_app,PROVIDER_TIMEOUT,provider_timeout,4,FAILED,2026-05-31T19:09:55.600Z
notif-371,email,nodemailer,RATE_LIMITED,rate_limited,1,FAILED,2026-04-14T10:34:55.600Z
notif-372,sms,msg91,NETWORK_ERROR,network_error,4,FAILED,2026-06-08T10:15:55.600Z
notif-373,push,fcm,PROVIDER_TIMEOUT,provider_timeout,4,FAILED,2026-05-23T13:41:55.600Z
notif-374,whatsapp,whatsapp_cloud,INVALID_RECIPIENT,invalid_recipient,5,FAILED,2026-05-18T12:06:55.600Z
notif-375,sms,twilio,DND_BLOCKED,dnd_blocked,2,FAILED,2026-06-08T19:09:55.600Z
notif-376,whatsapp,whatsapp_cloud,INVALID_TEMPLATE,invalid_template,1,DLQ,2026-06-09T12:23:55.600Z
notif-377,in_app,in_app,NETWORK_ERROR,network_error,3,FAILED,2026-05-18T09:56:55.600Z
notif-378,whatsapp,whatsapp_cloud,INVALID_RECIPIENT,invalid_recipient,2,FAILED,2026-03-29T12:09:55.600Z
notif-379,in_app,in_app,RATE_LIMITED,rate_limited,5,FAILED,2026-05-18T11:21:55.600Z
notif-380,whatsapp,whatsapp_cloud,RATE_LIMITED,rate_limited,4,DLQ,2026-04-18T11:17:55.600Z
notif-381,email,nodemailer,RATE_LIMITED,rate_limited,3,DLQ,2026-04-18T10:08:55.600Z
notif-382,sms,msg91,INVALID_TEMPLATE,invalid_template,3,FAILED,2026-03-24T13:51:55.600Z
notif-383,sms,msg91,NETWORK_ERROR,network_error,2,FAILED,2026-06-12T08:37:55.600Z
notif-384,whatsapp,whatsapp_cloud,EXPIRED_TOKEN,expired_token,1,DLQ,2026-04-16T19:09:55.600Z
notif-385,push,fcm,INVALID_TEMPLATE,invalid_template,3,FAILED,2026-04-19T10:29:55.600Z
notif-386,in_app,in_app,INVALID_RECIPIENT,invalid_recipient,4,FAILED,2026-06-14T19:09:55.600Z
notif-387,push,fcm,PROVIDER_TIMEOUT,provider_timeout,1,DLQ,2026-04-13T09:19:55.600Z
notif-388,sms,twilio,EXPIRED_TOKEN,expired_token,5,FAILED,2026-06-14T09:09:55.600Z
notif-389,whatsapp,whatsapp_cloud,RATE_LIMITED,rate_limited,5,FAILED,2026-06-09T09:24:55.600Z
notif-390,in_app,in_app,PROVIDER_TIMEOUT,provider_timeout,5,FAILED,2026-05-30T13:28:55.600Z
notif-391,in_app,in_app,NETWORK_ERROR,network_error,2,DLQ,2026-03-22T11:03:55.600Z
notif-392,in_app,in_app,INVALID_RECIPIENT,invalid_recipient,4,FAILED,2026-04-24T08:42:55.600Z
notif-393,sms,twilio,PROVIDER_TIMEOUT,provider_timeout,5,DLQ,2026-04-08T08:48:55.600Z
notif-394,sms,twilio,INVALID_TEMPLATE,invalid_template,2,FAILED,2026-04-11T08:16:55.600Z
notif-395,sms,msg91,INVALID_RECIPIENT,invalid_recipient,1,FAILED,2026-05-28T08:04:55.600Z
notif-396,push,fcm,NETWORK_ERROR,network_error,5,FAILED,2026-04-22T13:14:55.600Z
notif-397,email,nodemailer,EXPIRED_TOKEN,expired_token,1,FAILED,2026-05-21T19:09:55.600Z
notif-398,sms,twilio,PROVIDER_TIMEOUT,provider_timeout,5,FAILED,2026-03-19T11:08:55.600Z
notif-399,whatsapp,whatsapp_cloud,RATE_LIMITED,rate_limited,4,DLQ,2026-05-29T10:50:55.600Z
notif-400,email,nodemailer,INVALID_RECIPIENT,invalid_recipient,2,DLQ,2026-05-19T12:56:55.600Z
notif-401,in_app,in_app,RATE_LIMITED,rate_limited,3,FAILED,2026-05-22T11:50:55.600Z
notif-402,email,nodemailer,INVALID_TEMPLATE,invalid_template,5,FAILED,2026-05-25T11:45:55.600Z
notif-403,push,fcm,INVALID_RECIPIENT,invalid_recipient,4,DLQ,2026-03-30T10:31:55.600Z
notif-404,whatsapp,whatsapp_cloud,INVALID_TEMPLATE,invalid_template,5,DLQ,2026-05-08T19:09:55.600Z
notif-405,push,fcm,NETWORK_ERROR,network_error,4,DLQ,2026-05-03T19:09:55.600Z
notif-406,in_app,in_app,NETWORK_ERROR,network_error,4,FAILED,2026-05-07T10:55:55.600Z
notif-407,email,nodemailer,INVALID_TEMPLATE,invalid_template,5,DLQ,2026-05-12T19:09:55.600Z
notif-408,email,nodemailer,INVALID_RECIPIENT,invalid_recipient,1,FAILED,2026-04-17T11:08:55.600Z
notif-409,sms,msg91,EXPIRED_TOKEN,expired_token,2,FAILED,2026-05-26T08:49:55.600Z
notif-410,push,fcm,INVALID_RECIPIENT,invalid_recipient,2,FAILED,2026-04-15T08:10:55.600Z
notif-411,push,fcm,PROVIDER_TIMEOUT,provider_timeout,1,FAILED,2026-03-20T12:05:55.600Z
notif-412,sms,twilio,RATE_LIMITED,rate_limited,5,FAILED,2026-05-28T09:12:55.600Z
notif-413,push,fcm,INVALID_TEMPLATE,invalid_template,5,FAILED,2026-05-17T08:55:55.600Z
notif-414,push,fcm,NETWORK_ERROR,network_error,3,FAILED,2026-03-18T13:49:55.600Z
notif-415,whatsapp,whatsapp_cloud,DND_BLOCKED,dnd_blocked,3,FAILED,2026-05-19T12:20:55.600Z
notif-416,sms,twilio,EXPIRED_TOKEN,expired_token,5,DLQ,2026-03-23T19:09:55.600Z
notif-417,email,nodemailer,PROVIDER_TIMEOUT,provider_timeout,4,FAILED,2026-03-28T10:55:55.600Z
notif-418,whatsapp,whatsapp_cloud,PROVIDER_TIMEOUT,provider_timeout,1,FAILED,2026-03-21T19:09:55.600Z
notif-419,sms,msg91,EXPIRED_TOKEN,expired_token,5,FAILED,2026-06-06T10:25:55.600Z
notif-420,push,fcm,DND_BLOCKED,dnd_blocked,1,FAILED,2026-04-16T10:13:55.600Z
notif-421,sms,msg91,RATE_LIMITED,rate_limited,3,DLQ,2026-06-01T09:43:55.600Z
notif-422,in_app,in_app,INVALID_TEMPLATE,invalid_template,3,DLQ,2026-05-20T12:35:55.600Z
notif-423,email,nodemailer,RATE_LIMITED,rate_limited,1,FAILED,2026-06-11T19:09:55.600Z
notif-424,sms,twilio,EXPIRED_TOKEN,expired_token,2,DLQ,2026-04-01T19:09:55.600Z
notif-425,email,nodemailer,INVALID_RECIPIENT,invalid_recipient,5,FAILED,2026-05-08T11:52:55.600Z
notif-426,push,fcm,NETWORK_ERROR,network_error,2,FAILED,2026-04-01T12:46:55.600Z
notif-427,push,fcm,DND_BLOCKED,dnd_blocked,2,DLQ,2026-05-19T08:48:55.600Z
notif-428,push,fcm,RATE_LIMITED,rate_limited,3,FAILED,2026-04-14T12:30:55.600Z
notif-429,email,nodemailer,RATE_LIMITED,rate_limited,1,DLQ,2026-05-07T08:19:55.600Z
notif-430,whatsapp,whatsapp_cloud,INVALID_RECIPIENT,invalid_recipient,5,FAILED,2026-03-22T08:41:55.600Z
notif-431,whatsapp,whatsapp_cloud,INVALID_RECIPIENT,invalid_recipient,4,FAILED,2026-06-13T11:03:55.600Z
notif-432,sms,msg91,INVALID_TEMPLATE,invalid_template,3,DLQ,2026-04-15T08:48:55.600Z
notif-433,whatsapp,whatsapp_cloud,INVALID_TEMPLATE,invalid_template,3,FAILED,2026-05-04T08:09:55.600Z
notif-434,push,fcm,DND_BLOCKED,dnd_blocked,2,FAILED,2026-04-17T19:09:55.600Z
notif-435,whatsapp,whatsapp_cloud,EXPIRED_TOKEN,expired_token,3,FAILED,2026-03-25T11:35:55.600Z
notif-436,in_app,in_app,RATE_LIMITED,rate_limited,2,FAILED,2026-04-16T19:09:55.600Z
notif-437,email,nodemailer,PROVIDER_TIMEOUT,provider_timeout,2,FAILED,2026-03-25T09:13:55.600Z
notif-438,sms,twilio,EXPIRED_TOKEN,expired_token,5,FAILED,2026-04-08T19:09:55.600Z
notif-439,in_app,in_app,INVALID_TEMPLATE,invalid_template,2,FAILED,2026-05-12T09:26:55.600Z
notif-440,whatsapp,whatsapp_cloud,NETWORK_ERROR,network_error,1,FAILED,2026-04-13T11:28:55.600Z
notif-441,push,fcm,RATE_LIMITED,rate_limited,1,FAILED,2026-05-04T08:21:55.600Z
notif-442,push,fcm,RATE_LIMITED,rate_limited,1,FAILED,2026-06-10T11:35:55.600Z
notif-443,whatsapp,whatsapp_cloud,RATE_LIMITED,rate_limited,3,FAILED,2026-04-02T08:13:55.600Z
notif-444,whatsapp,whatsapp_cloud,NETWORK_ERROR,network_error,2,FAILED,2026-05-23T11:07:55.600Z
notif-445,in_app,in_app,EXPIRED_TOKEN,expired_token,3,FAILED,2026-04-24T12:34:55.600Z
notif-446,email,nodemailer,INVALID_RECIPIENT,invalid_recipient,5,FAILED,2026-05-11T10:49:55.600Z
notif-447,sms,twilio,DND_BLOCKED,dnd_blocked,4,FAILED,2026-06-15T08:41:55.600Z
notif-448,sms,msg91,INVALID_RECIPIENT,invalid_recipient,1,FAILED,2026-04-06T09:50:55.600Z
notif-449,push,fcm,EXPIRED_TOKEN,expired_token,1,FAILED,2026-05-14T12:31:55.600Z
notif-450,in_app,in_app,DND_BLOCKED,dnd_blocked,1,FAILED,2026-03-19T13:22:55.600Z
notif-451,in_app,in_app,DND_BLOCKED,dnd_blocked,4,DLQ,2026-05-14T19:09:55.600Z
notif-452,whatsapp,whatsapp_cloud,DND_BLOCKED,dnd_blocked,1,DLQ,2026-05-22T12:29:55.600Z
notif-453,whatsapp,whatsapp_cloud,DND_BLOCKED,dnd_blocked,5,FAILED,2026-04-22T08:16:55.600Z
notif-454,email,nodemailer,EXPIRED_TOKEN,expired_token,1,FAILED,2026-06-01T10:14:55.600Z
notif-455,sms,msg91,NETWORK_ERROR,network_error,1,FAILED,2026-04-12T10:48:55.600Z
notif-456,whatsapp,whatsapp_cloud,NETWORK_ERROR,network_error,1,DLQ,2026-05-28T12:58:55.600Z
notif-457,push,fcm,EXPIRED_TOKEN,expired_token,4,DLQ,2026-06-10T19:09:55.600Z
notif-458,whatsapp,whatsapp_cloud,DND_BLOCKED,dnd_blocked,3,FAILED,2026-05-27T13:30:55.600Z
notif-459,whatsapp,whatsapp_cloud,PROVIDER_TIMEOUT,provider_timeout,4,FAILED,2026-06-09T08:36:55.600Z
notif-460,in_app,in_app,INVALID_TEMPLATE,invalid_template,3,DLQ,2026-06-05T11:44:55.600Z
notif-461,sms,msg91,PROVIDER_TIMEOUT,provider_timeout,2,FAILED,2026-03-31T19:09:55.600Z
notif-462,push,fcm,PROVIDER_TIMEOUT,provider_timeout,1,FAILED,2026-04-23T19:09:55.600Z
notif-463,email,nodemailer,INVALID_RECIPIENT,invalid_recipient,5,FAILED,2026-04-06T11:32:55.600Z
notif-464,whatsapp,whatsapp_cloud,EXPIRED_TOKEN,expired_token,1,FAILED,2026-03-20T10:47:55.600Z
notif-465,sms,msg91,NETWORK_ERROR,network_error,2,DLQ,2026-04-04T10:10:55.600Z
notif-466,in_app,in_app,INVALID_RECIPIENT,invalid_recipient,5,FAILED,2026-03-21T10:54:55.600Z
notif-467,sms,twilio,INVALID_TEMPLATE,invalid_template,2,DLQ,2026-04-27T12:43:55.600Z
notif-468,in_app,in_app,INVALID_TEMPLATE,invalid_template,3,FAILED,2026-03-31T10:21:55.600Z
notif-469,in_app,in_app,INVALID_RECIPIENT,invalid_recipient,1,DLQ,2026-05-23T09:20:55.600Z
notif-470,whatsapp,whatsapp_cloud,DND_BLOCKED,dnd_blocked,3,FAILED,2026-03-21T10:48:55.600Z
notif-471,sms,twilio,DND_BLOCKED,dnd_blocked,4,DLQ,2026-03-31T19:09:55.600Z
notif-472,whatsapp,whatsapp_cloud,EXPIRED_TOKEN,expired_token,3,DLQ,2026-06-02T13:57:55.600Z
notif-473,push,fcm,INVALID_RECIPIENT,invalid_recipient,4,FAILED,2026-03-26T10:04:55.600Z
notif-474,in_app,in_app,NETWORK_ERROR,network_error,1,FAILED,2026-05-23T19:09:55.600Z
notif-475,sms,twilio,EXPIRED_TOKEN,expired_token,1,FAILED,2026-04-17T13:24:55.600Z
notif-476,in_app,in_app,NETWORK_ERROR,network_error,4,FAILED,2026-03-24T09:19:55.600Z
notif-477,in_app,in_app,DND_BLOCKED,dnd_blocked,1,FAILED,2026-04-09T13:28:55.600Z
notif-478,whatsapp,whatsapp_cloud,INVALID_TEMPLATE,invalid_template,2,FAILED,2026-05-02T12:44:55.600Z
notif-479,sms,twilio,PROVIDER_TIMEOUT,provider_timeout,1,FAILED,2026-06-05T10:14:55.600Z
notif-480,push,fcm,PROVIDER_TIMEOUT,provider_timeout,4,FAILED,2026-05-20T09:21:55.600Z
notif-481,whatsapp,whatsapp_cloud,INVALID_RECIPIENT,invalid_recipient,4,FAILED,2026-06-11T10:36:55.600Z
notif-482,in_app,in_app,RATE_LIMITED,rate_limited,3,DLQ,2026-06-14T12:54:55.600Z
notif-483,in_app,in_app,DND_BLOCKED,dnd_blocked,1,DLQ,2026-04-24T12:05:55.600Z
notif-484,sms,msg91,EXPIRED_TOKEN,expired_token,2,FAILED,2026-05-01T19:09:55.600Z
notif-485,sms,twilio,NETWORK_ERROR,network_error,1,FAILED,2026-04-29T19:09:55.600Z
notif-486,in_app,in_app,INVALID_RECIPIENT,invalid_recipient,2,DLQ,2026-04-11T09:20:55.600Z
notif-487,sms,msg91,INVALID_TEMPLATE,invalid_template,3,FAILED,2026-04-04T11:27:55.600Z
notif-488,email,nodemailer,EXPIRED_TOKEN,expired_token,1,FAILED,2026-04-15T19:09:55.600Z
notif-489,whatsapp,whatsapp_cloud,RATE_LIMITED,rate_limited,5,FAILED,2026-05-18T12:01:55.600Z
notif-490,in_app,in_app,NETWORK_ERROR,network_error,2,DLQ,2026-04-12T09:22:55.600Z
notif-491,in_app,in_app,INVALID_TEMPLATE,invalid_template,2,FAILED,2026-05-13T09:15:55.600Z
notif-492,whatsapp,whatsapp_cloud,RATE_LIMITED,rate_limited,5,FAILED,2026-05-10T09:58:55.600Z
notif-493,whatsapp,whatsapp_cloud,RATE_LIMITED,rate_limited,1,FAILED,2026-06-06T10:24:55.600Z
notif-494,email,nodemailer,PROVIDER_TIMEOUT,provider_timeout,3,FAILED,2026-04-21T10:19:55.600Z
notif-495,push,fcm,INVALID_RECIPIENT,invalid_recipient,1,DLQ,2026-03-26T08:18:55.600Z
notif-496,email,nodemailer,INVALID_RECIPIENT,invalid_recipient,4,FAILED,2026-03-20T11:52:55.600Z
notif-497,in_app,in_app,NETWORK_ERROR,network_error,1,DLQ,2026-05-28T11:27:55.600Z
notif-498,email,nodemailer,RATE_LIMITED,rate_limited,3,FAILED,2026-03-29T11:54:55.600Z
notif-499,email,nodemailer,PROVIDER_TIMEOUT,provider_timeout,5,FAILED,2026-04-05T19:09:55.600Z
notif-500,email,nodemailer,PROVIDER_TIMEOUT,provider_timeout,1,FAILED,2026-06-03T13:38:55.600Z
notif-501,whatsapp,whatsapp_cloud,NETWORK_ERROR,network_error,5,FAILED,2026-05-08T09:20:55.600Z
notif-502,in_app,in_app,EXPIRED_TOKEN,expired_token,4,FAILED,2026-05-10T19:09:55.600Z
notif-503,in_app,in_app,INVALID_RECIPIENT,invalid_recipient,1,FAILED,2026-06-05T11:47:55.600Z
notif-504,whatsapp,whatsapp_cloud,PROVIDER_TIMEOUT,provider_timeout,3,FAILED,2026-05-09T13:03:55.600Z
notif-505,in_app,in_app,DND_BLOCKED,dnd_blocked,4,DLQ,2026-04-27T08:09:55.600Z
notif-506,push,fcm,NETWORK_ERROR,network_error,4,FAILED,2026-04-29T12:50:55.600Z
notif-507,sms,msg91,NETWORK_ERROR,network_error,3,FAILED,2026-05-01T10:26:55.600Z
notif-508,in_app,in_app,INVALID_TEMPLATE,invalid_template,1,DLQ,2026-04-04T19:09:55.600Z
notif-509,sms,msg91,INVALID_TEMPLATE,invalid_template,1,FAILED,2026-05-11T13:26:55.600Z
notif-510,push,fcm,INVALID_TEMPLATE,invalid_template,1,DLQ,2026-03-22T12:50:55.600Z
notif-511,email,nodemailer,PROVIDER_TIMEOUT,provider_timeout,4,DLQ,2026-06-03T11:47:55.600Z
notif-512,in_app,in_app,RATE_LIMITED,rate_limited,4,FAILED,2026-06-13T12:31:55.600Z
notif-513,push,fcm,PROVIDER_TIMEOUT,provider_timeout,4,FAILED,2026-03-27T19:09:55.600Z
notif-514,push,fcm,PROVIDER_TIMEOUT,provider_timeout,1,FAILED,2026-04-26T08:26:55.600Z
notif-515,push,fcm,INVALID_RECIPIENT,invalid_recipient,1,DLQ,2026-04-06T09:19:55.600Z
notif-516,sms,twilio,NETWORK_ERROR,network_error,4,FAILED,2026-05-18T08:19:55.600Z
notif-517,push,fcm,EXPIRED_TOKEN,expired_token,4,DLQ,2026-05-01T11:59:55.600Z
notif-518,whatsapp,whatsapp_cloud,INVALID_RECIPIENT,invalid_recipient,5,FAILED,2026-05-31T08:37:55.600Z
notif-519,push,fcm,INVALID_RECIPIENT,invalid_recipient,3,FAILED,2026-04-01T11:10:55.600Z
notif-520,email,nodemailer,PROVIDER_TIMEOUT,provider_timeout,4,FAILED,2026-05-24T11:24:55.600Z
notif-521,in_app,in_app,PROVIDER_TIMEOUT,provider_timeout,4,DLQ,2026-04-21T13:11:55.600Z
notif-522,sms,twilio,INVALID_RECIPIENT,invalid_recipient,2,FAILED,2026-03-18T13:35:55.600Z
notif-523,in_app,in_app,INVALID_TEMPLATE,invalid_template,4,DLQ,2026-05-28T13:51:55.600Z
notif-524,sms,msg91,INVALID_TEMPLATE,invalid_template,1,FAILED,2026-04-14T09:39:55.600Z
notif-525,in_app,in_app,DND_BLOCKED,dnd_blocked,4,FAILED,2026-05-15T12:56:55.600Z
notif-526,sms,msg91,INVALID_RECIPIENT,invalid_recipient,5,FAILED,2026-05-12T08:26:55.600Z
notif-527,whatsapp,whatsapp_cloud,INVALID_RECIPIENT,invalid_recipient,3,FAILED,2026-05-28T10:11:55.600Z
notif-528,email,nodemailer,INVALID_RECIPIENT,invalid_recipient,5,FAILED,2026-05-18T10:25:55.600Z
notif-529,email,nodemailer,DND_BLOCKED,dnd_blocked,5,DLQ,2026-05-28T08:21:55.600Z
notif-530,whatsapp,whatsapp_cloud,INVALID_RECIPIENT,invalid_recipient,2,FAILED,2026-05-26T12:02:55.601Z
notif-531,whatsapp,whatsapp_cloud,RATE_LIMITED,rate_limited,4,FAILED,2026-04-29T11:07:55.601Z
notif-532,in_app,in_app,EXPIRED_TOKEN,expired_token,1,FAILED,2026-04-10T13:27:55.601Z
notif-533,push,fcm,INVALID_TEMPLATE,invalid_template,4,FAILED,2026-03-20T12:36:55.601Z
notif-534,whatsapp,whatsapp_cloud,NETWORK_ERROR,network_error,4,FAILED,2026-03-25T13:53:55.601Z
notif-535,whatsapp,whatsapp_cloud,PROVIDER_TIMEOUT,provider_timeout,4,DLQ,2026-04-20T11:52:55.601Z
notif-536,whatsapp,whatsapp_cloud,INVALID_TEMPLATE,invalid_template,1,FAILED,2026-03-23T19:09:55.601Z
notif-537,sms,twilio,RATE_LIMITED,rate_limited,2,FAILED,2026-03-24T09:31:55.601Z
notif-538,sms,msg91,NETWORK_ERROR,network_error,4,DLQ,2026-05-14T08:19:55.601Z
notif-539,sms,twilio,INVALID_RECIPIENT,invalid_recipient,4,FAILED,2026-06-15T19:09:55.601Z
notif-540,email,nodemailer,RATE_LIMITED,rate_limited,3,DLQ,2026-05-22T11:23:55.601Z
notif-541,email,nodemailer,NETWORK_ERROR,network_error,4,FAILED,2026-05-31T12:48:55.601Z
notif-542,sms,twilio,DND_BLOCKED,dnd_blocked,5,DLQ,2026-06-15T11:33:55.601Z
notif-543,in_app,in_app,INVALID_RECIPIENT,invalid_recipient,3,FAILED,2026-06-15T13:31:55.601Z
notif-544,email,nodemailer,DND_BLOCKED,dnd_blocked,2,FAILED,2026-05-01T19:09:55.601Z
notif-545,push,fcm,INVALID_RECIPIENT,invalid_recipient,3,FAILED,2026-05-15T08:51:55.601Z
notif-546,whatsapp,whatsapp_cloud,EXPIRED_TOKEN,expired_token,5,DLQ,2026-04-17T19:09:55.601Z
notif-547,email,nodemailer,NETWORK_ERROR,network_error,4,FAILED,2026-06-06T08:56:55.601Z
notif-548,sms,msg91,PROVIDER_TIMEOUT,provider_timeout,4,FAILED,2026-04-09T08:38:55.601Z
notif-549,in_app,in_app,EXPIRED_TOKEN,expired_token,5,FAILED,2026-05-01T13:45:55.601Z
notif-550,in_app,in_app,INVALID_RECIPIENT,invalid_recipient,2,DLQ,2026-05-05T19:09:55.601Z
notif-551,email,nodemailer,INVALID_TEMPLATE,invalid_template,4,DLQ,2026-03-22T08:50:55.601Z
notif-552,in_app,in_app,INVALID_RECIPIENT,invalid_recipient,4,DLQ,2026-06-07T12:40:55.601Z
notif-553,sms,twilio,INVALID_RECIPIENT,invalid_recipient,4,DLQ,2026-04-01T10:02:55.601Z
notif-554,whatsapp,whatsapp_cloud,INVALID_TEMPLATE,invalid_template,5,FAILED,2026-04-30T11:19:55.601Z
notif-555,in_app,in_app,DND_BLOCKED,dnd_blocked,4,FAILED,2026-06-07T08:41:55.601Z
notif-556,whatsapp,whatsapp_cloud,PROVIDER_TIMEOUT,provider_timeout,2,FAILED,2026-03-26T19:09:55.601Z
notif-557,whatsapp,whatsapp_cloud,INVALID_TEMPLATE,invalid_template,2,FAILED,2026-05-16T13:48:55.601Z
notif-558,push,fcm,INVALID_TEMPLATE,invalid_template,5,FAILED,2026-04-21T10:17:55.601Z
notif-559,sms,msg91,PROVIDER_TIMEOUT,provider_timeout,4,FAILED,2026-05-08T12:19:55.601Z
notif-560,email,nodemailer,EXPIRED_TOKEN,expired_token,4,FAILED,2026-03-24T12:16:55.601Z
notif-561,sms,twilio,EXPIRED_TOKEN,expired_token,3,FAILED,2026-04-08T11:12:55.601Z
notif-562,push,fcm,INVALID_TEMPLATE,invalid_template,3,FAILED,2026-04-19T08:25:55.601Z
notif-563,email,nodemailer,INVALID_RECIPIENT,invalid_recipient,3,DLQ,2026-06-05T11:33:55.601Z
notif-564,push,fcm,DND_BLOCKED,dnd_blocked,4,FAILED,2026-03-27T13:18:55.601Z
notif-565,email,nodemailer,RATE_LIMITED,rate_limited,1,FAILED,2026-04-27T19:09:55.601Z
notif-566,email,nodemailer,INVALID_RECIPIENT,invalid_recipient,4,FAILED,2026-06-12T08:14:55.601Z
notif-567,whatsapp,whatsapp_cloud,PROVIDER_TIMEOUT,provider_timeout,4,FAILED,2026-05-22T11:26:55.601Z
notif-568,in_app,in_app,DND_BLOCKED,dnd_blocked,1,FAILED,2026-04-22T12:03:55.601Z
notif-569,push,fcm,PROVIDER_TIMEOUT,provider_timeout,5,FAILED,2026-06-05T09:33:55.601Z
notif-570,sms,msg91,PROVIDER_TIMEOUT,provider_timeout,5,FAILED,2026-05-01T13:44:55.601Z
notif-571,email,nodemailer,EXPIRED_TOKEN,expired_token,4,FAILED,2026-03-31T10:29:55.601Z
notif-572,push,fcm,NETWORK_ERROR,network_error,3,DLQ,2026-05-05T19:09:55.601Z
notif-573,whatsapp,whatsapp_cloud,RATE_LIMITED,rate_limited,1,DLQ,2026-05-17T11:34:55.601Z
notif-574,in_app,in_app,RATE_LIMITED,rate_limited,2,FAILED,2026-03-21T10:02:55.601Z
notif-575,email,nodemailer,INVALID_TEMPLATE,invalid_template,2,DLQ,2026-03-29T08:16:55.601Z
notif-576,in_app,in_app,PROVIDER_TIMEOUT,provider_timeout,2,DLQ,2026-05-08T09:47:55.601Z
notif-577,push,fcm,EXPIRED_TOKEN,expired_token,5,DLQ,2026-04-30T12:12:55.601Z
notif-578,email,nodemailer,INVALID_RECIPIENT,invalid_recipient,3,DLQ,2026-05-12T19:09:55.601Z
notif-579,sms,msg91,INVALID_RECIPIENT,invalid_recipient,1,FAILED,2026-04-28T19:09:55.601Z
notif-580,push,fcm,PROVIDER_TIMEOUT,provider_timeout,1,FAILED,2026-04-11T13:24:55.601Z
notif-581,whatsapp,whatsapp_cloud,RATE_LIMITED,rate_limited,4,DLQ,2026-04-08T13:58:55.601Z
notif-582,sms,msg91,EXPIRED_TOKEN,expired_token,3,FAILED,2026-05-20T19:09:55.601Z
notif-583,in_app,in_app,INVALID_RECIPIENT,invalid_recipient,4,DLQ,2026-06-05T09:20:55.601Z
notif-584,email,nodemailer,EXPIRED_TOKEN,expired_token,5,FAILED,2026-03-19T13:54:55.601Z
notif-585,sms,msg91,INVALID_TEMPLATE,invalid_template,4,FAILED,2026-04-06T12:53:55.601Z
notif-586,push,fcm,PROVIDER_TIMEOUT,provider_timeout,2,FAILED,2026-04-02T08:51:55.601Z
notif-587,push,fcm,EXPIRED_TOKEN,expired_token,5,FAILED,2026-05-10T13:11:55.601Z
notif-588,in_app,in_app,PROVIDER_TIMEOUT,provider_timeout,3,FAILED,2026-04-08T11:40:55.601Z
notif-589,push,fcm,PROVIDER_TIMEOUT,provider_timeout,3,FAILED,2026-06-05T11:45:55.601Z
notif-590,sms,msg91,RATE_LIMITED,rate_limited,2,FAILED,2026-05-02T19:09:55.601Z
notif-591,whatsapp,whatsapp_cloud,EXPIRED_TOKEN,expired_token,3,FAILED,2026-04-08T11:56:55.601Z
notif-592,whatsapp,whatsapp_cloud,INVALID_RECIPIENT,invalid_recipient,4,FAILED,2026-04-19T10:11:55.601Z
notif-593,email,nodemailer,DND_BLOCKED,dnd_blocked,5,FAILED,2026-05-27T11:33:55.601Z
notif-594,push,fcm,EXPIRED_TOKEN,expired_token,4,FAILED,2026-04-25T11:29:55.601Z
notif-595,whatsapp,whatsapp_cloud,NETWORK_ERROR,network_error,4,FAILED,2026-03-22T13:22:55.601Z
notif-596,sms,twilio,INVALID_RECIPIENT,invalid_recipient,3,DLQ,2026-04-29T13:46:55.601Z
notif-597,in_app,in_app,INVALID_TEMPLATE,invalid_template,2,FAILED,2026-03-31T19:09:55.601Z
notif-598,push,fcm,RATE_LIMITED,rate_limited,5,DLQ,2026-05-01T19:09:55.601Z
notif-599,in_app,in_app,PROVIDER_TIMEOUT,provider_timeout,3,DLQ,2026-04-23T11:07:55.601Z
notif-600,sms,msg91,EXPIRED_TOKEN,expired_token,5,DLQ,2026-04-01T11:16:55.601Z
notif-601,email,nodemailer,PROVIDER_TIMEOUT,provider_timeout,4,FAILED,2026-05-25T12:49:55.601Z
notif-602,sms,twilio,INVALID_RECIPIENT,invalid_recipient,4,FAILED,2026-04-29T10:25:55.601Z
notif-603,in_app,in_app,DND_BLOCKED,dnd_blocked,1,FAILED,2026-03-26T13:22:55.601Z
notif-604,push,fcm,INVALID_TEMPLATE,invalid_template,4,DLQ,2026-04-14T11:13:55.601Z
notif-605,sms,twilio,RATE_LIMITED,rate_limited,1,FAILED,2026-05-19T11:59:55.601Z
notif-606,whatsapp,whatsapp_cloud,RATE_LIMITED,rate_limited,4,FAILED,2026-04-25T08:16:55.601Z
notif-607,whatsapp,whatsapp_cloud,EXPIRED_TOKEN,expired_token,2,DLQ,2026-04-30T13:17:55.601Z
notif-608,whatsapp,whatsapp_cloud,EXPIRED_TOKEN,expired_token,1,DLQ,2026-03-24T19:09:55.601Z
notif-609,push,fcm,INVALID_TEMPLATE,invalid_template,2,FAILED,2026-06-01T11:43:55.601Z
notif-610,whatsapp,whatsapp_cloud,EXPIRED_TOKEN,expired_token,2,FAILED,2026-03-24T19:09:55.601Z
notif-611,sms,msg91,INVALID_RECIPIENT,invalid_recipient,5,DLQ,2026-04-22T13:04:55.601Z
notif-612,email,nodemailer,INVALID_RECIPIENT,invalid_recipient,5,FAILED,2026-03-19T19:09:55.601Z
notif-613,sms,msg91,INVALID_RECIPIENT,invalid_recipient,5,DLQ,2026-03-22T19:09:55.601Z
notif-614,in_app,in_app,RATE_LIMITED,rate_limited,5,FAILED,2026-06-10T08:03:55.601Z
notif-615,sms,msg91,PROVIDER_TIMEOUT,provider_timeout,3,FAILED,2026-03-22T19:09:55.601Z
notif-616,email,nodemailer,EXPIRED_TOKEN,expired_token,4,DLQ,2026-05-29T19:09:55.601Z
notif-617,in_app,in_app,INVALID_TEMPLATE,invalid_template,1,DLQ,2026-04-23T09:13:55.601Z
notif-618,in_app,in_app,INVALID_RECIPIENT,invalid_recipient,4,FAILED,2026-03-18T09:41:55.601Z
notif-619,push,fcm,EXPIRED_TOKEN,expired_token,1,DLQ,2026-04-22T11:25:55.601Z
notif-620,email,nodemailer,RATE_LIMITED,rate_limited,2,FAILED,2026-06-09T13:53:55.601Z
notif-621,in_app,in_app,DND_BLOCKED,dnd_blocked,2,DLQ,2026-04-23T19:09:55.601Z
notif-622,push,fcm,DND_BLOCKED,dnd_blocked,3,FAILED,2026-04-09T19:09:55.601Z
notif-623,whatsapp,whatsapp_cloud,INVALID_RECIPIENT,invalid_recipient,2,FAILED,2026-03-26T09:01:55.601Z
notif-624,push,fcm,EXPIRED_TOKEN,expired_token,4,DLQ,2026-04-19T12:44:55.601Z
notif-625,whatsapp,whatsapp_cloud,PROVIDER_TIMEOUT,provider_timeout,4,FAILED,2026-04-06T12:03:55.601Z
notif-626,email,nodemailer,EXPIRED_TOKEN,expired_token,3,DLQ,2026-05-10T08:32:55.601Z
notif-627,email,nodemailer,PROVIDER_TIMEOUT,provider_timeout,2,DLQ,2026-06-15T08:41:55.601Z
notif-628,in_app,in_app,INVALID_RECIPIENT,invalid_recipient,4,FAILED,2026-05-04T19:09:55.601Z
notif-629,push,fcm,NETWORK_ERROR,network_error,1,FAILED,2026-03-24T19:09:55.601Z
notif-630,in_app,in_app,EXPIRED_TOKEN,expired_token,2,FAILED,2026-06-01T11:01:55.601Z
notif-631,email,nodemailer,DND_BLOCKED,dnd_blocked,5,DLQ,2026-05-27T13:59:55.601Z
notif-632,whatsapp,whatsapp_cloud,RATE_LIMITED,rate_limited,2,FAILED,2026-04-23T09:49:55.601Z
notif-633,push,fcm,PROVIDER_TIMEOUT,provider_timeout,5,DLQ,2026-05-11T10:08:55.601Z
notif-634,whatsapp,whatsapp_cloud,RATE_LIMITED,rate_limited,4,FAILED,2026-06-15T08:02:55.601Z
notif-635,email,nodemailer,DND_BLOCKED,dnd_blocked,3,FAILED,2026-05-29T09:59:55.601Z
notif-636,push,fcm,EXPIRED_TOKEN,expired_token,3,DLQ,2026-03-24T09:11:55.601Z
notif-637,whatsapp,whatsapp_cloud,NETWORK_ERROR,network_error,1,FAILED,2026-04-27T19:09:55.601Z
notif-638,in_app,in_app,RATE_LIMITED,rate_limited,3,DLQ,2026-05-06T10:07:55.601Z
notif-639,in_app,in_app,DND_BLOCKED,dnd_blocked,5,DLQ,2026-04-16T09:50:55.601Z
notif-640,sms,msg91,RATE_LIMITED,rate_limited,3,FAILED,2026-03-26T19:09:55.601Z
notif-641,sms,msg91,INVALID_TEMPLATE,invalid_template,3,FAILED,2026-05-27T08:29:55.601Z
notif-642,sms,twilio,EXPIRED_TOKEN,expired_token,4,DLQ,2026-04-21T11:41:55.601Z
notif-643,sms,twilio,EXPIRED_TOKEN,expired_token,1,DLQ,2026-04-19T19:09:55.601Z
notif-644,sms,twilio,INVALID_TEMPLATE,invalid_template,4,FAILED,2026-04-19T19:09:55.601Z
notif-645,push,fcm,INVALID_RECIPIENT,invalid_recipient,4,FAILED,2026-04-08T11:02:55.601Z
notif-646,in_app,in_app,NETWORK_ERROR,network_error,2,FAILED,2026-04-04T13:33:55.601Z
notif-647,in_app,in_app,DND_BLOCKED,dnd_blocked,3,FAILED,2026-04-26T19:09:55.601Z
notif-648,email,nodemailer,EXPIRED_TOKEN,expired_token,2,FAILED,2026-06-13T08:01:55.601Z
notif-649,sms,twilio,PROVIDER_TIMEOUT,provider_timeout,1,FAILED,2026-05-03T13:56:55.601Z
notif-650,in_app,in_app,INVALID_RECIPIENT,invalid_recipient,1,FAILED,2026-05-09T08:37:55.601Z
notif-651,in_app,in_app,NETWORK_ERROR,network_error,3,FAILED,2026-04-18T08:50:55.601Z
notif-652,email,nodemailer,EXPIRED_TOKEN,expired_token,5,DLQ,2026-05-03T11:28:55.601Z
notif-653,whatsapp,whatsapp_cloud,INVALID_TEMPLATE,invalid_template,4,DLQ,2026-05-04T12:54:55.601Z
notif-654,push,fcm,DND_BLOCKED,dnd_blocked,3,FAILED,2026-03-30T19:09:55.601Z
notif-655,whatsapp,whatsapp_cloud,INVALID_RECIPIENT,invalid_recipient,2,FAILED,2026-06-08T08:26:55.601Z
notif-656,whatsapp,whatsapp_cloud,EXPIRED_TOKEN,expired_token,2,FAILED,2026-05-10T19:09:55.601Z
notif-657,sms,twilio,NETWORK_ERROR,network_error,5,DLQ,2026-04-10T10:55:55.601Z
notif-658,sms,msg91,RATE_LIMITED,rate_limited,3,FAILED,2026-06-04T10:35:55.601Z
notif-659,push,fcm,PROVIDER_TIMEOUT,provider_timeout,4,FAILED,2026-06-15T11:02:55.601Z
notif-660,email,nodemailer,DND_BLOCKED,dnd_blocked,4,DLQ,2026-03-19T19:09:55.601Z
notif-661,in_app,in_app,EXPIRED_TOKEN,expired_token,3,DLQ,2026-04-13T11:00:55.601Z
notif-662,whatsapp,whatsapp_cloud,RATE_LIMITED,rate_limited,4,FAILED,2026-06-12T09:36:55.601Z
notif-663,sms,twilio,DND_BLOCKED,dnd_blocked,2,FAILED,2026-05-14T09:16:55.601Z
notif-664,sms,twilio,DND_BLOCKED,dnd_blocked,5,DLQ,2026-05-18T10:51:55.601Z
notif-665,email,nodemailer,INVALID_TEMPLATE,invalid_template,2,FAILED,2026-05-11T13:31:55.601Z
notif-666,sms,twilio,NETWORK_ERROR,network_error,1,FAILED,2026-04-03T09:50:55.601Z
notif-667,push,fcm,RATE_LIMITED,rate_limited,5,DLQ,2026-04-07T19:09:55.601Z
notif-668,push,fcm,RATE_LIMITED,rate_limited,3,FAILED,2026-04-08T12:22:55.601Z
notif-669,email,nodemailer,INVALID_TEMPLATE,invalid_template,1,FAILED,2026-04-21T19:09:55.601Z
notif-670,email,nodemailer,DND_BLOCKED,dnd_blocked,1,FAILED,2026-04-10T19:09:55.601Z
notif-671,in_app,in_app,RATE_LIMITED,rate_limited,2,FAILED,2026-06-15T19:09:55.601Z
notif-672,in_app,in_app,PROVIDER_TIMEOUT,provider_timeout,4,DLQ,2026-05-03T19:09:55.601Z
notif-673,push,fcm,NETWORK_ERROR,network_error,2,FAILED,2026-06-02T19:09:55.601Z
notif-674,in_app,in_app,INVALID_RECIPIENT,invalid_recipient,3,FAILED,2026-04-12T13:50:55.601Z
notif-675,email,nodemailer,RATE_LIMITED,rate_limited,2,FAILED,2026-04-28T19:09:55.601Z
notif-676,sms,msg91,RATE_LIMITED,rate_limited,5,DLQ,2026-04-30T10:40:55.601Z
notif-677,email,nodemailer,INVALID_RECIPIENT,invalid_recipient,4,FAILED,2026-06-13T11:12:55.601Z
notif-678,whatsapp,whatsapp_cloud,EXPIRED_TOKEN,expired_token,3,FAILED,2026-06-12T19:09:55.601Z
notif-679,sms,msg91,NETWORK_ERROR,network_error,3,FAILED,2026-04-16T12:28:55.601Z
notif-680,in_app,in_app,RATE_LIMITED,rate_limited,2,FAILED,2026-04-02T11:11:55.601Z
notif-681,sms,twilio,EXPIRED_TOKEN,expired_token,4,FAILED,2026-04-04T19:09:55.601Z
notif-682,sms,twilio,EXPIRED_TOKEN,expired_token,1,FAILED,2026-05-13T11:13:55.601Z
notif-683,in_app,in_app,PROVIDER_TIMEOUT,provider_timeout,1,FAILED,2026-06-08T10:02:55.601Z
notif-684,sms,msg91,PROVIDER_TIMEOUT,provider_timeout,3,FAILED,2026-04-15T09:08:55.601Z
notif-685,email,nodemailer,NETWORK_ERROR,network_error,5,FAILED,2026-05-09T12:54:55.601Z
notif-686,sms,msg91,NETWORK_ERROR,network_error,2,FAILED,2026-06-13T09:06:55.601Z
notif-687,email,nodemailer,RATE_LIMITED,rate_limited,4,FAILED,2026-05-18T19:09:55.601Z
notif-688,sms,twilio,RATE_LIMITED,rate_limited,4,DLQ,2026-05-27T10:27:55.601Z
notif-689,email,nodemailer,INVALID_RECIPIENT,invalid_recipient,3,DLQ,2026-05-25T19:09:55.601Z
notif-690,email,nodemailer,INVALID_RECIPIENT,invalid_recipient,1,FAILED,2026-03-29T19:09:55.601Z
notif-691,email,nodemailer,NETWORK_ERROR,network_error,5,FAILED,2026-06-15T19:09:55.601Z
notif-692,whatsapp,whatsapp_cloud,RATE_LIMITED,rate_limited,1,DLQ,2026-06-08T11:35:55.601Z
notif-693,push,fcm,NETWORK_ERROR,network_error,1,FAILED,2026-03-18T11:32:55.601Z
notif-694,in_app,in_app,INVALID_TEMPLATE,invalid_template,5,DLQ,2026-06-02T10:51:55.601Z
notif-695,whatsapp,whatsapp_cloud,INVALID_RECIPIENT,invalid_recipient,2,FAILED,2026-06-04T19:09:55.601Z
notif-696,sms,twilio,INVALID_TEMPLATE,invalid_template,3,FAILED,2026-05-28T10:45:55.601Z
notif-697,sms,msg91,PROVIDER_TIMEOUT,provider_timeout,3,DLQ,2026-05-17T10:06:55.601Z
notif-698,sms,twilio,PROVIDER_TIMEOUT,provider_timeout,2,FAILED,2026-05-15T12:32:55.601Z
notif-699,push,fcm,EXPIRED_TOKEN,expired_token,4,FAILED,2026-05-02T11:37:55.601Z
notif-700,email,nodemailer,RATE_LIMITED,rate_limited,1,FAILED,2026-06-08T09:58:55.601Z
notif-701,sms,twilio,PROVIDER_TIMEOUT,provider_timeout,5,DLQ,2026-03-28T11:01:55.601Z
notif-702,whatsapp,whatsapp_cloud,PROVIDER_TIMEOUT,provider_timeout,5,FAILED,2026-04-07T11:37:55.601Z
notif-703,in_app,in_app,INVALID_TEMPLATE,invalid_template,2,FAILED,2026-03-27T12:31:55.601Z
notif-704,sms,msg91,NETWORK_ERROR,network_error,2,FAILED,2026-03-29T19:09:55.601Z
notif-705,sms,twilio,INVALID_RECIPIENT,invalid_recipient,1,FAILED,2026-03-19T08:19:55.601Z
notif-706,whatsapp,whatsapp_cloud,INVALID_TEMPLATE,invalid_template,3,FAILED,2026-05-13T10:20:55.601Z
notif-707,whatsapp,whatsapp_cloud,INVALID_RECIPIENT,invalid_recipient,2,FAILED,2026-05-08T13:39:55.601Z
notif-708,push,fcm,EXPIRED_TOKEN,expired_token,3,DLQ,2026-04-08T19:09:55.601Z
notif-709,sms,msg91,RATE_LIMITED,rate_limited,2,FAILED,2026-05-13T19:09:55.601Z
notif-710,email,nodemailer,PROVIDER_TIMEOUT,provider_timeout,1,DLQ,2026-05-17T08:46:55.601Z
notif-711,in_app,in_app,EXPIRED_TOKEN,expired_token,1,FAILED,2026-06-04T13:47:55.601Z
notif-712,push,fcm,INVALID_TEMPLATE,invalid_template,3,FAILED,2026-03-31T11:51:55.601Z
notif-713,email,nodemailer,PROVIDER_TIMEOUT,provider_timeout,1,DLQ,2026-06-04T09:02:55.601Z
notif-714,whatsapp,whatsapp_cloud,EXPIRED_TOKEN,expired_token,1,FAILED,2026-05-29T11:24:55.601Z
notif-715,email,nodemailer,DND_BLOCKED,dnd_blocked,3,FAILED,2026-05-20T19:09:55.601Z
notif-716,in_app,in_app,DND_BLOCKED,dnd_blocked,1,DLQ,2026-03-31T19:09:55.601Z
notif-717,sms,msg91,PROVIDER_TIMEOUT,provider_timeout,5,FAILED,2026-04-17T08:51:55.601Z
notif-718,whatsapp,whatsapp_cloud,RATE_LIMITED,rate_limited,4,DLQ,2026-04-03T19:09:55.601Z
notif-719,email,nodemailer,PROVIDER_TIMEOUT,provider_timeout,1,FAILED,2026-04-30T08:51:55.601Z
notif-720,email,nodemailer,EXPIRED_TOKEN,expired_token,1,FAILED,2026-04-05T19:09:55.601Z
notif-721,email,nodemailer,DND_BLOCKED,dnd_blocked,3,FAILED,2026-05-08T13:52:55.601Z
notif-722,push,fcm,INVALID_TEMPLATE,invalid_template,3,DLQ,2026-04-08T11:13:55.601Z
notif-723,push,fcm,PROVIDER_TIMEOUT,provider_timeout,2,FAILED,2026-03-19T09:26:55.601Z
notif-724,sms,twilio,NETWORK_ERROR,network_error,4,FAILED,2026-06-04T13:22:55.601Z
notif-725,push,fcm,DND_BLOCKED,dnd_blocked,2,FAILED,2026-04-29T11:25:55.601Z
notif-726,in_app,in_app,PROVIDER_TIMEOUT,provider_timeout,2,DLQ,2026-06-12T10:26:55.601Z
notif-727,push,fcm,EXPIRED_TOKEN,expired_token,2,DLQ,2026-05-10T12:49:55.601Z
notif-728,whatsapp,whatsapp_cloud,NETWORK_ERROR,network_error,3,DLQ,2026-05-06T08:28:55.601Z
notif-729,push,fcm,PROVIDER_TIMEOUT,provider_timeout,3,DLQ,2026-05-08T10:20:55.601Z
notif-730,whatsapp,whatsapp_cloud,EXPIRED_TOKEN,expired_token,3,FAILED,2026-05-23T10:57:55.601Z
notif-731,in_app,in_app,INVALID_TEMPLATE,invalid_template,5,FAILED,2026-03-23T12:56:55.601Z
notif-732,in_app,in_app,EXPIRED_TOKEN,expired_token,3,FAILED,2026-04-09T08:22:55.601Z
notif-733,sms,msg91,PROVIDER_TIMEOUT,provider_timeout,3,FAILED,2026-03-18T12:55:55.601Z
notif-734,whatsapp,whatsapp_cloud,EXPIRED_TOKEN,expired_token,1,FAILED,2026-06-13T12:37:55.601Z
notif-735,email,nodemailer,RATE_LIMITED,rate_limited,3,FAILED,2026-04-24T11:15:55.601Z
notif-736,push,fcm,INVALID_RECIPIENT,invalid_recipient,4,DLQ,2026-06-03T10:18:55.601Z
notif-737,whatsapp,whatsapp_cloud,INVALID_TEMPLATE,invalid_template,3,DLQ,2026-05-10T19:09:55.601Z
notif-738,push,fcm,EXPIRED_TOKEN,expired_token,3,DLQ,2026-05-28T11:58:55.601Z
notif-739,in_app,in_app,INVALID_TEMPLATE,invalid_template,1,FAILED,2026-03-28T10:19:55.601Z
notif-740,push,fcm,EXPIRED_TOKEN,expired_token,1,FAILED,2026-06-12T09:23:55.601Z
notif-741,whatsapp,whatsapp_cloud,NETWORK_ERROR,network_error,4,FAILED,2026-06-06T10:48:55.601Z
notif-742,sms,msg91,PROVIDER_TIMEOUT,provider_timeout,2,FAILED,2026-04-14T10:42:55.601Z
notif-743,email,nodemailer,RATE_LIMITED,rate_limited,4,DLQ,2026-05-22T09:49:55.601Z
notif-744,whatsapp,whatsapp_cloud,DND_BLOCKED,dnd_blocked,5,FAILED,2026-04-13T09:51:55.601Z
notif-745,in_app,in_app,RATE_LIMITED,rate_limited,4,FAILED,2026-05-11T10:33:55.601Z
notif-746,whatsapp,whatsapp_cloud,INVALID_TEMPLATE,invalid_template,2,DLQ,2026-05-02T13:46:55.601Z
notif-747,whatsapp,whatsapp_cloud,INVALID_TEMPLATE,invalid_template,1,DLQ,2026-06-04T11:44:55.601Z
notif-748,whatsapp,whatsapp_cloud,INVALID_TEMPLATE,invalid_template,5,FAILED,2026-05-08T13:16:55.601Z
notif-749,push,fcm,EXPIRED_TOKEN,expired_token,5,FAILED,2026-05-26T12:06:55.601Z
notif-750,in_app,in_app,NETWORK_ERROR,network_error,3,FAILED,2026-04-29T10:47:55.601Z
notif-751,whatsapp,whatsapp_cloud,DND_BLOCKED,dnd_blocked,2,FAILED,2026-05-23T08:52:55.601Z
notif-752,push,fcm,EXPIRED_TOKEN,expired_token,5,FAILED,2026-05-30T19:09:55.601Z
notif-753,whatsapp,whatsapp_cloud,NETWORK_ERROR,network_error,4,DLQ,2026-04-06T19:09:55.601Z
notif-754,email,nodemailer,NETWORK_ERROR,network_error,3,FAILED,2026-05-26T13:18:55.601Z
notif-755,sms,msg91,NETWORK_ERROR,network_error,3,DLQ,2026-05-04T10:42:55.601Z
notif-756,sms,twilio,INVALID_TEMPLATE,invalid_template,2,FAILED,2026-06-08T08:40:55.601Z
notif-757,push,fcm,INVALID_TEMPLATE,invalid_template,5,DLQ,2026-04-20T11:08:55.601Z
notif-758,whatsapp,whatsapp_cloud,DND_BLOCKED,dnd_blocked,3,FAILED,2026-03-19T12:44:55.601Z
notif-759,push,fcm,INVALID_RECIPIENT,invalid_recipient,2,FAILED,2026-05-13T08:10:55.601Z
notif-760,sms,msg91,PROVIDER_TIMEOUT,provider_timeout,2,FAILED,2026-04-05T13:56:55.601Z
notif-761,in_app,in_app,INVALID_RECIPIENT,invalid_recipient,3,FAILED,2026-04-23T19:09:55.601Z
notif-762,in_app,in_app,PROVIDER_TIMEOUT,provider_timeout,1,FAILED,2026-05-15T10:51:55.601Z
notif-763,email,nodemailer,INVALID_TEMPLATE,invalid_template,5,FAILED,2026-05-22T19:09:55.601Z
notif-764,whatsapp,whatsapp_cloud,DND_BLOCKED,dnd_blocked,1,DLQ,2026-04-25T10:48:55.601Z
notif-765,push,fcm,EXPIRED_TOKEN,expired_token,3,FAILED,2026-06-05T12:12:55.601Z
notif-766,push,fcm,INVALID_RECIPIENT,invalid_recipient,3,DLQ,2026-03-19T13:18:55.601Z
notif-767,whatsapp,whatsapp_cloud,EXPIRED_TOKEN,expired_token,1,FAILED,2026-05-04T08:28:55.601Z
notif-768,in_app,in_app,EXPIRED_TOKEN,expired_token,4,FAILED,2026-05-12T11:42:55.601Z
notif-769,sms,twilio,PROVIDER_TIMEOUT,provider_timeout,2,FAILED,2026-05-06T12:14:55.601Z
notif-770,sms,twilio,EXPIRED_TOKEN,expired_token,3,FAILED,2026-04-05T08:18:55.601Z
notif-771,push,fcm,NETWORK_ERROR,network_error,2,FAILED,2026-05-17T19:09:55.601Z
notif-772,in_app,in_app,RATE_LIMITED,rate_limited,1,DLQ,2026-04-12T10:54:55.601Z
notif-773,push,fcm,PROVIDER_TIMEOUT,provider_timeout,4,FAILED,2026-03-30T19:09:55.601Z
notif-774,whatsapp,whatsapp_cloud,INVALID_TEMPLATE,invalid_template,4,FAILED,2026-06-09T11:15:55.601Z
notif-775,in_app,in_app,PROVIDER_TIMEOUT,provider_timeout,3,FAILED,2026-05-26T19:09:55.601Z
notif-776,email,nodemailer,RATE_LIMITED,rate_limited,1,FAILED,2026-04-29T09:52:55.601Z
notif-777,sms,twilio,NETWORK_ERROR,network_error,3,FAILED,2026-04-27T11:53:55.601Z
notif-778,email,nodemailer,NETWORK_ERROR,network_error,3,FAILED,2026-04-03T12:53:55.601Z
notif-779,whatsapp,whatsapp_cloud,NETWORK_ERROR,network_error,4,FAILED,2026-04-04T11:41:55.601Z
notif-780,in_app,in_app,DND_BLOCKED,dnd_blocked,2,FAILED,2026-04-01T19:09:55.601Z
notif-781,sms,twilio,EXPIRED_TOKEN,expired_token,1,FAILED,2026-05-23T19:09:55.601Z
notif-782,email,nodemailer,RATE_LIMITED,rate_limited,5,FAILED,2026-04-05T12:33:55.601Z
notif-783,whatsapp,whatsapp_cloud,NETWORK_ERROR,network_error,4,FAILED,2026-04-20T09:55:55.601Z
notif-784,push,fcm,INVALID_TEMPLATE,invalid_template,5,DLQ,2026-04-17T08:01:55.601Z
notif-785,sms,msg91,EXPIRED_TOKEN,expired_token,3,FAILED,2026-06-03T10:13:55.601Z
notif-786,in_app,in_app,PROVIDER_TIMEOUT,provider_timeout,5,FAILED,2026-04-29T09:17:55.601Z
notif-787,whatsapp,whatsapp_cloud,INVALID_RECIPIENT,invalid_recipient,5,FAILED,2026-06-15T11:41:55.601Z
notif-788,whatsapp,whatsapp_cloud,NETWORK_ERROR,network_error,5,FAILED,2026-05-18T13:30:55.601Z
notif-789,whatsapp,whatsapp_cloud,DND_BLOCKED,dnd_blocked,3,DLQ,2026-06-11T12:20:55.601Z
notif-790,push,fcm,RATE_LIMITED,rate_limited,3,FAILED,2026-05-06T08:52:55.601Z
notif-791,sms,twilio,EXPIRED_TOKEN,expired_token,4,DLQ,2026-04-19T11:19:55.601Z
notif-792,whatsapp,whatsapp_cloud,INVALID_TEMPLATE,invalid_template,1,DLQ,2026-06-02T12:01:55.601Z
notif-793,whatsapp,whatsapp_cloud,PROVIDER_TIMEOUT,provider_timeout,3,FAILED,2026-03-18T19:09:55.601Z
notif-794,sms,twilio,NETWORK_ERROR,network_error,1,DLQ,2026-03-30T13:32:55.601Z
notif-795,sms,twilio,EXPIRED_TOKEN,expired_token,3,FAILED,2026-03-20T09:00:55.601Z
notif-796,sms,msg91,EXPIRED_TOKEN,expired_token,5,DLQ,2026-06-03T09:55:55.601Z
notif-797,email,nodemailer,EXPIRED_TOKEN,expired_token,2,FAILED,2026-03-19T09:41:55.601Z
notif-798,push,fcm,INVALID_TEMPLATE,invalid_template,4,FAILED,2026-04-12T19:09:55.601Z
notif-799,in_app,in_app,EXPIRED_TOKEN,expired_token,4,DLQ,2026-04-15T19:09:55.601Z
notif-800,whatsapp,whatsapp_cloud,NETWORK_ERROR,network_error,3,FAILED,2026-04-14T19:09:55.601Z
notif-801,sms,msg91,RATE_LIMITED,rate_limited,1,FAILED,2026-04-12T09:16:55.601Z
notif-802,whatsapp,whatsapp_cloud,NETWORK_ERROR,network_error,4,DLQ,2026-04-26T13:47:55.601Z
notif-803,in_app,in_app,INVALID_TEMPLATE,invalid_template,2,FAILED,2026-05-04T12:35:55.601Z
notif-804,whatsapp,whatsapp_cloud,DND_BLOCKED,dnd_blocked,2,DLQ,2026-05-17T09:09:55.601Z
notif-805,push,fcm,PROVIDER_TIMEOUT,provider_timeout,4,FAILED,2026-06-03T10:12:55.602Z
notif-806,in_app,in_app,RATE_LIMITED,rate_limited,4,DLQ,2026-06-06T08:57:55.602Z
notif-807,whatsapp,whatsapp_cloud,RATE_LIMITED,rate_limited,5,FAILED,2026-04-05T13:39:55.602Z
notif-808,sms,twilio,NETWORK_ERROR,network_error,1,FAILED,2026-03-23T19:09:55.602Z
notif-809,push,fcm,EXPIRED_TOKEN,expired_token,4,FAILED,2026-06-01T09:13:55.602Z
notif-810,email,nodemailer,PROVIDER_TIMEOUT,provider_timeout,1,FAILED,2026-06-07T09:04:55.602Z
notif-811,sms,msg91,NETWORK_ERROR,network_error,2,FAILED,2026-06-15T08:37:55.602Z
notif-812,push,fcm,DND_BLOCKED,dnd_blocked,1,FAILED,2026-06-08T11:23:55.602Z
notif-813,sms,twilio,INVALID_RECIPIENT,invalid_recipient,4,FAILED,2026-06-04T09:19:55.602Z
notif-814,push,fcm,PROVIDER_TIMEOUT,provider_timeout,4,FAILED,2026-03-25T19:09:55.602Z
notif-815,email,nodemailer,DND_BLOCKED,dnd_blocked,2,FAILED,2026-05-01T19:09:55.602Z
notif-816,sms,twilio,NETWORK_ERROR,network_error,2,FAILED,2026-05-23T19:09:55.602Z
notif-817,sms,msg91,NETWORK_ERROR,network_error,1,FAILED,2026-05-23T19:09:55.602Z
notif-818,in_app,in_app,EXPIRED_TOKEN,expired_token,1,FAILED,2026-06-02T11:21:55.602Z
notif-819,push,fcm,EXPIRED_TOKEN,expired_token,4,DLQ,2026-05-22T13:04:55.602Z
notif-820,sms,msg91,DND_BLOCKED,dnd_blocked,3,DLQ,2026-06-02T08:44:55.602Z
notif-821,whatsapp,whatsapp_cloud,EXPIRED_TOKEN,expired_token,5,FAILED,2026-05-05T09:39:55.602Z
notif-822,email,nodemailer,PROVIDER_TIMEOUT,provider_timeout,2,FAILED,2026-05-22T12:44:55.602Z
notif-823,whatsapp,whatsapp_cloud,NETWORK_ERROR,network_error,1,FAILED,2026-03-29T11:00:55.602Z
notif-824,whatsapp,whatsapp_cloud,INVALID_RECIPIENT,invalid_recipient,1,FAILED,2026-04-27T11:31:55.602Z
notif-825,whatsapp,whatsapp_cloud,PROVIDER_TIMEOUT,provider_timeout,3,FAILED,2026-04-20T10:46:55.602Z
notif-826,in_app,in_app,RATE_LIMITED,rate_limited,5,FAILED,2026-05-09T09:44:55.602Z
notif-827,in_app,in_app,EXPIRED_TOKEN,expired_token,2,DLQ,2026-05-25T12:24:55.602Z
notif-828,push,fcm,INVALID_RECIPIENT,invalid_recipient,4,FAILED,2026-05-05T12:11:55.602Z
notif-829,email,nodemailer,NETWORK_ERROR,network_error,4,DLQ,2026-03-25T09:01:55.602Z
notif-830,whatsapp,whatsapp_cloud,DND_BLOCKED,dnd_blocked,5,DLQ,2026-05-21T09:51:55.602Z
notif-831,whatsapp,whatsapp_cloud,INVALID_TEMPLATE,invalid_template,2,FAILED,2026-04-20T10:42:55.602Z
notif-832,whatsapp,whatsapp_cloud,INVALID_RECIPIENT,invalid_recipient,5,FAILED,2026-05-25T19:09:55.602Z
notif-833,sms,twilio,DND_BLOCKED,dnd_blocked,2,FAILED,2026-03-25T12:21:55.602Z
notif-834,whatsapp,whatsapp_cloud,INVALID_TEMPLATE,invalid_template,4,FAILED,2026-06-12T13:20:55.602Z
notif-835,sms,msg91,RATE_LIMITED,rate_limited,5,DLQ,2026-04-12T13:11:55.602Z
notif-836,email,nodemailer,RATE_LIMITED,rate_limited,5,FAILED,2026-04-14T10:52:55.602Z
notif-837,email,nodemailer,INVALID_TEMPLATE,invalid_template,2,DLQ,2026-03-30T08:14:55.602Z
notif-838,whatsapp,whatsapp_cloud,DND_BLOCKED,dnd_blocked,4,FAILED,2026-05-11T11:05:55.602Z
notif-839,push,fcm,INVALID_RECIPIENT,invalid_recipient,2,DLQ,2026-04-09T10:00:55.602Z
notif-840,email,nodemailer,NETWORK_ERROR,network_error,5,FAILED,2026-05-04T10:18:55.602Z
notif-841,sms,twilio,PROVIDER_TIMEOUT,provider_timeout,5,FAILED,2026-04-03T11:04:55.602Z
notif-842,whatsapp,whatsapp_cloud,INVALID_RECIPIENT,invalid_recipient,1,FAILED,2026-05-12T08:05:55.602Z
notif-843,in_app,in_app,NETWORK_ERROR,network_error,4,DLQ,2026-04-16T11:19:55.602Z
notif-844,in_app,in_app,INVALID_TEMPLATE,invalid_template,5,DLQ,2026-06-05T11:06:55.602Z
notif-845,push,fcm,INVALID_TEMPLATE,invalid_template,2,FAILED,2026-04-29T13:49:55.602Z
notif-846,in_app,in_app,INVALID_RECIPIENT,invalid_recipient,4,FAILED,2026-05-03T08:48:55.602Z
notif-847,email,nodemailer,NETWORK_ERROR,network_error,2,FAILED,2026-06-04T09:37:55.602Z
notif-848,whatsapp,whatsapp_cloud,DND_BLOCKED,dnd_blocked,1,FAILED,2026-04-15T13:51:55.602Z
notif-849,email,nodemailer,RATE_LIMITED,rate_limited,5,DLQ,2026-05-31T08:43:55.602Z
notif-850,whatsapp,whatsapp_cloud,PROVIDER_TIMEOUT,provider_timeout,2,DLQ,2026-05-16T19:09:55.602Z
notif-851,sms,msg91,INVALID_RECIPIENT,invalid_recipient,2,FAILED,2026-05-21T19:09:55.602Z
notif-852,email,nodemailer,INVALID_TEMPLATE,invalid_template,1,FAILED,2026-03-30T12:50:55.602Z
notif-853,whatsapp,whatsapp_cloud,DND_BLOCKED,dnd_blocked,4,FAILED,2026-05-04T12:21:55.602Z
notif-854,email,nodemailer,EXPIRED_TOKEN,expired_token,5,FAILED,2026-05-02T10:53:55.602Z
notif-855,sms,msg91,NETWORK_ERROR,network_error,5,FAILED,2026-06-14T10:24:55.602Z
notif-856,email,nodemailer,EXPIRED_TOKEN,expired_token,3,FAILED,2026-06-02T12:24:55.602Z
notif-857,in_app,in_app,EXPIRED_TOKEN,expired_token,3,FAILED,2026-04-13T11:45:55.602Z
notif-858,sms,twilio,DND_BLOCKED,dnd_blocked,5,FAILED,2026-05-24T13:53:55.602Z
notif-859,whatsapp,whatsapp_cloud,PROVIDER_TIMEOUT,provider_timeout,3,FAILED,2026-04-27T12:36:55.602Z
notif-860,in_app,in_app,DND_BLOCKED,dnd_blocked,1,FAILED,2026-05-20T08:22:55.602Z
notif-861,push,fcm,PROVIDER_TIMEOUT,provider_timeout,4,DLQ,2026-05-24T11:18:55.602Z
notif-862,in_app,in_app,INVALID_RECIPIENT,invalid_recipient,4,FAILED,2026-03-21T19:09:55.602Z
notif-863,in_app,in_app,EXPIRED_TOKEN,expired_token,4,FAILED,2026-05-20T12:46:55.602Z
notif-864,in_app,in_app,RATE_LIMITED,rate_limited,2,DLQ,2026-04-28T12:19:55.602Z
notif-865,push,fcm,DND_BLOCKED,dnd_blocked,5,FAILED,2026-06-05T13:51:55.602Z
notif-866,in_app,in_app,DND_BLOCKED,dnd_blocked,2,FAILED,2026-04-28T08:16:55.602Z
notif-867,email,nodemailer,INVALID_RECIPIENT,invalid_recipient,2,FAILED,2026-06-13T08:43:55.602Z
notif-868,email,nodemailer,DND_BLOCKED,dnd_blocked,1,FAILED,2026-05-30T12:23:55.602Z
notif-869,in_app,in_app,RATE_LIMITED,rate_limited,2,FAILED,2026-05-04T10:52:55.602Z
notif-870,sms,twilio,INVALID_RECIPIENT,invalid_recipient,3,FAILED,2026-06-10T08:32:55.602Z
notif-871,email,nodemailer,INVALID_TEMPLATE,invalid_template,4,DLQ,2026-06-11T10:34:55.602Z
notif-872,push,fcm,DND_BLOCKED,dnd_blocked,1,DLQ,2026-03-26T10:58:55.602Z
notif-873,in_app,in_app,RATE_LIMITED,rate_limited,2,FAILED,2026-03-29T11:17:55.602Z
notif-874,whatsapp,whatsapp_cloud,PROVIDER_TIMEOUT,provider_timeout,5,FAILED,2026-03-25T08:09:55.602Z
notif-875,push,fcm,EXPIRED_TOKEN,expired_token,5,DLQ,2026-05-28T12:27:55.602Z
notif-876,in_app,in_app,INVALID_RECIPIENT,invalid_recipient,2,FAILED,2026-05-29T13:22:55.602Z
notif-877,in_app,in_app,INVALID_TEMPLATE,invalid_template,2,FAILED,2026-04-20T10:23:55.602Z
notif-878,sms,twilio,INVALID_TEMPLATE,invalid_template,1,DLQ,2026-04-17T11:41:55.602Z
notif-879,sms,twilio,DND_BLOCKED,dnd_blocked,2,DLQ,2026-06-11T09:10:55.602Z
notif-880,email,nodemailer,PROVIDER_TIMEOUT,provider_timeout,5,DLQ,2026-05-03T10:44:55.602Z
notif-881,in_app,in_app,INVALID_RECIPIENT,invalid_recipient,3,FAILED,2026-05-13T11:01:55.602Z
notif-882,sms,msg91,DND_BLOCKED,dnd_blocked,3,FAILED,2026-04-09T12:12:55.602Z
notif-883,push,fcm,INVALID_TEMPLATE,invalid_template,3,DLQ,2026-04-17T19:09:55.602Z
notif-884,whatsapp,whatsapp_cloud,PROVIDER_TIMEOUT,provider_timeout,1,FAILED,2026-05-04T09:57:55.602Z
notif-885,whatsapp,whatsapp_cloud,PROVIDER_TIMEOUT,provider_timeout,1,FAILED,2026-04-15T11:12:55.602Z
notif-886,email,nodemailer,EXPIRED_TOKEN,expired_token,3,FAILED,2026-06-15T08:41:55.602Z
notif-887,push,fcm,INVALID_RECIPIENT,invalid_recipient,2,DLQ,2026-05-13T08:38:55.602Z
notif-888,push,fcm,INVALID_RECIPIENT,invalid_recipient,3,DLQ,2026-03-26T19:09:55.602Z
notif-889,in_app,in_app,INVALID_TEMPLATE,invalid_template,4,FAILED,2026-05-09T19:09:55.602Z
notif-890,sms,twilio,INVALID_TEMPLATE,invalid_template,4,FAILED,2026-05-08T08:22:55.602Z
notif-891,sms,msg91,DND_BLOCKED,dnd_blocked,1,FAILED,2026-06-01T12:07:55.602Z
notif-892,push,fcm,INVALID_TEMPLATE,invalid_template,1,FAILED,2026-05-05T09:18:55.602Z
notif-893,whatsapp,whatsapp_cloud,EXPIRED_TOKEN,expired_token,4,FAILED,2026-03-22T13:49:55.602Z
notif-894,email,nodemailer,RATE_LIMITED,rate_limited,5,FAILED,2026-05-05T09:03:55.602Z
notif-895,in_app,in_app,INVALID_RECIPIENT,invalid_recipient,4,DLQ,2026-03-21T19:09:55.602Z
notif-896,push,fcm,RATE_LIMITED,rate_limited,3,FAILED,2026-05-27T11:17:55.602Z
notif-897,sms,twilio,INVALID_TEMPLATE,invalid_template,1,DLQ,2026-05-10T13:15:55.602Z
notif-898,sms,twilio,PROVIDER_TIMEOUT,provider_timeout,1,DLQ,2026-03-18T11:49:55.602Z
notif-899,sms,twilio,INVALID_TEMPLATE,invalid_template,4,FAILED,2026-04-02T19:09:55.602Z
notif-900,push,fcm,INVALID_TEMPLATE,invalid_template,3,FAILED,2026-05-19T09:45:55.602Z
notif-901,in_app,in_app,RATE_LIMITED,rate_limited,4,FAILED,2026-05-04T11:18:55.602Z
notif-902,email,nodemailer,RATE_LIMITED,rate_limited,5,FAILED,2026-03-18T19:09:55.602Z
notif-903,in_app,in_app,NETWORK_ERROR,network_error,2,FAILED,2026-05-05T10:39:55.602Z
notif-904,email,nodemailer,EXPIRED_TOKEN,expired_token,3,DLQ,2026-04-28T19:09:55.602Z
notif-905,whatsapp,whatsapp_cloud,INVALID_RECIPIENT,invalid_recipient,1,DLQ,2026-04-09T19:09:55.602Z
notif-906,whatsapp,whatsapp_cloud,PROVIDER_TIMEOUT,provider_timeout,2,FAILED,2026-04-27T11:28:55.602Z
notif-907,whatsapp,whatsapp_cloud,NETWORK_ERROR,network_error,1,FAILED,2026-05-07T19:09:55.602Z
notif-908,in_app,in_app,INVALID_RECIPIENT,invalid_recipient,5,FAILED,2026-05-31T09:47:55.602Z
notif-909,whatsapp,whatsapp_cloud,INVALID_RECIPIENT,invalid_recipient,2,FAILED,2026-04-03T19:09:55.602Z
notif-910,in_app,in_app,NETWORK_ERROR,network_error,3,FAILED,2026-05-23T12:55:55.602Z
notif-911,email,nodemailer,INVALID_TEMPLATE,invalid_template,3,DLQ,2026-03-18T19:09:55.602Z
notif-912,whatsapp,whatsapp_cloud,INVALID_TEMPLATE,invalid_template,2,DLQ,2026-05-24T12:23:55.602Z
notif-913,email,nodemailer,RATE_LIMITED,rate_limited,5,FAILED,2026-05-04T08:55:55.602Z
notif-914,push,fcm,DND_BLOCKED,dnd_blocked,1,FAILED,2026-05-02T12:31:55.602Z
notif-915,push,fcm,EXPIRED_TOKEN,expired_token,4,DLQ,2026-04-12T11:26:55.602Z
notif-916,email,nodemailer,INVALID_TEMPLATE,invalid_template,5,DLQ,2026-05-24T13:17:55.602Z
notif-917,push,fcm,EXPIRED_TOKEN,expired_token,3,FAILED,2026-03-19T19:09:55.602Z
notif-918,email,nodemailer,INVALID_RECIPIENT,invalid_recipient,1,DLQ,2026-04-03T08:30:55.602Z
notif-919,whatsapp,whatsapp_cloud,RATE_LIMITED,rate_limited,4,FAILED,2026-03-26T08:45:55.602Z
notif-920,email,nodemailer,INVALID_RECIPIENT,invalid_recipient,1,FAILED,2026-03-18T08:07:55.602Z
notif-921,sms,twilio,INVALID_RECIPIENT,invalid_recipient,4,DLQ,2026-04-24T08:37:55.602Z
notif-922,sms,twilio,DND_BLOCKED,dnd_blocked,3,FAILED,2026-05-29T12:10:55.602Z
notif-923,push,fcm,INVALID_TEMPLATE,invalid_template,5,DLQ,2026-03-30T11:49:55.602Z
notif-924,sms,twilio,PROVIDER_TIMEOUT,provider_timeout,4,FAILED,2026-05-02T10:58:55.602Z
notif-925,push,fcm,RATE_LIMITED,rate_limited,5,FAILED,2026-04-30T11:48:55.602Z
notif-926,whatsapp,whatsapp_cloud,RATE_LIMITED,rate_limited,2,FAILED,2026-06-01T12:09:55.602Z
notif-927,email,nodemailer,INVALID_TEMPLATE,invalid_template,5,FAILED,2026-03-25T12:03:55.602Z
notif-928,whatsapp,whatsapp_cloud,INVALID_TEMPLATE,invalid_template,3,DLQ,2026-05-10T09:03:55.602Z
notif-929,sms,msg91,INVALID_RECIPIENT,invalid_recipient,1,FAILED,2026-03-21T12:01:55.602Z
notif-930,sms,twilio,DND_BLOCKED,dnd_blocked,4,DLQ,2026-05-31T08:42:55.602Z
notif-931,whatsapp,whatsapp_cloud,RATE_LIMITED,rate_limited,2,FAILED,2026-04-09T13:30:55.602Z
notif-932,whatsapp,whatsapp_cloud,EXPIRED_TOKEN,expired_token,2,FAILED,2026-04-29T19:09:55.602Z
notif-933,push,fcm,DND_BLOCKED,dnd_blocked,3,FAILED,2026-04-22T19:09:55.602Z
notif-934,email,nodemailer,NETWORK_ERROR,network_error,4,FAILED,2026-06-06T08:50:55.602Z
notif-935,email,nodemailer,DND_BLOCKED,dnd_blocked,5,DLQ,2026-06-10T08:17:55.602Z
notif-936,sms,msg91,PROVIDER_TIMEOUT,provider_timeout,5,DLQ,2026-06-10T08:21:55.602Z
notif-937,sms,msg91,EXPIRED_TOKEN,expired_token,1,FAILED,2026-04-03T10:57:55.602Z
notif-938,whatsapp,whatsapp_cloud,EXPIRED_TOKEN,expired_token,3,FAILED,2026-04-01T13:37:55.602Z
notif-939,whatsapp,whatsapp_cloud,INVALID_TEMPLATE,invalid_template,1,FAILED,2026-03-21T12:29:55.602Z
notif-940,email,nodemailer,EXPIRED_TOKEN,expired_token,3,FAILED,2026-04-12T13:50:55.602Z
notif-941,sms,twilio,RATE_LIMITED,rate_limited,2,FAILED,2026-03-27T10:12:55.602Z
notif-942,email,nodemailer,DND_BLOCKED,dnd_blocked,4,DLQ,2026-05-16T19:09:55.602Z
notif-943,whatsapp,whatsapp_cloud,PROVIDER_TIMEOUT,provider_timeout,3,FAILED,2026-04-06T08:11:55.602Z
notif-944,email,nodemailer,INVALID_RECIPIENT,invalid_recipient,2,FAILED,2026-04-23T19:09:55.602Z
notif-945,in_app,in_app,INVALID_RECIPIENT,invalid_recipient,5,FAILED,2026-04-09T13:47:55.602Z
notif-946,email,nodemailer,RATE_LIMITED,rate_limited,1,FAILED,2026-06-08T12:00:55.602Z
notif-947,in_app,in_app,NETWORK_ERROR,network_error,4,FAILED,2026-05-26T12:31:55.602Z
notif-948,whatsapp,whatsapp_cloud,RATE_LIMITED,rate_limited,5,FAILED,2026-05-27T19:09:55.602Z
notif-949,whatsapp,whatsapp_cloud,INVALID_RECIPIENT,invalid_recipient,5,DLQ,2026-05-29T08:46:55.602Z
notif-950,email,nodemailer,PROVIDER_TIMEOUT,provider_timeout,1,FAILED,2026-06-09T11:53:55.602Z
notif-951,whatsapp,whatsapp_cloud,EXPIRED_TOKEN,expired_token,1,DLQ,2026-04-26T12:29:55.602Z
notif-952,sms,twilio,NETWORK_ERROR,network_error,1,FAILED,2026-04-08T19:09:55.602Z
notif-953,push,fcm,RATE_LIMITED,rate_limited,1,FAILED,2026-06-13T10:19:55.602Z
notif-954,in_app,in_app,NETWORK_ERROR,network_error,1,FAILED,2026-03-22T10:07:55.602Z
notif-955,email,nodemailer,NETWORK_ERROR,network_error,3,FAILED,2026-05-31T13:56:55.602Z
notif-956,push,fcm,EXPIRED_TOKEN,expired_token,5,FAILED,2026-05-26T12:32:55.602Z
notif-957,whatsapp,whatsapp_cloud,PROVIDER_TIMEOUT,provider_timeout,4,FAILED,2026-06-14T12:30:55.602Z
notif-958,email,nodemailer,INVALID_TEMPLATE,invalid_template,4,DLQ,2026-05-30T09:05:55.602Z
notif-959,in_app,in_app,RATE_LIMITED,rate_limited,4,FAILED,2026-05-24T12:26:55.602Z
notif-960,sms,msg91,INVALID_TEMPLATE,invalid_template,2,FAILED,2026-03-29T12:10:55.602Z
notif-961,in_app,in_app,INVALID_RECIPIENT,invalid_recipient,4,FAILED,2026-05-18T09:17:55.602Z
notif-962,whatsapp,whatsapp_cloud,EXPIRED_TOKEN,expired_token,3,FAILED,2026-05-18T19:09:55.602Z
notif-963,in_app,in_app,INVALID_TEMPLATE,invalid_template,1,DLQ,2026-04-05T09:07:55.602Z
notif-964,sms,twilio,RATE_LIMITED,rate_limited,2,FAILED,2026-05-16T12:25:55.602Z
notif-965,sms,msg91,EXPIRED_TOKEN,expired_token,3,FAILED,2026-03-30T19:09:55.602Z
notif-966,whatsapp,whatsapp_cloud,EXPIRED_TOKEN,expired_token,3,FAILED,2026-05-02T09:48:55.602Z
notif-967,whatsapp,whatsapp_cloud,PROVIDER_TIMEOUT,provider_timeout,4,FAILED,2026-05-21T11:21:55.602Z
notif-968,email,nodemailer,INVALID_RECIPIENT,invalid_recipient,4,FAILED,2026-03-26T08:43:55.602Z
notif-969,push,fcm,NETWORK_ERROR,network_error,4,FAILED,2026-03-27T12:49:55.602Z
notif-970,in_app,in_app,INVALID_RECIPIENT,invalid_recipient,2,FAILED,2026-04-25T09:42:55.602Z
notif-971,email,nodemailer,PROVIDER_TIMEOUT,provider_timeout,5,DLQ,2026-03-21T10:40:55.602Z
notif-972,push,fcm,NETWORK_ERROR,network_error,1,FAILED,2026-06-14T10:58:55.602Z
notif-973,email,nodemailer,RATE_LIMITED,rate_limited,1,DLQ,2026-06-09T09:07:55.602Z
notif-974,in_app,in_app,RATE_LIMITED,rate_limited,4,FAILED,2026-05-18T11:45:55.602Z
notif-975,in_app,in_app,INVALID_TEMPLATE,invalid_template,1,FAILED,2026-04-11T08:37:55.602Z
notif-976,whatsapp,whatsapp_cloud,RATE_LIMITED,rate_limited,2,FAILED,2026-03-25T12:40:55.602Z
notif-977,sms,twilio,PROVIDER_TIMEOUT,provider_timeout,4,DLQ,2026-03-25T19:09:55.602Z
notif-978,sms,twilio,EXPIRED_TOKEN,expired_token,1,FAILED,2026-05-31T11:02:55.602Z
notif-979,email,nodemailer,INVALID_RECIPIENT,invalid_recipient,1,FAILED,2026-05-29T12:37:55.602Z
notif-980,whatsapp,whatsapp_cloud,INVALID_RECIPIENT,invalid_recipient,2,FAILED,2026-05-25T10:27:55.602Z
notif-981,in_app,in_app,INVALID_RECIPIENT,invalid_recipient,4,DLQ,2026-04-30T08:51:55.602Z
notif-982,in_app,in_app,INVALID_TEMPLATE,invalid_template,5,FAILED,2026-06-11T13:44:55.602Z
notif-983,sms,twilio,PROVIDER_TIMEOUT,provider_timeout,2,FAILED,2026-05-29T19:09:55.602Z
notif-984,email,nodemailer,INVALID_RECIPIENT,invalid_recipient,5,DLQ,2026-04-10T19:09:55.602Z
notif-985,whatsapp,whatsapp_cloud,INVALID_RECIPIENT,invalid_recipient,1,DLQ,2026-05-02T09:02:55.602Z
notif-986,push,fcm,DND_BLOCKED,dnd_blocked,2,FAILED,2026-04-21T08:15:55.602Z
notif-987,push,fcm,RATE_LIMITED,rate_limited,4,FAILED,2026-05-07T08:16:55.602Z
notif-988,in_app,in_app,INVALID_RECIPIENT,invalid_recipient,3,FAILED,2026-03-18T19:09:55.602Z
notif-989,push,fcm,RATE_LIMITED,rate_limited,1,DLQ,2026-05-04T12:46:55.602Z
notif-990,email,nodemailer,DND_BLOCKED,dnd_blocked,3,FAILED,2026-05-22T11:03:55.602Z
notif-991,in_app,in_app,INVALID_TEMPLATE,invalid_template,4,FAILED,2026-06-13T08:23:55.602Z
notif-992,email,nodemailer,DND_BLOCKED,dnd_blocked,2,FAILED,2026-04-29T10:27:55.602Z
notif-993,push,fcm,PROVIDER_TIMEOUT,provider_timeout,5,FAILED,2026-05-06T11:42:55.602Z
notif-994,in_app,in_app,PROVIDER_TIMEOUT,provider_timeout,3,DLQ,2026-03-30T10:14:55.602Z
notif-995,sms,twilio,DND_BLOCKED,dnd_blocked,5,FAILED,2026-04-28T08:53:55.602Z
notif-996,push,fcm,RATE_LIMITED,rate_limited,3,FAILED,2026-05-24T11:14:55.602Z
notif-997,email,nodemailer,EXPIRED_TOKEN,expired_token,2,FAILED,2026-05-29T12:02:55.602Z
notif-998,in_app,in_app,INVALID_TEMPLATE,invalid_template,4,DLQ,2026-03-30T12:45:55.602Z
notif-999,whatsapp,whatsapp_cloud,RATE_LIMITED,rate_limited,1,DLQ,2026-06-09T12:16:55.602Z
notif-1000,email,nodemailer,NETWORK_ERROR,network_error,1,DLQ,2026-05-02T10:35:55.602Z
notif-1001,email,nodemailer,RATE_LIMITED,rate_limited,1,FAILED,2026-05-19T19:09:55.602Z
notif-1002,push,fcm,EXPIRED_TOKEN,expired_token,5,DLQ,2026-03-22T11:44:55.602Z
notif-1003,whatsapp,whatsapp_cloud,EXPIRED_TOKEN,expired_token,4,DLQ,2026-05-17T19:09:55.602Z
notif-1004,push,fcm,PROVIDER_TIMEOUT,provider_timeout,3,FAILED,2026-05-31T08:27:55.602Z
notif-1005,push,fcm,INVALID_TEMPLATE,invalid_template,2,DLQ,2026-06-07T19:09:55.602Z
notif-1006,push,fcm,DND_BLOCKED,dnd_blocked,1,FAILED,2026-06-13T13:52:55.602Z
notif-1007,email,nodemailer,NETWORK_ERROR,network_error,5,FAILED,2026-05-15T08:40:55.602Z
notif-1008,push,fcm,INVALID_RECIPIENT,invalid_recipient,1,FAILED,2026-04-27T09:33:55.602Z
notif-1009,push,fcm,DND_BLOCKED,dnd_blocked,5,DLQ,2026-05-23T08:54:55.602Z
notif-1010,sms,twilio,PROVIDER_TIMEOUT,provider_timeout,3,FAILED,2026-05-23T12:41:55.602Z
notif-1011,email,nodemailer,RATE_LIMITED,rate_limited,3,FAILED,2026-05-21T13:10:55.602Z
notif-1012,push,fcm,INVALID_RECIPIENT,invalid_recipient,2,FAILED,2026-04-27T13:13:55.602Z
notif-1013,whatsapp,whatsapp_cloud,NETWORK_ERROR,network_error,3,FAILED,2026-05-29T12:41:55.602Z
notif-1014,push,fcm,INVALID_RECIPIENT,invalid_recipient,4,DLQ,2026-04-03T13:16:55.602Z
notif-1015,in_app,in_app,INVALID_TEMPLATE,invalid_template,3,FAILED,2026-04-26T09:58:55.602Z
notif-1016,push,fcm,INVALID_TEMPLATE,invalid_template,3,FAILED,2026-03-21T08:35:55.602Z
notif-1017,in_app,in_app,RATE_LIMITED,rate_limited,1,DLQ,2026-05-27T08:35:55.602Z
notif-1018,in_app,in_app,EXPIRED_TOKEN,expired_token,4,FAILED,2026-04-18T19:09:55.602Z
notif-1019,push,fcm,INVALID_TEMPLATE,invalid_template,1,DLQ,2026-04-28T10:03:55.602Z
notif-1020,whatsapp,whatsapp_cloud,NETWORK_ERROR,network_error,3,FAILED,2026-04-25T19:09:55.602Z
notif-1021,in_app,in_app,RATE_LIMITED,rate_limited,1,FAILED,2026-05-29T08:01:55.602Z
notif-1022,sms,msg91,NETWORK_ERROR,network_error,3,DLQ,2026-05-04T19:09:55.602Z
notif-1023,email,nodemailer,NETWORK_ERROR,network_error,3,FAILED,2026-04-17T12:40:55.602Z
notif-1024,whatsapp,whatsapp_cloud,RATE_LIMITED,rate_limited,2,FAILED,2026-05-22T11:55:55.602Z
notif-1025,sms,twilio,INVALID_RECIPIENT,invalid_recipient,1,FAILED,2026-05-06T10:57:55.602Z
notif-1026,push,fcm,DND_BLOCKED,dnd_blocked,3,FAILED,2026-04-11T09:57:55.602Z
notif-1027,in_app,in_app,RATE_LIMITED,rate_limited,3,FAILED,2026-04-28T13:42:55.602Z
notif-1028,in_app,in_app,EXPIRED_TOKEN,expired_token,2,FAILED,2026-05-09T19:09:55.602Z
notif-1029,sms,twilio,PROVIDER_TIMEOUT,provider_timeout,1,DLQ,2026-05-17T11:34:55.602Z
notif-1030,push,fcm,INVALID_RECIPIENT,invalid_recipient,5,FAILED,2026-05-12T13:53:55.602Z
notif-1031,in_app,in_app,INVALID_RECIPIENT,invalid_recipient,2,FAILED,2026-05-06T09:44:55.602Z
notif-1032,push,fcm,INVALID_RECIPIENT,invalid_recipient,2,FAILED,2026-06-01T11:57:55.602Z
notif-1033,in_app,in_app,DND_BLOCKED,dnd_blocked,4,FAILED,2026-05-19T09:19:55.602Z
notif-1034,push,fcm,PROVIDER_TIMEOUT,provider_timeout,2,DLQ,2026-04-26T11:07:55.602Z
notif-1035,in_app,in_app,PROVIDER_TIMEOUT,provider_timeout,2,FAILED,2026-04-14T12:24:55.602Z
notif-1036,email,nodemailer,NETWORK_ERROR,network_error,2,FAILED,2026-05-30T19:09:55.602Z
notif-1037,whatsapp,whatsapp_cloud,EXPIRED_TOKEN,expired_token,2,DLQ,2026-06-06T12:17:55.602Z
notif-1038,sms,msg91,RATE_LIMITED,rate_limited,1,FAILED,2026-05-28T12:37:55.602Z
notif-1039,push,fcm,INVALID_TEMPLATE,invalid_template,2,FAILED,2026-04-08T08:05:55.602Z
notif-1040,sms,msg91,RATE_LIMITED,rate_limited,3,FAILED,2026-04-04T13:55:55.602Z
notif-1041,whatsapp,whatsapp_cloud,DND_BLOCKED,dnd_blocked,1,FAILED,2026-03-19T10:14:55.602Z
notif-1042,email,nodemailer,DND_BLOCKED,dnd_blocked,5,FAILED,2026-06-08T12:36:55.602Z
notif-1043,in_app,in_app,RATE_LIMITED,rate_limited,4,FAILED,2026-04-26T19:09:55.602Z
notif-1044,sms,msg91,EXPIRED_TOKEN,expired_token,2,FAILED,2026-04-20T11:54:55.602Z
notif-1045,push,fcm,DND_BLOCKED,dnd_blocked,5,DLQ,2026-04-26T08:08:55.602Z
notif-1046,in_app,in_app,DND_BLOCKED,dnd_blocked,5,FAILED,2026-06-09T08:29:55.602Z
notif-1047,push,fcm,PROVIDER_TIMEOUT,provider_timeout,1,DLQ,2026-05-03T12:29:55.602Z
notif-1048,sms,msg91,DND_BLOCKED,dnd_blocked,1,DLQ,2026-03-19T13:04:55.602Z
notif-1049,in_app,in_app,INVALID_TEMPLATE,invalid_template,2,FAILED,2026-06-11T19:09:55.602Z
notif-1050,email,nodemailer,NETWORK_ERROR,network_error,3,FAILED,2026-05-25T10:55:55.602Z
notif-1051,email,nodemailer,INVALID_TEMPLATE,invalid_template,5,FAILED,2026-05-25T19:09:55.602Z
notif-1052,email,nodemailer,INVALID_TEMPLATE,invalid_template,1,FAILED,2026-04-24T12:27:55.602Z
notif-1053,whatsapp,whatsapp_cloud,NETWORK_ERROR,network_error,4,DLQ,2026-04-05T12:17:55.602Z
notif-1054,push,fcm,NETWORK_ERROR,network_error,4,FAILED,2026-05-25T19:09:55.602Z
notif-1055,push,fcm,INVALID_RECIPIENT,invalid_recipient,2,FAILED,2026-05-11T19:09:55.602Z
notif-1056,push,fcm,EXPIRED_TOKEN,expired_token,2,FAILED,2026-05-13T08:28:55.602Z
notif-1057,sms,twilio,INVALID_RECIPIENT,invalid_recipient,5,DLQ,2026-05-22T12:33:55.602Z
notif-1058,whatsapp,whatsapp_cloud,EXPIRED_TOKEN,expired_token,3,FAILED,2026-03-22T08:05:55.602Z
notif-1059,sms,msg91,EXPIRED_TOKEN,expired_token,4,DLQ,2026-03-26T19:09:55.602Z
notif-1060,sms,twilio,PROVIDER_TIMEOUT,provider_timeout,1,FAILED,2026-05-11T08:31:55.602Z
notif-1061,sms,msg91,INVALID_RECIPIENT,invalid_recipient,1,FAILED,2026-03-26T12:29:55.602Z
notif-1062,whatsapp,whatsapp_cloud,DND_BLOCKED,dnd_blocked,2,FAILED,2026-05-05T13:35:55.602Z
notif-1063,sms,twilio,RATE_LIMITED,rate_limited,3,DLQ,2026-04-16T19:09:55.602Z
notif-1064,in_app,in_app,INVALID_RECIPIENT,invalid_recipient,3,FAILED,2026-05-08T10:12:55.602Z
notif-1065,whatsapp,whatsapp_cloud,INVALID_TEMPLATE,invalid_template,3,DLQ,2026-05-19T08:35:55.602Z
notif-1066,push,fcm,NETWORK_ERROR,network_error,1,FAILED,2026-04-05T12:38:55.602Z
notif-1067,in_app,in_app,INVALID_RECIPIENT,invalid_recipient,1,DLQ,2026-05-19T12:29:55.602Z
notif-1068,push,fcm,PROVIDER_TIMEOUT,provider_timeout,5,FAILED,2026-06-07T12:43:55.602Z
notif-1069,sms,msg91,DND_BLOCKED,dnd_blocked,3,FAILED,2026-05-22T08:34:55.602Z
notif-1070,sms,msg91,RATE_LIMITED,rate_limited,5,FAILED,2026-04-22T19:09:55.602Z
notif-1071,in_app,in_app,PROVIDER_TIMEOUT,provider_timeout,1,FAILED,2026-04-11T11:57:55.602Z
notif-1072,whatsapp,whatsapp_cloud,PROVIDER_TIMEOUT,provider_timeout,3,DLQ,2026-03-23T19:09:55.602Z
notif-1073,push,fcm,DND_BLOCKED,dnd_blocked,3,FAILED,2026-04-12T08:46:55.602Z
notif-1074,push,fcm,DND_BLOCKED,dnd_blocked,5,DLQ,2026-04-05T08:38:55.602Z
notif-1075,push,fcm,DND_BLOCKED,dnd_blocked,5,FAILED,2026-03-20T11:31:55.602Z
notif-1076,in_app,in_app,INVALID_RECIPIENT,invalid_recipient,2,FAILED,2026-05-14T13:00:55.602Z
notif-1077,email,nodemailer,PROVIDER_TIMEOUT,provider_timeout,4,FAILED,2026-06-02T19:09:55.602Z
notif-1078,sms,msg91,INVALID_RECIPIENT,invalid_recipient,3,FAILED,2026-03-30T10:55:55.602Z
notif-1079,sms,msg91,INVALID_TEMPLATE,invalid_template,3,DLQ,2026-03-19T12:04:55.602Z
notif-1080,in_app,in_app,EXPIRED_TOKEN,expired_token,5,FAILED,2026-04-21T12:06:55.602Z
notif-1081,sms,msg91,PROVIDER_TIMEOUT,provider_timeout,1,FAILED,2026-05-11T08:12:55.602Z
notif-1082,whatsapp,whatsapp_cloud,INVALID_RECIPIENT,invalid_recipient,1,DLQ,2026-05-29T11:16:55.602Z
notif-1083,sms,msg91,DND_BLOCKED,dnd_blocked,5,DLQ,2026-04-28T08:51:55.602Z
notif-1084,whatsapp,whatsapp_cloud,INVALID_TEMPLATE,invalid_template,2,DLQ,2026-05-31T10:13:55.602Z
notif-1085,push,fcm,RATE_LIMITED,rate_limited,2,FAILED,2026-05-21T12:49:55.602Z
notif-1086,push,fcm,EXPIRED_TOKEN,expired_token,5,DLQ,2026-04-26T11:54:55.602Z
notif-1087,email,nodemailer,INVALID_TEMPLATE,invalid_template,2,FAILED,2026-03-21T09:25:55.602Z
notif-1088,whatsapp,whatsapp_cloud,INVALID_RECIPIENT,invalid_recipient,2,FAILED,2026-06-12T12:47:55.602Z
notif-1089,in_app,in_app,PROVIDER_TIMEOUT,provider_timeout,1,FAILED,2026-05-07T13:31:55.602Z
notif-1090,push,fcm,EXPIRED_TOKEN,expired_token,4,FAILED,2026-05-29T19:09:55.602Z
notif-1091,push,fcm,EXPIRED_TOKEN,expired_token,4,FAILED,2026-04-08T08:50:55.602Z
notif-1092,email,nodemailer,INVALID_RECIPIENT,invalid_recipient,3,FAILED,2026-04-13T13:48:55.602Z
notif-1093,push,fcm,NETWORK_ERROR,network_error,1,DLQ,2026-05-18T11:41:55.602Z
notif-1094,push,fcm,INVALID_TEMPLATE,invalid_template,3,FAILED,2026-06-15T12:39:55.602Z
notif-1095,whatsapp,whatsapp_cloud,DND_BLOCKED,dnd_blocked,2,FAILED,2026-04-01T19:09:55.602Z
notif-1096,push,fcm,NETWORK_ERROR,network_error,2,DLQ,2026-05-24T11:51:55.602Z
notif-1097,email,nodemailer,INVALID_RECIPIENT,invalid_recipient,4,DLQ,2026-03-24T12:29:55.602Z
notif-1098,in_app,in_app,DND_BLOCKED,dnd_blocked,1,FAILED,2026-03-28T09:08:55.602Z
notif-1099,sms,twilio,INVALID_RECIPIENT,invalid_recipient,2,FAILED,2026-05-06T13:11:55.602Z
notif-1100,sms,msg91,NETWORK_ERROR,network_error,2,DLQ,2026-06-12T19:09:55.602Z
notif-1101,email,nodemailer,INVALID_TEMPLATE,invalid_template,4,DLQ,2026-04-01T11:40:55.602Z
notif-1102,in_app,in_app,DND_BLOCKED,dnd_blocked,3,FAILED,2026-05-17T09:56:55.602Z
notif-1103,whatsapp,whatsapp_cloud,EXPIRED_TOKEN,expired_token,5,FAILED,2026-04-16T11:07:55.602Z
notif-1104,sms,msg91,PROVIDER_TIMEOUT,provider_timeout,5,FAILED,2026-04-14T08:48:55.602Z
notif-1105,push,fcm,INVALID_TEMPLATE,invalid_template,5,DLQ,2026-04-25T11:12:55.603Z
notif-1106,push,fcm,EXPIRED_TOKEN,expired_token,1,DLQ,2026-04-27T12:17:55.603Z
notif-1107,whatsapp,whatsapp_cloud,INVALID_TEMPLATE,invalid_template,4,FAILED,2026-05-31T13:19:55.603Z
notif-1108,in_app,in_app,EXPIRED_TOKEN,expired_token,3,FAILED,2026-05-09T19:09:55.603Z
notif-1109,whatsapp,whatsapp_cloud,INVALID_TEMPLATE,invalid_template,4,DLQ,2026-03-31T08:44:55.603Z
notif-1110,in_app,in_app,RATE_LIMITED,rate_limited,3,FAILED,2026-04-03T10:52:55.603Z
notif-1111,in_app,in_app,INVALID_RECIPIENT,invalid_recipient,5,DLQ,2026-03-29T11:24:55.603Z
notif-1112,sms,twilio,INVALID_RECIPIENT,invalid_recipient,1,FAILED,2026-06-15T19:09:55.603Z
notif-1113,whatsapp,whatsapp_cloud,INVALID_TEMPLATE,invalid_template,2,FAILED,2026-06-15T09:25:55.603Z
notif-1114,in_app,in_app,INVALID_TEMPLATE,invalid_template,1,DLQ,2026-05-17T13:36:55.603Z
notif-1115,push,fcm,RATE_LIMITED,rate_limited,2,DLQ,2026-05-28T09:02:55.603Z
notif-1116,whatsapp,whatsapp_cloud,EXPIRED_TOKEN,expired_token,5,FAILED,2026-04-26T08:24:55.603Z
notif-1117,whatsapp,whatsapp_cloud,INVALID_RECIPIENT,invalid_recipient,5,FAILED,2026-05-10T12:47:55.603Z
notif-1118,whatsapp,whatsapp_cloud,NETWORK_ERROR,network_error,3,FAILED,2026-05-21T12:10:55.603Z
notif-1119,email,nodemailer,INVALID_TEMPLATE,invalid_template,4,FAILED,2026-04-13T08:30:55.603Z
notif-1120,sms,twilio,PROVIDER_TIMEOUT,provider_timeout,5,DLQ,2026-05-25T10:11:55.603Z
notif-1121,push,fcm,EXPIRED_TOKEN,expired_token,4,DLQ,2026-05-12T13:55:55.603Z
notif-1122,sms,twilio,NETWORK_ERROR,network_error,2,FAILED,2026-05-29T12:57:55.603Z
notif-1123,in_app,in_app,RATE_LIMITED,rate_limited,5,FAILED,2026-05-24T11:24:55.603Z
notif-1124,whatsapp,whatsapp_cloud,INVALID_TEMPLATE,invalid_template,1,FAILED,2026-04-21T10:46:55.603Z
notif-1125,email,nodemailer,NETWORK_ERROR,network_error,2,FAILED,2026-04-26T09:25:55.603Z
notif-1126,sms,msg91,EXPIRED_TOKEN,expired_token,1,FAILED,2026-05-19T12:25:55.603Z
notif-1127,push,fcm,RATE_LIMITED,rate_limited,5,DLQ,2026-04-17T12:40:55.603Z
notif-1128,email,nodemailer,INVALID_RECIPIENT,invalid_recipient,3,DLQ,2026-06-11T12:07:55.603Z
notif-1129,whatsapp,whatsapp_cloud,INVALID_TEMPLATE,invalid_template,3,FAILED,2026-04-15T11:43:55.603Z
notif-1130,email,nodemailer,EXPIRED_TOKEN,expired_token,2,DLQ,2026-03-25T11:55:55.603Z
notif-1131,sms,twilio,PROVIDER_TIMEOUT,provider_timeout,3,DLQ,2026-04-28T19:09:55.603Z
notif-1132,push,fcm,EXPIRED_TOKEN,expired_token,3,DLQ,2026-05-08T12:41:55.603Z
notif-1133,push,fcm,DND_BLOCKED,dnd_blocked,3,FAILED,2026-05-09T13:12:55.603Z
notif-1134,whatsapp,whatsapp_cloud,RATE_LIMITED,rate_limited,5,DLQ,2026-03-30T13:46:55.603Z
notif-1135,sms,twilio,INVALID_RECIPIENT,invalid_recipient,4,FAILED,2026-05-11T10:33:55.603Z
notif-1136,push,fcm,PROVIDER_TIMEOUT,provider_timeout,3,DLQ,2026-06-09T11:06:55.603Z
notif-1137,sms,msg91,NETWORK_ERROR,network_error,5,FAILED,2026-06-05T09:29:55.603Z
notif-1138,in_app,in_app,DND_BLOCKED,dnd_blocked,3,FAILED,2026-05-18T08:21:55.603Z
notif-1139,in_app,in_app,DND_BLOCKED,dnd_blocked,3,FAILED,2026-04-08T09:41:55.603Z
notif-1140,whatsapp,whatsapp_cloud,PROVIDER_TIMEOUT,provider_timeout,5,FAILED,2026-04-18T19:09:55.603Z
notif-1141,in_app,in_app,RATE_LIMITED,rate_limited,2,FAILED,2026-04-02T13:13:55.603Z
notif-1142,whatsapp,whatsapp_cloud,EXPIRED_TOKEN,expired_token,5,FAILED,2026-04-06T10:25:55.603Z
notif-1143,push,fcm,EXPIRED_TOKEN,expired_token,4,FAILED,2026-05-10T09:42:55.603Z
notif-1144,push,fcm,EXPIRED_TOKEN,expired_token,4,DLQ,2026-03-18T12:41:55.603Z
notif-1145,email,nodemailer,INVALID_TEMPLATE,invalid_template,5,FAILED,2026-04-06T13:50:55.603Z
notif-1146,whatsapp,whatsapp_cloud,DND_BLOCKED,dnd_blocked,4,FAILED,2026-04-09T12:37:55.603Z
notif-1147,push,fcm,INVALID_RECIPIENT,invalid_recipient,2,FAILED,2026-06-01T09:18:55.603Z
notif-1148,in_app,in_app,INVALID_TEMPLATE,invalid_template,3,FAILED,2026-05-02T10:11:55.603Z
notif-1149,email,nodemailer,NETWORK_ERROR,network_error,5,FAILED,2026-05-24T11:37:55.603Z
notif-1150,email,nodemailer,INVALID_TEMPLATE,invalid_template,2,DLQ,2026-05-02T10:55:55.603Z
notif-1151,in_app,in_app,EXPIRED_TOKEN,expired_token,5,FAILED,2026-05-01T12:33:55.603Z
notif-1152,in_app,in_app,EXPIRED_TOKEN,expired_token,5,DLQ,2026-04-06T12:37:55.603Z
notif-1153,email,nodemailer,EXPIRED_TOKEN,expired_token,5,FAILED,2026-05-26T10:32:55.603Z
notif-1154,sms,twilio,DND_BLOCKED,dnd_blocked,4,FAILED,2026-06-12T13:19:55.603Z
notif-1155,in_app,in_app,RATE_LIMITED,rate_limited,3,FAILED,2026-04-23T19:09:55.603Z
notif-1156,in_app,in_app,INVALID_TEMPLATE,invalid_template,3,FAILED,2026-05-15T11:09:55.603Z
notif-1157,in_app,in_app,INVALID_RECIPIENT,invalid_recipient,1,FAILED,2026-05-27T11:36:55.603Z
notif-1158,email,nodemailer,INVALID_RECIPIENT,invalid_recipient,3,DLQ,2026-04-04T09:02:55.603Z
notif-1159,email,nodemailer,EXPIRED_TOKEN,expired_token,3,DLQ,2026-05-16T19:09:55.603Z
notif-1160,whatsapp,whatsapp_cloud,PROVIDER_TIMEOUT,provider_timeout,2,DLQ,2026-05-24T08:11:55.603Z
notif-1161,sms,twilio,PROVIDER_TIMEOUT,provider_timeout,1,DLQ,2026-06-10T13:08:55.603Z
notif-1162,push,fcm,INVALID_RECIPIENT,invalid_recipient,3,DLQ,2026-05-11T10:15:55.603Z
notif-1163,push,fcm,NETWORK_ERROR,network_error,3,DLQ,2026-05-17T10:55:55.603Z
notif-1164,email,nodemailer,NETWORK_ERROR,network_error,5,FAILED,2026-05-23T10:30:55.603Z
notif-1165,in_app,in_app,NETWORK_ERROR,network_error,2,FAILED,2026-03-27T08:12:55.603Z
notif-1166,push,fcm,PROVIDER_TIMEOUT,provider_timeout,2,DLQ,2026-03-31T11:28:55.603Z
notif-1167,in_app,in_app,INVALID_RECIPIENT,invalid_recipient,5,FAILED,2026-04-03T09:27:55.603Z
notif-1168,push,fcm,PROVIDER_TIMEOUT,provider_timeout,2,DLQ,2026-05-21T08:10:55.603Z
notif-1169,in_app,in_app,NETWORK_ERROR,network_error,4,DLQ,2026-05-10T08:54:55.603Z
notif-1170,sms,msg91,NETWORK_ERROR,network_error,3,FAILED,2026-06-03T09:56:55.603Z
notif-1171,in_app,in_app,INVALID_RECIPIENT,invalid_recipient,5,DLQ,2026-04-08T19:09:55.603Z
notif-1172,whatsapp,whatsapp_cloud,RATE_LIMITED,rate_limited,1,FAILED,2026-04-13T10:32:55.603Z
notif-1173,in_app,in_app,RATE_LIMITED,rate_limited,4,FAILED,2026-04-10T13:23:55.603Z
notif-1174,push,fcm,INVALID_RECIPIENT,invalid_recipient,2,FAILED,2026-04-09T11:16:55.603Z
notif-1175,whatsapp,whatsapp_cloud,PROVIDER_TIMEOUT,provider_timeout,1,FAILED,2026-03-29T11:13:55.603Z
notif-1176,in_app,in_app,INVALID_TEMPLATE,invalid_template,2,FAILED,2026-04-28T19:09:55.603Z
notif-1177,push,fcm,EXPIRED_TOKEN,expired_token,4,FAILED,2026-06-15T10:05:55.603Z
notif-1178,whatsapp,whatsapp_cloud,PROVIDER_TIMEOUT,provider_timeout,1,FAILED,2026-04-13T08:00:55.603Z
notif-1179,in_app,in_app,INVALID_TEMPLATE,invalid_template,1,DLQ,2026-05-20T19:09:55.603Z
notif-1180,in_app,in_app,EXPIRED_TOKEN,expired_token,3,FAILED,2026-05-15T19:09:55.603Z
notif-1181,sms,twilio,RATE_LIMITED,rate_limited,1,FAILED,2026-05-30T19:09:55.603Z
notif-1182,push,fcm,NETWORK_ERROR,network_error,2,FAILED,2026-06-02T08:17:55.603Z
notif-1183,whatsapp,whatsapp_cloud,INVALID_RECIPIENT,invalid_recipient,1,FAILED,2026-04-26T19:09:55.603Z
notif-1184,sms,msg91,PROVIDER_TIMEOUT,provider_timeout,3,FAILED,2026-06-11T19:09:55.603Z
notif-1185,whatsapp,whatsapp_cloud,INVALID_RECIPIENT,invalid_recipient,3,FAILED,2026-03-18T10:47:55.603Z
notif-1186,whatsapp,whatsapp_cloud,RATE_LIMITED,rate_limited,4,DLQ,2026-04-09T08:20:55.603Z
notif-1187,whatsapp,whatsapp_cloud,INVALID_RECIPIENT,invalid_recipient,1,FAILED,2026-04-16T12:11:55.603Z
notif-1188,push,fcm,NETWORK_ERROR,network_error,5,DLQ,2026-06-06T08:41:55.603Z
notif-1189,in_app,in_app,DND_BLOCKED,dnd_blocked,4,DLQ,2026-04-20T10:26:55.603Z
notif-1190,email,nodemailer,EXPIRED_TOKEN,expired_token,3,DLQ,2026-05-25T12:16:55.603Z
notif-1191,whatsapp,whatsapp_cloud,NETWORK_ERROR,network_error,2,DLQ,2026-04-25T13:18:55.603Z
notif-1192,push,fcm,PROVIDER_TIMEOUT,provider_timeout,4,FAILED,2026-04-12T11:08:55.603Z
notif-1193,whatsapp,whatsapp_cloud,RATE_LIMITED,rate_limited,3,DLQ,2026-05-23T19:09:55.603Z
notif-1194,sms,msg91,EXPIRED_TOKEN,expired_token,2,FAILED,2026-05-27T10:12:55.603Z
notif-1195,whatsapp,whatsapp_cloud,DND_BLOCKED,dnd_blocked,5,FAILED,2026-03-20T12:46:55.603Z
notif-1196,whatsapp,whatsapp_cloud,EXPIRED_TOKEN,expired_token,5,FAILED,2026-04-30T08:56:55.603Z
notif-1197,push,fcm,RATE_LIMITED,rate_limited,3,FAILED,2026-03-23T13:42:55.603Z
notif-1198,whatsapp,whatsapp_cloud,DND_BLOCKED,dnd_blocked,1,DLQ,2026-04-30T13:42:55.603Z
notif-1199,push,fcm,INVALID_RECIPIENT,invalid_recipient,1,FAILED,2026-04-28T13:52:55.603Z
notif-1200,email,nodemailer,NETWORK_ERROR,network_error,5,FAILED,2026-03-23T10:39:55.603Z
notif-1201,in_app,in_app,INVALID_TEMPLATE,invalid_template,1,DLQ,2026-04-07T19:09:55.603Z
notif-1202,email,nodemailer,NETWORK_ERROR,network_error,2,DLQ,2026-05-07T19:09:55.603Z
notif-1203,sms,twilio,DND_BLOCKED,dnd_blocked,4,FAILED,2026-06-07T11:36:55.603Z
notif-1204,sms,msg91,INVALID_RECIPIENT,invalid_recipient,3,FAILED,2026-06-01T19:09:55.603Z
notif-1205,sms,twilio,RATE_LIMITED,rate_limited,3,DLQ,2026-04-16T19:09:55.603Z
notif-1206,sms,msg91,DND_BLOCKED,dnd_blocked,4,FAILED,2026-05-16T12:31:55.603Z
notif-1207,whatsapp,whatsapp_cloud,INVALID_TEMPLATE,invalid_template,4,FAILED,2026-06-10T08:45:55.603Z
notif-1208,push,fcm,EXPIRED_TOKEN,expired_token,2,FAILED,2026-04-23T11:45:55.603Z
notif-1209,in_app,in_app,RATE_LIMITED,rate_limited,3,FAILED,2026-04-09T08:32:55.603Z
notif-1210,sms,twilio,EXPIRED_TOKEN,expired_token,2,DLQ,2026-04-02T11:24:55.603Z
notif-1211,sms,msg91,EXPIRED_TOKEN,expired_token,5,FAILED,2026-06-11T12:38:55.603Z
notif-1212,sms,twilio,EXPIRED_TOKEN,expired_token,3,FAILED,2026-03-24T19:09:55.603Z
notif-1213,push,fcm,DND_BLOCKED,dnd_blocked,3,FAILED,2026-06-07T19:09:55.603Z
notif-1214,push,fcm,RATE_LIMITED,rate_limited,3,FAILED,2026-05-19T10:05:55.603Z
notif-1215,sms,twilio,NETWORK_ERROR,network_error,2,FAILED,2026-04-22T08:35:55.603Z
notif-1216,email,nodemailer,PROVIDER_TIMEOUT,provider_timeout,4,FAILED,2026-06-14T11:44:55.603Z
notif-1217,in_app,in_app,NETWORK_ERROR,network_error,4,DLQ,2026-05-13T11:24:55.603Z
notif-1218,email,nodemailer,NETWORK_ERROR,network_error,4,FAILED,2026-05-22T19:09:55.603Z
notif-1219,sms,twilio,INVALID_RECIPIENT,invalid_recipient,1,FAILED,2026-05-25T19:09:55.603Z
notif-1220,sms,twilio,INVALID_RECIPIENT,invalid_recipient,2,DLQ,2026-03-21T08:01:55.603Z
notif-1221,in_app,in_app,DND_BLOCKED,dnd_blocked,4,FAILED,2026-05-15T08:55:55.603Z
notif-1222,push,fcm,RATE_LIMITED,rate_limited,2,FAILED,2026-04-12T19:09:55.603Z
notif-1223,push,fcm,PROVIDER_TIMEOUT,provider_timeout,5,DLQ,2026-06-12T10:58:55.603Z
notif-1224,push,fcm,DND_BLOCKED,dnd_blocked,3,FAILED,2026-03-27T13:31:55.603Z
notif-1225,push,fcm,EXPIRED_TOKEN,expired_token,5,FAILED,2026-05-31T12:46:55.603Z
notif-1226,sms,msg91,NETWORK_ERROR,network_error,4,FAILED,2026-05-07T11:37:55.603Z
notif-1227,email,nodemailer,EXPIRED_TOKEN,expired_token,3,DLQ,2026-06-03T19:09:55.603Z
notif-1228,sms,msg91,EXPIRED_TOKEN,expired_token,1,FAILED,2026-06-09T11:41:55.603Z
notif-1229,push,fcm,RATE_LIMITED,rate_limited,4,DLQ,2026-05-09T11:35:55.603Z
notif-1230,email,nodemailer,PROVIDER_TIMEOUT,provider_timeout,1,FAILED,2026-06-09T19:09:55.603Z
notif-1231,push,fcm,INVALID_RECIPIENT,invalid_recipient,5,FAILED,2026-03-19T12:26:55.603Z
notif-1232,in_app,in_app,PROVIDER_TIMEOUT,provider_timeout,3,DLQ,2026-05-15T09:24:55.603Z
notif-1233,push,fcm,DND_BLOCKED,dnd_blocked,1,FAILED,2026-04-22T10:30:55.603Z
notif-1234,push,fcm,PROVIDER_TIMEOUT,provider_timeout,2,FAILED,2026-05-16T13:22:55.603Z
notif-1235,push,fcm,DND_BLOCKED,dnd_blocked,4,FAILED,2026-04-24T11:37:55.603Z
notif-1236,sms,msg91,DND_BLOCKED,dnd_blocked,4,FAILED,2026-06-15T12:42:55.603Z
notif-1237,in_app,in_app,EXPIRED_TOKEN,expired_token,5,FAILED,2026-04-12T11:47:55.603Z
notif-1238,whatsapp,whatsapp_cloud,EXPIRED_TOKEN,expired_token,4,FAILED,2026-04-23T10:45:55.603Z
notif-1239,push,fcm,DND_BLOCKED,dnd_blocked,1,FAILED,2026-05-24T10:35:55.603Z
notif-1240,push,fcm,PROVIDER_TIMEOUT,provider_timeout,4,DLQ,2026-05-23T10:56:55.603Z
notif-1241,whatsapp,whatsapp_cloud,INVALID_TEMPLATE,invalid_template,3,DLQ,2026-05-07T10:17:55.603Z
notif-1242,whatsapp,whatsapp_cloud,RATE_LIMITED,rate_limited,4,FAILED,2026-04-26T12:24:55.603Z
notif-1243,in_app,in_app,NETWORK_ERROR,network_error,1,FAILED,2026-03-28T11:46:55.603Z
notif-1244,whatsapp,whatsapp_cloud,DND_BLOCKED,dnd_blocked,2,DLQ,2026-05-11T13:41:55.603Z
notif-1245,whatsapp,whatsapp_cloud,NETWORK_ERROR,network_error,1,DLQ,2026-04-26T11:52:55.603Z
notif-1246,email,nodemailer,NETWORK_ERROR,network_error,1,FAILED,2026-03-27T09:29:55.603Z
notif-1247,email,nodemailer,EXPIRED_TOKEN,expired_token,3,FAILED,2026-04-16T19:09:55.603Z
notif-1248,push,fcm,NETWORK_ERROR,network_error,4,FAILED,2026-06-06T08:49:55.603Z
notif-1249,email,nodemailer,INVALID_RECIPIENT,invalid_recipient,3,DLQ,2026-04-24T11:01:55.603Z
notif-1250,push,fcm,DND_BLOCKED,dnd_blocked,5,FAILED,2026-05-02T09:51:55.603Z
notif-1251,whatsapp,whatsapp_cloud,DND_BLOCKED,dnd_blocked,4,FAILED,2026-04-27T08:00:55.603Z
notif-1252,sms,twilio,INVALID_RECIPIENT,invalid_recipient,5,FAILED,2026-04-04T10:08:55.603Z
notif-1253,email,nodemailer,INVALID_RECIPIENT,invalid_recipient,4,FAILED,2026-04-24T12:40:55.603Z
notif-1254,whatsapp,whatsapp_cloud,INVALID_RECIPIENT,invalid_recipient,2,FAILED,2026-04-21T12:06:55.603Z
notif-1255,push,fcm,INVALID_RECIPIENT,invalid_recipient,1,DLQ,2026-05-16T08:10:55.603Z
notif-1256,sms,msg91,NETWORK_ERROR,network_error,3,FAILED,2026-05-15T09:02:55.603Z
notif-1257,push,fcm,INVALID_TEMPLATE,invalid_template,5,DLQ,2026-04-27T10:07:55.603Z
notif-1258,in_app,in_app,DND_BLOCKED,dnd_blocked,5,FAILED,2026-06-10T09:55:55.603Z
notif-1259,email,nodemailer,PROVIDER_TIMEOUT,provider_timeout,3,FAILED,2026-05-21T11:16:55.603Z
notif-1260,email,nodemailer,NETWORK_ERROR,network_error,4,FAILED,2026-04-29T13:46:55.603Z
notif-1261,whatsapp,whatsapp_cloud,DND_BLOCKED,dnd_blocked,1,DLQ,2026-04-23T12:07:55.603Z
notif-1262,sms,twilio,RATE_LIMITED,rate_limited,3,DLQ,2026-06-03T11:09:55.603Z
notif-1263,in_app,in_app,PROVIDER_TIMEOUT,provider_timeout,5,DLQ,2026-04-16T10:18:55.603Z
notif-1264,sms,twilio,RATE_LIMITED,rate_limited,4,FAILED,2026-06-13T11:46:55.603Z
notif-1265,email,nodemailer,INVALID_TEMPLATE,invalid_template,1,FAILED,2026-06-02T11:24:55.603Z
notif-1266,sms,msg91,DND_BLOCKED,dnd_blocked,5,FAILED,2026-03-28T11:50:55.603Z
notif-1267,whatsapp,whatsapp_cloud,INVALID_TEMPLATE,invalid_template,1,FAILED,2026-03-29T11:43:55.603Z
notif-1268,in_app,in_app,DND_BLOCKED,dnd_blocked,2,FAILED,2026-05-20T11:45:55.603Z
notif-1269,email,nodemailer,INVALID_RECIPIENT,invalid_recipient,3,FAILED,2026-05-31T08:08:55.603Z
notif-1270,email,nodemailer,INVALID_TEMPLATE,invalid_template,2,FAILED,2026-05-26T12:35:55.603Z
notif-1271,sms,twilio,INVALID_TEMPLATE,invalid_template,3,FAILED,2026-04-04T11:40:55.603Z
notif-1272,sms,msg91,PROVIDER_TIMEOUT,provider_timeout,2,FAILED,2026-05-20T08:08:55.603Z
notif-1273,whatsapp,whatsapp_cloud,PROVIDER_TIMEOUT,provider_timeout,2,DLQ,2026-06-13T13:02:55.603Z
notif-1274,email,nodemailer,EXPIRED_TOKEN,expired_token,2,DLQ,2026-06-11T09:06:55.603Z
notif-1275,sms,twilio,DND_BLOCKED,dnd_blocked,5,FAILED,2026-05-08T11:04:55.603Z
notif-1276,sms,msg91,INVALID_RECIPIENT,invalid_recipient,5,DLQ,2026-04-25T09:23:55.603Z
notif-1277,in_app,in_app,PROVIDER_TIMEOUT,provider_timeout,5,FAILED,2026-06-07T12:19:55.603Z
notif-1278,sms,msg91,NETWORK_ERROR,network_error,5,FAILED,2026-04-27T12:48:55.603Z
notif-1279,sms,msg91,EXPIRED_TOKEN,expired_token,3,FAILED,2026-04-14T10:42:55.603Z
notif-1280,in_app,in_app,EXPIRED_TOKEN,expired_token,4,DLQ,2026-04-19T08:41:55.603Z
notif-1281,whatsapp,whatsapp_cloud,DND_BLOCKED,dnd_blocked,2,FAILED,2026-03-26T19:09:55.603Z
notif-1282,in_app,in_app,PROVIDER_TIMEOUT,provider_timeout,1,DLQ,2026-05-04T09:32:55.603Z
notif-1283,in_app,in_app,RATE_LIMITED,rate_limited,5,FAILED,2026-05-06T09:12:55.603Z
notif-1284,email,nodemailer,INVALID_RECIPIENT,invalid_recipient,5,FAILED,2026-05-28T13:20:55.603Z
notif-1285,push,fcm,INVALID_RECIPIENT,invalid_recipient,5,DLQ,2026-04-25T11:12:55.603Z
notif-1286,push,fcm,INVALID_RECIPIENT,invalid_recipient,4,FAILED,2026-05-26T19:09:55.603Z
notif-1287,sms,twilio,EXPIRED_TOKEN,expired_token,1,FAILED,2026-05-23T09:22:55.603Z
notif-1288,whatsapp,whatsapp_cloud,RATE_LIMITED,rate_limited,5,FAILED,2026-05-30T13:38:55.603Z
notif-1289,email,nodemailer,EXPIRED_TOKEN,expired_token,3,DLQ,2026-04-02T08:04:55.603Z
notif-1290,whatsapp,whatsapp_cloud,EXPIRED_TOKEN,expired_token,3,FAILED,2026-04-05T13:19:55.603Z
notif-1291,in_app,in_app,DND_BLOCKED,dnd_blocked,5,FAILED,2026-05-16T19:09:55.603Z
notif-1292,push,fcm,PROVIDER_TIMEOUT,provider_timeout,1,FAILED,2026-04-19T10:41:55.603Z
notif-1293,sms,twilio,INVALID_TEMPLATE,invalid_template,1,FAILED,2026-05-19T19:09:55.603Z
notif-1294,push,fcm,NETWORK_ERROR,network_error,1,FAILED,2026-04-23T13:57:55.603Z
notif-1295,push,fcm,DND_BLOCKED,dnd_blocked,4,FAILED,2026-06-04T08:19:55.603Z
notif-1296,in_app,in_app,NETWORK_ERROR,network_error,5,FAILED,2026-05-24T12:54:55.603Z
notif-1297,in_app,in_app,EXPIRED_TOKEN,expired_token,2,FAILED,2026-06-13T19:09:55.603Z
notif-1298,email,nodemailer,PROVIDER_TIMEOUT,provider_timeout,3,FAILED,2026-06-14T11:52:55.603Z
notif-1299,email,nodemailer,INVALID_TEMPLATE,invalid_template,1,DLQ,2026-05-20T12:44:55.603Z
notif-1300,whatsapp,whatsapp_cloud,INVALID_RECIPIENT,invalid_recipient,5,DLQ,2026-04-12T09:00:55.603Z
notif-1301,sms,twilio,PROVIDER_TIMEOUT,provider_timeout,3,FAILED,2026-06-05T09:43:55.603Z
notif-1302,email,nodemailer,EXPIRED_TOKEN,expired_token,1,FAILED,2026-03-28T10:01:55.603Z
notif-1303,push,fcm,INVALID_TEMPLATE,invalid_template,2,FAILED,2026-05-16T09:33:55.603Z
notif-1304,whatsapp,whatsapp_cloud,PROVIDER_TIMEOUT,provider_timeout,3,FAILED,2026-05-18T13:50:55.603Z
notif-1305,push,fcm,INVALID_TEMPLATE,invalid_template,3,FAILED,2026-06-06T19:09:55.603Z
notif-1306,email,nodemailer,RATE_LIMITED,rate_limited,2,DLQ,2026-04-11T19:09:55.603Z
notif-1307,in_app,in_app,NETWORK_ERROR,network_error,2,DLQ,2026-04-03T09:16:55.603Z
notif-1308,sms,twilio,INVALID_RECIPIENT,invalid_recipient,5,FAILED,2026-06-13T08:20:55.603Z
notif-1309,push,fcm,EXPIRED_TOKEN,expired_token,2,FAILED,2026-05-27T13:20:55.603Z
notif-1310,push,fcm,NETWORK_ERROR,network_error,3,DLQ,2026-04-01T19:09:55.603Z
notif-1311,whatsapp,whatsapp_cloud,RATE_LIMITED,rate_limited,3,FAILED,2026-06-12T12:16:55.603Z
notif-1312,sms,msg91,EXPIRED_TOKEN,expired_token,3,DLQ,2026-06-05T09:42:55.603Z
notif-1313,email,nodemailer,INVALID_RECIPIENT,invalid_recipient,2,FAILED,2026-05-09T19:09:55.603Z
notif-1314,sms,msg91,NETWORK_ERROR,network_error,3,FAILED,2026-06-02T10:47:55.603Z
notif-1315,email,nodemailer,PROVIDER_TIMEOUT,provider_timeout,1,FAILED,2026-05-09T09:41:55.603Z
notif-1316,push,fcm,RATE_LIMITED,rate_limited,2,FAILED,2026-04-08T11:34:55.603Z
notif-1317,sms,msg91,INVALID_TEMPLATE,invalid_template,1,FAILED,2026-04-20T09:21:55.603Z
notif-1318,sms,twilio,PROVIDER_TIMEOUT,provider_timeout,3,FAILED,2026-05-20T08:19:55.603Z
notif-1319,sms,msg91,INVALID_RECIPIENT,invalid_recipient,3,DLQ,2026-04-19T12:55:55.603Z
notif-1320,push,fcm,INVALID_RECIPIENT,invalid_recipient,2,FAILED,2026-04-12T09:28:55.603Z
notif-1321,push,fcm,RATE_LIMITED,rate_limited,5,FAILED,2026-06-03T10:08:55.603Z
notif-1322,whatsapp,whatsapp_cloud,DND_BLOCKED,dnd_blocked,1,FAILED,2026-05-10T19:09:55.603Z
notif-1323,sms,msg91,EXPIRED_TOKEN,expired_token,4,DLQ,2026-06-04T19:09:55.603Z
notif-1324,in_app,in_app,RATE_LIMITED,rate_limited,3,DLQ,2026-05-20T19:09:55.603Z
notif-1325,sms,twilio,RATE_LIMITED,rate_limited,3,FAILED,2026-05-10T10:03:55.603Z
notif-1326,push,fcm,INVALID_TEMPLATE,invalid_template,4,DLQ,2026-04-26T08:31:55.603Z
notif-1327,sms,msg91,RATE_LIMITED,rate_limited,4,FAILED,2026-05-01T12:02:55.603Z
notif-1328,in_app,in_app,PROVIDER_TIMEOUT,provider_timeout,1,FAILED,2026-03-18T09:14:55.603Z
notif-1329,sms,twilio,INVALID_RECIPIENT,invalid_recipient,1,FAILED,2026-04-23T12:17:55.603Z
notif-1330,whatsapp,whatsapp_cloud,NETWORK_ERROR,network_error,4,DLQ,2026-04-22T12:54:55.603Z
notif-1331,sms,msg91,DND_BLOCKED,dnd_blocked,4,FAILED,2026-05-19T09:40:55.603Z
notif-1332,sms,twilio,DND_BLOCKED,dnd_blocked,5,FAILED,2026-05-29T11:33:55.603Z
notif-1333,in_app,in_app,PROVIDER_TIMEOUT,provider_timeout,2,FAILED,2026-05-09T10:27:55.603Z
notif-1334,whatsapp,whatsapp_cloud,INVALID_RECIPIENT,invalid_recipient,1,FAILED,2026-04-20T13:40:55.603Z
notif-1335,email,nodemailer,EXPIRED_TOKEN,expired_token,2,FAILED,2026-06-05T12:19:55.603Z
notif-1336,in_app,in_app,PROVIDER_TIMEOUT,provider_timeout,3,DLQ,2026-05-20T10:55:55.603Z
notif-1337,whatsapp,whatsapp_cloud,INVALID_RECIPIENT,invalid_recipient,4,FAILED,2026-05-18T09:08:55.603Z
notif-1338,push,fcm,NETWORK_ERROR,network_error,5,DLQ,2026-05-05T12:49:55.603Z
notif-1339,push,fcm,RATE_LIMITED,rate_limited,2,DLQ,2026-04-09T19:09:55.603Z
notif-1340,push,fcm,NETWORK_ERROR,network_error,5,FAILED,2026-06-12T10:16:55.603Z
notif-1341,whatsapp,whatsapp_cloud,DND_BLOCKED,dnd_blocked,2,FAILED,2026-05-17T19:09:55.603Z
notif-1342,in_app,in_app,RATE_LIMITED,rate_limited,1,FAILED,2026-04-15T10:27:55.603Z
notif-1343,sms,twilio,INVALID_RECIPIENT,invalid_recipient,2,DLQ,2026-05-28T10:15:55.603Z
notif-1344,sms,msg91,NETWORK_ERROR,network_error,5,FAILED,2026-06-04T10:56:55.603Z
notif-1345,sms,msg91,INVALID_RECIPIENT,invalid_recipient,1,FAILED,2026-04-15T13:29:55.603Z
notif-1346,whatsapp,whatsapp_cloud,INVALID_TEMPLATE,invalid_template,5,FAILED,2026-04-07T10:59:55.603Z
notif-1347,whatsapp,whatsapp_cloud,INVALID_RECIPIENT,invalid_recipient,3,FAILED,2026-06-07T13:01:55.603Z
notif-1348,in_app,in_app,NETWORK_ERROR,network_error,1,DLQ,2026-06-05T13:24:55.603Z
notif-1349,in_app,in_app,INVALID_RECIPIENT,invalid_recipient,3,FAILED,2026-06-04T11:14:55.603Z
notif-1350,in_app,in_app,EXPIRED_TOKEN,expired_token,1,DLQ,2026-04-23T11:21:55.603Z
notif-1351,push,fcm,EXPIRED_TOKEN,expired_token,1,FAILED,2026-03-21T13:55:55.603Z
notif-1352,sms,twilio,NETWORK_ERROR,network_error,1,FAILED,2026-06-11T10:34:55.603Z
notif-1353,in_app,in_app,EXPIRED_TOKEN,expired_token,2,FAILED,2026-04-20T09:27:55.603Z
notif-1354,whatsapp,whatsapp_cloud,RATE_LIMITED,rate_limited,4,FAILED,2026-06-15T13:43:55.603Z
notif-1355,whatsapp,whatsapp_cloud,INVALID_RECIPIENT,invalid_recipient,4,FAILED,2026-05-13T08:15:55.603Z
notif-1356,whatsapp,whatsapp_cloud,RATE_LIMITED,rate_limited,5,FAILED,2026-04-11T10:25:55.603Z
notif-1357,whatsapp,whatsapp_cloud,RATE_LIMITED,rate_limited,1,FAILED,2026-05-09T08:12:55.603Z
notif-1358,sms,twilio,PROVIDER_TIMEOUT,provider_timeout,5,FAILED,2026-06-01T10:20:55.603Z
notif-1359,sms,twilio,INVALID_TEMPLATE,invalid_template,2,FAILED,2026-04-27T08:28:55.603Z
notif-1360,sms,twilio,EXPIRED_TOKEN,expired_token,3,DLQ,2026-06-14T11:04:55.603Z
notif-1361,whatsapp,whatsapp_cloud,INVALID_TEMPLATE,invalid_template,4,FAILED,2026-04-13T10:50:55.603Z
notif-1362,email,nodemailer,DND_BLOCKED,dnd_blocked,4,FAILED,2026-04-25T08:41:55.603Z
notif-1363,sms,msg91,EXPIRED_TOKEN,expired_token,2,FAILED,2026-06-08T11:46:55.603Z
notif-1364,email,nodemailer,EXPIRED_TOKEN,expired_token,3,DLQ,2026-03-26T19:09:55.603Z
notif-1365,sms,msg91,INVALID_TEMPLATE,invalid_template,2,DLQ,2026-04-16T11:37:55.603Z
notif-1366,in_app,in_app,INVALID_TEMPLATE,invalid_template,3,FAILED,2026-06-15T09:24:55.603Z
notif-1367,email,nodemailer,NETWORK_ERROR,network_error,5,FAILED,2026-04-02T19:09:55.603Z
notif-1368,in_app,in_app,INVALID_RECIPIENT,invalid_recipient,5,DLQ,2026-03-19T08:11:55.603Z
notif-1369,sms,twilio,PROVIDER_TIMEOUT,provider_timeout,5,FAILED,2026-04-29T10:29:55.603Z
notif-1370,in_app,in_app,PROVIDER_TIMEOUT,provider_timeout,1,DLQ,2026-04-29T12:17:55.603Z
notif-1371,push,fcm,NETWORK_ERROR,network_error,4,FAILED,2026-04-07T19:09:55.603Z
notif-1372,push,fcm,DND_BLOCKED,dnd_blocked,3,FAILED,2026-05-30T08:59:55.603Z
notif-1373,email,nodemailer,DND_BLOCKED,dnd_blocked,5,FAILED,2026-06-04T12:27:55.603Z
notif-1374,push,fcm,PROVIDER_TIMEOUT,provider_timeout,2,FAILED,2026-05-29T19:09:55.603Z
notif-1375,push,fcm,RATE_LIMITED,rate_limited,3,FAILED,2026-04-20T12:47:55.603Z
notif-1376,in_app,in_app,NETWORK_ERROR,network_error,1,DLQ,2026-04-03T08:43:55.603Z
notif-1377,whatsapp,whatsapp_cloud,DND_BLOCKED,dnd_blocked,4,FAILED,2026-04-29T10:06:55.603Z
notif-1378,in_app,in_app,NETWORK_ERROR,network_error,4,FAILED,2026-03-28T10:07:55.603Z
notif-1379,whatsapp,whatsapp_cloud,INVALID_TEMPLATE,invalid_template,2,FAILED,2026-06-02T13:36:55.603Z
notif-1380,email,nodemailer,NETWORK_ERROR,network_error,5,DLQ,2026-06-10T09:41:55.603Z
notif-1381,in_app,in_app,EXPIRED_TOKEN,expired_token,3,DLQ,2026-04-16T10:27:55.603Z
notif-1382,whatsapp,whatsapp_cloud,NETWORK_ERROR,network_error,2,FAILED,2026-03-18T13:45:55.603Z
notif-1383,email,nodemailer,PROVIDER_TIMEOUT,provider_timeout,4,DLQ,2026-03-18T08:49:55.603Z
notif-1384,in_app,in_app,PROVIDER_TIMEOUT,provider_timeout,1,FAILED,2026-05-16T08:55:55.603Z
notif-1385,in_app,in_app,INVALID_TEMPLATE,invalid_template,4,DLQ,2026-04-05T12:28:55.603Z
notif-1386,whatsapp,whatsapp_cloud,INVALID_TEMPLATE,invalid_template,4,FAILED,2026-04-21T19:09:55.603Z
notif-1387,email,nodemailer,EXPIRED_TOKEN,expired_token,4,FAILED,2026-04-09T10:41:55.603Z
notif-1388,whatsapp,whatsapp_cloud,PROVIDER_TIMEOUT,provider_timeout,3,DLQ,2026-04-18T08:45:55.603Z
notif-1389,whatsapp,whatsapp_cloud,NETWORK_ERROR,network_error,5,FAILED,2026-03-19T09:21:55.603Z
notif-1390,email,nodemailer,RATE_LIMITED,rate_limited,4,FAILED,2026-06-15T12:47:55.603Z
notif-1391,sms,twilio,DND_BLOCKED,dnd_blocked,3,FAILED,2026-05-06T09:13:55.603Z
notif-1392,sms,msg91,PROVIDER_TIMEOUT,provider_timeout,4,FAILED,2026-03-31T12:24:55.603Z
notif-1393,whatsapp,whatsapp_cloud,INVALID_RECIPIENT,invalid_recipient,4,FAILED,2026-04-11T13:18:55.603Z
notif-1394,email,nodemailer,EXPIRED_TOKEN,expired_token,1,FAILED,2026-04-30T12:30:55.603Z
notif-1395,push,fcm,INVALID_TEMPLATE,invalid_template,2,FAILED,2026-04-09T19:09:55.603Z
notif-1396,whatsapp,whatsapp_cloud,DND_BLOCKED,dnd_blocked,5,DLQ,2026-05-28T08:39:55.603Z
notif-1397,push,fcm,RATE_LIMITED,rate_limited,2,FAILED,2026-04-24T09:30:55.603Z
notif-1398,whatsapp,whatsapp_cloud,PROVIDER_TIMEOUT,provider_timeout,5,FAILED,2026-04-13T11:52:55.603Z
notif-1399,sms,twilio,RATE_LIMITED,rate_limited,3,DLQ,2026-05-10T19:09:55.603Z
notif-1400,in_app,in_app,DND_BLOCKED,dnd_blocked,1,FAILED,2026-04-08T12:05:55.603Z
notif-1401,push,fcm,INVALID_RECIPIENT,invalid_recipient,3,DLQ,2026-04-11T19:09:55.603Z
notif-1402,sms,twilio,NETWORK_ERROR,network_error,5,FAILED,2026-03-21T13:15:55.603Z
notif-1403,push,fcm,PROVIDER_TIMEOUT,provider_timeout,1,FAILED,2026-04-20T08:02:55.603Z
notif-1404,in_app,in_app,INVALID_RECIPIENT,invalid_recipient,2,DLQ,2026-04-29T12:03:55.603Z
notif-1405,in_app,in_app,RATE_LIMITED,rate_limited,2,FAILED,2026-04-29T09:08:55.603Z
notif-1406,whatsapp,whatsapp_cloud,PROVIDER_TIMEOUT,provider_timeout,2,FAILED,2026-04-28T10:44:55.603Z
notif-1407,email,nodemailer,RATE_LIMITED,rate_limited,1,FAILED,2026-04-05T19:09:55.603Z
notif-1408,push,fcm,RATE_LIMITED,rate_limited,1,DLQ,2026-05-13T08:54:55.603Z
notif-1409,in_app,in_app,NETWORK_ERROR,network_error,4,FAILED,2026-06-06T12:26:55.603Z
notif-1410,in_app,in_app,NETWORK_ERROR,network_error,2,FAILED,2026-04-20T09:35:55.603Z
notif-1411,email,nodemailer,PROVIDER_TIMEOUT,provider_timeout,4,FAILED,2026-05-28T13:05:55.603Z
notif-1412,sms,twilio,DND_BLOCKED,dnd_blocked,3,DLQ,2026-04-24T12:18:55.603Z
notif-1413,sms,msg91,DND_BLOCKED,dnd_blocked,2,FAILED,2026-06-09T11:19:55.603Z
notif-1414,in_app,in_app,PROVIDER_TIMEOUT,provider_timeout,2,FAILED,2026-04-14T19:09:55.603Z
notif-1415,push,fcm,DND_BLOCKED,dnd_blocked,3,FAILED,2026-03-27T19:09:55.603Z
notif-1416,email,nodemailer,INVALID_TEMPLATE,invalid_template,2,FAILED,2026-06-12T08:21:55.603Z
notif-1417,push,fcm,INVALID_RECIPIENT,invalid_recipient,4,DLQ,2026-04-22T12:47:55.603Z
notif-1418,push,fcm,PROVIDER_TIMEOUT,provider_timeout,3,FAILED,2026-04-20T11:33:55.603Z
notif-1419,push,fcm,INVALID_TEMPLATE,invalid_template,1,DLQ,2026-05-21T19:09:55.603Z
notif-1420,push,fcm,INVALID_TEMPLATE,invalid_template,2,FAILED,2026-04-21T10:15:55.603Z
notif-1421,push,fcm,PROVIDER_TIMEOUT,provider_timeout,2,FAILED,2026-03-30T10:59:55.603Z
notif-1422,sms,msg91,INVALID_RECIPIENT,invalid_recipient,2,FAILED,2026-06-01T10:37:55.603Z
notif-1423,push,fcm,RATE_LIMITED,rate_limited,3,FAILED,2026-05-25T19:09:55.603Z
notif-1424,sms,msg91,EXPIRED_TOKEN,expired_token,4,FAILED,2026-05-15T09:08:55.603Z
notif-1425,push,fcm,PROVIDER_TIMEOUT,provider_timeout,5,FAILED,2026-06-08T13:04:55.603Z
notif-1426,whatsapp,whatsapp_cloud,DND_BLOCKED,dnd_blocked,4,DLQ,2026-05-17T12:18:55.603Z
notif-1427,whatsapp,whatsapp_cloud,PROVIDER_TIMEOUT,provider_timeout,2,FAILED,2026-03-22T13:44:55.603Z
notif-1428,email,nodemailer,DND_BLOCKED,dnd_blocked,3,FAILED,2026-05-06T12:01:55.603Z
notif-1429,whatsapp,whatsapp_cloud,INVALID_RECIPIENT,invalid_recipient,3,FAILED,2026-06-13T09:06:55.603Z
notif-1430,sms,msg91,DND_BLOCKED,dnd_blocked,4,DLQ,2026-05-23T10:39:55.603Z
notif-1431,push,fcm,NETWORK_ERROR,network_error,1,DLQ,2026-05-08T13:29:55.603Z
notif-1432,sms,twilio,INVALID_RECIPIENT,invalid_recipient,5,FAILED,2026-04-23T19:09:55.603Z
notif-1433,sms,twilio,NETWORK_ERROR,network_error,2,FAILED,2026-05-29T09:25:55.603Z
notif-1434,whatsapp,whatsapp_cloud,PROVIDER_TIMEOUT,provider_timeout,5,FAILED,2026-04-20T09:29:55.603Z
notif-1435,in_app,in_app,NETWORK_ERROR,network_error,4,DLQ,2026-05-31T09:59:55.603Z
notif-1436,push,fcm,INVALID_TEMPLATE,invalid_template,1,DLQ,2026-03-31T10:40:55.603Z
notif-1437,email,nodemailer,INVALID_TEMPLATE,invalid_template,4,FAILED,2026-05-06T12:50:55.603Z
notif-1438,sms,msg91,NETWORK_ERROR,network_error,2,FAILED,2026-06-11T10:51:55.603Z
notif-1439,sms,msg91,INVALID_RECIPIENT,invalid_recipient,1,FAILED,2026-04-06T13:53:55.603Z
notif-1440,email,nodemailer,EXPIRED_TOKEN,expired_token,5,FAILED,2026-04-01T10:04:55.603Z
notif-1441,sms,twilio,NETWORK_ERROR,network_error,2,FAILED,2026-03-20T11:51:55.603Z
notif-1442,email,nodemailer,EXPIRED_TOKEN,expired_token,2,DLQ,2026-06-04T09:18:55.603Z
notif-1443,email,nodemailer,INVALID_RECIPIENT,invalid_recipient,2,DLQ,2026-05-13T13:52:55.604Z
notif-1444,push,fcm,PROVIDER_TIMEOUT,provider_timeout,2,FAILED,2026-03-28T12:47:55.604Z
notif-1445,sms,twilio,INVALID_RECIPIENT,invalid_recipient,2,DLQ,2026-04-10T19:09:55.604Z
notif-1446,sms,twilio,DND_BLOCKED,dnd_blocked,1,FAILED,2026-04-01T11:54:55.604Z
notif-1447,push,fcm,INVALID_RECIPIENT,invalid_recipient,1,DLQ,2026-05-01T09:37:55.604Z
notif-1448,sms,msg91,PROVIDER_TIMEOUT,provider_timeout,3,DLQ,2026-04-10T08:32:55.604Z
notif-1449,in_app,in_app,EXPIRED_TOKEN,expired_token,2,FAILED,2026-05-20T10:13:55.604Z
notif-1450,push,fcm,PROVIDER_TIMEOUT,provider_timeout,1,FAILED,2026-03-26T19:09:55.604Z
notif-1451,push,fcm,INVALID_TEMPLATE,invalid_template,1,DLQ,2026-06-09T08:50:55.604Z
notif-1452,email,nodemailer,NETWORK_ERROR,network_error,4,DLQ,2026-03-19T13:37:55.604Z
notif-1453,sms,msg91,DND_BLOCKED,dnd_blocked,1,DLQ,2026-04-19T13:30:55.604Z
notif-1454,email,nodemailer,PROVIDER_TIMEOUT,provider_timeout,1,FAILED,2026-04-15T12:38:55.604Z
notif-1455,email,nodemailer,INVALID_RECIPIENT,invalid_recipient,5,DLQ,2026-05-01T09:41:55.604Z
notif-1456,push,fcm,EXPIRED_TOKEN,expired_token,4,FAILED,2026-04-14T11:23:55.604Z
notif-1457,email,nodemailer,RATE_LIMITED,rate_limited,1,FAILED,2026-05-21T10:10:55.604Z
notif-1458,push,fcm,DND_BLOCKED,dnd_blocked,3,FAILED,2026-03-31T09:51:55.604Z
notif-1459,whatsapp,whatsapp_cloud,NETWORK_ERROR,network_error,3,FAILED,2026-03-20T11:04:55.604Z
notif-1460,email,nodemailer,DND_BLOCKED,dnd_blocked,2,FAILED,2026-04-10T13:43:55.604Z
notif-1461,in_app,in_app,RATE_LIMITED,rate_limited,2,FAILED,2026-04-29T19:09:55.604Z
notif-1462,in_app,in_app,RATE_LIMITED,rate_limited,2,FAILED,2026-04-11T08:30:55.604Z
notif-1463,in_app,in_app,NETWORK_ERROR,network_error,2,DLQ,2026-04-06T08:09:55.604Z
notif-1464,whatsapp,whatsapp_cloud,EXPIRED_TOKEN,expired_token,5,FAILED,2026-06-01T08:51:55.604Z
notif-1465,push,fcm,DND_BLOCKED,dnd_blocked,3,FAILED,2026-06-03T19:09:55.604Z
notif-1466,email,nodemailer,NETWORK_ERROR,network_error,5,FAILED,2026-04-13T19:09:55.604Z
notif-1467,whatsapp,whatsapp_cloud,NETWORK_ERROR,network_error,1,DLQ,2026-04-18T19:09:55.604Z
notif-1468,in_app,in_app,RATE_LIMITED,rate_limited,4,FAILED,2026-05-09T11:56:55.604Z
notif-1469,whatsapp,whatsapp_cloud,NETWORK_ERROR,network_error,5,DLQ,2026-04-29T11:59:55.604Z
notif-1470,sms,twilio,INVALID_RECIPIENT,invalid_recipient,2,FAILED,2026-04-06T13:16:55.604Z
notif-1471,email,nodemailer,DND_BLOCKED,dnd_blocked,3,FAILED,2026-05-23T19:09:55.604Z
notif-1472,whatsapp,whatsapp_cloud,INVALID_TEMPLATE,invalid_template,4,FAILED,2026-03-31T13:22:55.604Z
notif-1473,sms,twilio,NETWORK_ERROR,network_error,3,FAILED,2026-03-18T09:36:55.604Z
notif-1474,email,nodemailer,INVALID_TEMPLATE,invalid_template,1,FAILED,2026-04-14T08:54:55.604Z
notif-1475,push,fcm,DND_BLOCKED,dnd_blocked,5,DLQ,2026-06-09T08:59:55.604Z
notif-1476,whatsapp,whatsapp_cloud,INVALID_TEMPLATE,invalid_template,1,FAILED,2026-05-07T19:09:55.604Z
notif-1477,push,fcm,INVALID_TEMPLATE,invalid_template,4,FAILED,2026-05-06T19:09:55.604Z
notif-1478,whatsapp,whatsapp_cloud,RATE_LIMITED,rate_limited,1,FAILED,2026-05-21T12:13:55.604Z
notif-1479,in_app,in_app,INVALID_RECIPIENT,invalid_recipient,2,FAILED,2026-04-10T08:12:55.604Z
notif-1480,whatsapp,whatsapp_cloud,INVALID_RECIPIENT,invalid_recipient,1,FAILED,2026-05-05T19:09:55.604Z
notif-1481,email,nodemailer,NETWORK_ERROR,network_error,2,FAILED,2026-04-25T09:05:55.604Z
notif-1482,email,nodemailer,NETWORK_ERROR,network_error,2,FAILED,2026-03-31T09:53:55.604Z
notif-1483,in_app,in_app,INVALID_RECIPIENT,invalid_recipient,3,FAILED,2026-05-16T13:03:55.604Z
notif-1484,email,nodemailer,INVALID_TEMPLATE,invalid_template,1,FAILED,2026-04-07T10:13:55.604Z
notif-1485,sms,msg91,EXPIRED_TOKEN,expired_token,4,FAILED,2026-04-22T10:11:55.604Z
notif-1486,push,fcm,RATE_LIMITED,rate_limited,3,FAILED,2026-06-07T13:13:55.604Z
notif-1487,email,nodemailer,INVALID_RECIPIENT,invalid_recipient,4,FAILED,2026-06-14T10:04:55.604Z
notif-1488,sms,msg91,INVALID_RECIPIENT,invalid_recipient,2,FAILED,2026-04-04T10:00:55.604Z
notif-1489,push,fcm,DND_BLOCKED,dnd_blocked,5,FAILED,2026-06-08T08:01:55.604Z
notif-1490,sms,msg91,EXPIRED_TOKEN,expired_token,5,FAILED,2026-04-16T09:03:55.604Z
notif-1491,in_app,in_app,DND_BLOCKED,dnd_blocked,1,FAILED,2026-04-24T08:00:55.604Z
notif-1492,whatsapp,whatsapp_cloud,DND_BLOCKED,dnd_blocked,1,FAILED,2026-04-06T10:42:55.604Z
notif-1493,push,fcm,INVALID_RECIPIENT,invalid_recipient,2,FAILED,2026-03-22T10:12:55.604Z
notif-1494,email,nodemailer,DND_BLOCKED,dnd_blocked,4,FAILED,2026-04-24T12:23:55.604Z
notif-1495,sms,twilio,INVALID_RECIPIENT,invalid_recipient,5,DLQ,2026-05-28T12:42:55.604Z
notif-1496,email,nodemailer,DND_BLOCKED,dnd_blocked,4,FAILED,2026-05-01T10:11:55.604Z
notif-1497,sms,twilio,RATE_LIMITED,rate_limited,2,FAILED,2026-05-06T09:29:55.604Z
notif-1498,whatsapp,whatsapp_cloud,INVALID_RECIPIENT,invalid_recipient,2,FAILED,2026-04-07T08:27:55.604Z
notif-1499,push,fcm,RATE_LIMITED,rate_limited,3,FAILED,2026-05-08T19:09:55.604Z
notif-1500,in_app,in_app,INVALID_RECIPIENT,invalid_recipient,1,FAILED,2026-03-30T19:09:55.604Z
notif-1501,push,fcm,INVALID_TEMPLATE,invalid_template,4,FAILED,2026-05-12T19:09:55.604Z
notif-1502,email,nodemailer,RATE_LIMITED,rate_limited,3,DLQ,2026-04-03T19:09:55.604Z
notif-1503,sms,msg91,NETWORK_ERROR,network_error,3,FAILED,2026-05-21T13:37:55.604Z
notif-1504,sms,msg91,PROVIDER_TIMEOUT,provider_timeout,3,FAILED,2026-05-21T19:09:55.604Z
notif-1505,sms,msg91,RATE_LIMITED,rate_limited,1,FAILED,2026-06-06T08:34:55.604Z
notif-1506,sms,twilio,EXPIRED_TOKEN,expired_token,3,FAILED,2026-05-22T09:22:55.604Z
notif-1507,email,nodemailer,DND_BLOCKED,dnd_blocked,5,FAILED,2026-04-08T13:38:55.604Z
notif-1508,email,nodemailer,DND_BLOCKED,dnd_blocked,3,DLQ,2026-06-02T12:17:55.604Z
notif-1509,sms,twilio,DND_BLOCKED,dnd_blocked,5,DLQ,2026-05-12T19:09:55.604Z
notif-1510,whatsapp,whatsapp_cloud,PROVIDER_TIMEOUT,provider_timeout,5,FAILED,2026-05-12T11:17:55.604Z
notif-1511,whatsapp,whatsapp_cloud,INVALID_RECIPIENT,invalid_recipient,3,FAILED,2026-04-14T13:39:55.604Z
notif-1512,push,fcm,RATE_LIMITED,rate_limited,5,FAILED,2026-06-15T19:09:55.604Z
notif-1513,whatsapp,whatsapp_cloud,EXPIRED_TOKEN,expired_token,1,DLQ,2026-06-11T19:09:55.604Z
notif-1514,email,nodemailer,EXPIRED_TOKEN,expired_token,4,FAILED,2026-04-20T09:16:55.604Z
notif-1515,email,nodemailer,INVALID_RECIPIENT,invalid_recipient,1,DLQ,2026-04-08T19:09:55.604Z
notif-1516,email,nodemailer,INVALID_TEMPLATE,invalid_template,5,FAILED,2026-05-28T09:29:55.604Z
notif-1517,in_app,in_app,INVALID_TEMPLATE,invalid_template,3,FAILED,2026-05-28T10:35:55.604Z
notif-1518,sms,msg91,INVALID_TEMPLATE,invalid_template,2,FAILED,2026-06-11T09:48:55.604Z
notif-1519,email,nodemailer,INVALID_RECIPIENT,invalid_recipient,3,FAILED,2026-05-18T13:19:55.604Z
notif-1520,in_app,in_app,INVALID_RECIPIENT,invalid_recipient,2,FAILED,2026-03-24T19:09:55.604Z
notif-1521,email,nodemailer,EXPIRED_TOKEN,expired_token,5,DLQ,2026-05-17T09:54:55.604Z
notif-1522,whatsapp,whatsapp_cloud,INVALID_RECIPIENT,invalid_recipient,2,FAILED,2026-03-23T13:34:55.604Z
notif-1523,email,nodemailer,INVALID_RECIPIENT,invalid_recipient,3,FAILED,2026-05-17T12:52:55.604Z
notif-1524,in_app,in_app,NETWORK_ERROR,network_error,4,DLQ,2026-05-06T11:32:55.604Z
notif-1525,email,nodemailer,PROVIDER_TIMEOUT,provider_timeout,5,FAILED,2026-04-16T13:40:55.604Z
notif-1526,whatsapp,whatsapp_cloud,NETWORK_ERROR,network_error,4,FAILED,2026-04-15T11:41:55.604Z
notif-1527,email,nodemailer,INVALID_TEMPLATE,invalid_template,5,FAILED,2026-05-19T09:52:55.604Z
notif-1528,email,nodemailer,EXPIRED_TOKEN,expired_token,2,FAILED,2026-05-10T09:46:55.604Z
notif-1529,sms,twilio,NETWORK_ERROR,network_error,2,DLQ,2026-04-02T10:01:55.604Z
notif-1530,email,nodemailer,INVALID_RECIPIENT,invalid_recipient,2,DLQ,2026-05-25T12:12:55.604Z
notif-1531,push,fcm,DND_BLOCKED,dnd_blocked,4,FAILED,2026-05-02T12:23:55.604Z
notif-1532,sms,twilio,DND_BLOCKED,dnd_blocked,4,FAILED,2026-06-13T19:09:55.604Z
notif-1533,in_app,in_app,INVALID_TEMPLATE,invalid_template,5,FAILED,2026-04-20T09:28:55.604Z
notif-1534,in_app,in_app,DND_BLOCKED,dnd_blocked,1,DLQ,2026-06-08T11:53:55.604Z
notif-1535,in_app,in_app,RATE_LIMITED,rate_limited,4,FAILED,2026-05-27T09:27:55.604Z
notif-1536,push,fcm,INVALID_TEMPLATE,invalid_template,5,FAILED,2026-06-12T19:09:55.604Z
notif-1537,whatsapp,whatsapp_cloud,PROVIDER_TIMEOUT,provider_timeout,2,FAILED,2026-05-17T08:55:55.604Z
notif-1538,whatsapp,whatsapp_cloud,RATE_LIMITED,rate_limited,4,FAILED,2026-05-31T08:38:55.604Z
notif-1539,email,nodemailer,INVALID_RECIPIENT,invalid_recipient,1,FAILED,2026-03-24T13:21:55.604Z
notif-1540,whatsapp,whatsapp_cloud,INVALID_TEMPLATE,invalid_template,3,DLQ,2026-03-31T09:56:55.604Z
notif-1541,email,nodemailer,INVALID_RECIPIENT,invalid_recipient,5,DLQ,2026-04-02T19:09:55.604Z
notif-1542,whatsapp,whatsapp_cloud,PROVIDER_TIMEOUT,provider_timeout,4,DLQ,2026-06-10T12:56:55.604Z
notif-1543,sms,msg91,INVALID_RECIPIENT,invalid_recipient,4,FAILED,2026-05-10T10:19:55.604Z
notif-1544,whatsapp,whatsapp_cloud,EXPIRED_TOKEN,expired_token,3,DLQ,2026-04-17T08:05:55.604Z
notif-1545,whatsapp,whatsapp_cloud,EXPIRED_TOKEN,expired_token,5,FAILED,2026-05-27T11:30:55.604Z
notif-1546,whatsapp,whatsapp_cloud,INVALID_RECIPIENT,invalid_recipient,4,DLQ,2026-05-22T13:09:55.604Z
notif-1547,email,nodemailer,DND_BLOCKED,dnd_blocked,4,DLQ,2026-06-12T10:28:55.604Z
notif-1548,email,nodemailer,INVALID_RECIPIENT,invalid_recipient,5,FAILED,2026-06-08T19:09:55.604Z
notif-1549,whatsapp,whatsapp_cloud,INVALID_RECIPIENT,invalid_recipient,3,FAILED,2026-04-28T12:36:55.604Z
notif-1550,in_app,in_app,RATE_LIMITED,rate_limited,5,FAILED,2026-05-03T08:57:55.604Z
notif-1551,email,nodemailer,DND_BLOCKED,dnd_blocked,2,FAILED,2026-04-22T19:09:55.604Z
notif-1552,push,fcm,RATE_LIMITED,rate_limited,5,FAILED,2026-05-16T11:45:55.604Z
notif-1553,sms,twilio,EXPIRED_TOKEN,expired_token,2,FAILED,2026-03-25T08:34:55.604Z
notif-1554,in_app,in_app,EXPIRED_TOKEN,expired_token,4,FAILED,2026-03-21T19:09:55.604Z
notif-1555,sms,msg91,PROVIDER_TIMEOUT,provider_timeout,2,FAILED,2026-04-14T19:09:55.604Z
notif-1556,sms,msg91,PROVIDER_TIMEOUT,provider_timeout,4,DLQ,2026-04-06T19:09:55.604Z
notif-1557,in_app,in_app,DND_BLOCKED,dnd_blocked,2,DLQ,2026-04-04T10:38:55.604Z
notif-1558,email,nodemailer,EXPIRED_TOKEN,expired_token,1,FAILED,2026-05-10T11:19:55.604Z
notif-1559,sms,msg91,RATE_LIMITED,rate_limited,2,DLQ,2026-06-02T12:20:55.604Z
notif-1560,whatsapp,whatsapp_cloud,PROVIDER_TIMEOUT,provider_timeout,2,DLQ,2026-04-06T08:39:55.604Z
notif-1561,push,fcm,RATE_LIMITED,rate_limited,4,FAILED,2026-04-17T10:32:55.604Z
notif-1562,email,nodemailer,INVALID_TEMPLATE,invalid_template,3,FAILED,2026-04-22T10:49:55.604Z
notif-1563,sms,twilio,EXPIRED_TOKEN,expired_token,3,FAILED,2026-05-21T11:05:55.604Z
notif-1564,email,nodemailer,INVALID_RECIPIENT,invalid_recipient,4,FAILED,2026-05-10T19:09:55.604Z
notif-1565,whatsapp,whatsapp_cloud,INVALID_TEMPLATE,invalid_template,5,FAILED,2026-04-26T08:11:55.604Z
notif-1566,sms,msg91,RATE_LIMITED,rate_limited,2,FAILED,2026-03-21T12:46:55.604Z
notif-1567,sms,twilio,PROVIDER_TIMEOUT,provider_timeout,1,DLQ,2026-03-30T10:00:55.604Z
notif-1568,sms,msg91,EXPIRED_TOKEN,expired_token,5,FAILED,2026-04-16T13:47:55.604Z
notif-1569,push,fcm,INVALID_TEMPLATE,invalid_template,5,FAILED,2026-05-18T13:10:55.604Z
notif-1570,email,nodemailer,EXPIRED_TOKEN,expired_token,4,FAILED,2026-04-22T10:31:55.604Z
notif-1571,sms,twilio,RATE_LIMITED,rate_limited,5,DLQ,2026-05-14T11:10:55.604Z
notif-1572,email,nodemailer,EXPIRED_TOKEN,expired_token,1,FAILED,2026-03-18T11:06:55.604Z
notif-1573,in_app,in_app,DND_BLOCKED,dnd_blocked,2,DLQ,2026-06-06T09:39:55.604Z
notif-1574,sms,twilio,RATE_LIMITED,rate_limited,4,FAILED,2026-06-11T11:05:55.604Z
notif-1575,sms,twilio,RATE_LIMITED,rate_limited,4,FAILED,2026-04-08T10:18:55.604Z
notif-1576,whatsapp,whatsapp_cloud,INVALID_TEMPLATE,invalid_template,5,DLQ,2026-06-02T08:59:55.604Z
notif-1577,whatsapp,whatsapp_cloud,RATE_LIMITED,rate_limited,4,DLQ,2026-05-19T19:09:55.604Z
notif-1578,whatsapp,whatsapp_cloud,NETWORK_ERROR,network_error,2,FAILED,2026-05-25T13:22:55.604Z
notif-1579,in_app,in_app,RATE_LIMITED,rate_limited,3,DLQ,2026-05-27T19:09:55.604Z
notif-1580,email,nodemailer,INVALID_RECIPIENT,invalid_recipient,5,FAILED,2026-03-27T12:15:55.604Z
notif-1581,email,nodemailer,INVALID_TEMPLATE,invalid_template,3,DLQ,2026-03-22T13:06:55.604Z
notif-1582,in_app,in_app,PROVIDER_TIMEOUT,provider_timeout,1,FAILED,2026-04-23T09:23:55.604Z
notif-1583,whatsapp,whatsapp_cloud,DND_BLOCKED,dnd_blocked,2,DLQ,2026-05-12T12:14:55.604Z
notif-1584,push,fcm,EXPIRED_TOKEN,expired_token,5,DLQ,2026-04-18T12:00:55.604Z
notif-1585,whatsapp,whatsapp_cloud,PROVIDER_TIMEOUT,provider_timeout,4,DLQ,2026-06-02T11:08:55.604Z
notif-1586,push,fcm,INVALID_TEMPLATE,invalid_template,2,FAILED,2026-06-06T19:09:55.604Z
notif-1587,push,fcm,INVALID_RECIPIENT,invalid_recipient,5,FAILED,2026-03-26T19:09:55.604Z
notif-1588,push,fcm,INVALID_TEMPLATE,invalid_template,4,FAILED,2026-06-07T19:09:55.604Z
notif-1589,email,nodemailer,INVALID_TEMPLATE,invalid_template,5,FAILED,2026-04-26T10:59:55.604Z
notif-1590,push,fcm,DND_BLOCKED,dnd_blocked,1,FAILED,2026-05-13T09:44:55.604Z
notif-1591,push,fcm,INVALID_TEMPLATE,invalid_template,4,FAILED,2026-05-18T19:09:55.604Z
notif-1592,push,fcm,DND_BLOCKED,dnd_blocked,4,FAILED,2026-06-06T13:54:55.604Z
notif-1593,whatsapp,whatsapp_cloud,NETWORK_ERROR,network_error,2,FAILED,2026-04-06T08:12:55.604Z
notif-1594,whatsapp,whatsapp_cloud,EXPIRED_TOKEN,expired_token,5,FAILED,2026-04-05T08:45:55.604Z
notif-1595,sms,msg91,INVALID_RECIPIENT,invalid_recipient,5,FAILED,2026-04-01T19:09:55.604Z
notif-1596,in_app,in_app,PROVIDER_TIMEOUT,provider_timeout,5,FAILED,2026-06-07T09:02:55.604Z
notif-1597,whatsapp,whatsapp_cloud,RATE_LIMITED,rate_limited,1,DLQ,2026-06-06T08:40:55.604Z
notif-1598,whatsapp,whatsapp_cloud,DND_BLOCKED,dnd_blocked,3,FAILED,2026-05-03T19:09:55.604Z
notif-1599,whatsapp,whatsapp_cloud,NETWORK_ERROR,network_error,5,DLQ,2026-05-05T11:40:55.604Z
notif-1600,email,nodemailer,NETWORK_ERROR,network_error,3,FAILED,2026-05-06T19:09:55.604Z
notif-1601,in_app,in_app,RATE_LIMITED,rate_limited,1,FAILED,2026-04-13T13:15:55.604Z
notif-1602,whatsapp,whatsapp_cloud,EXPIRED_TOKEN,expired_token,5,FAILED,2026-04-12T12:11:55.604Z
notif-1603,push,fcm,PROVIDER_TIMEOUT,provider_timeout,2,FAILED,2026-04-07T09:52:55.604Z
notif-1604,in_app,in_app,EXPIRED_TOKEN,expired_token,3,FAILED,2026-06-12T12:15:55.604Z
notif-1605,whatsapp,whatsapp_cloud,DND_BLOCKED,dnd_blocked,5,DLQ,2026-03-31T09:19:55.604Z
notif-1606,sms,twilio,EXPIRED_TOKEN,expired_token,5,FAILED,2026-06-05T12:54:55.604Z
notif-1607,sms,msg91,PROVIDER_TIMEOUT,provider_timeout,4,FAILED,2026-06-08T09:28:55.604Z
notif-1608,in_app,in_app,PROVIDER_TIMEOUT,provider_timeout,1,FAILED,2026-06-05T19:09:55.604Z
notif-1609,in_app,in_app,PROVIDER_TIMEOUT,provider_timeout,4,FAILED,2026-04-10T11:24:55.604Z
notif-1610,in_app,in_app,INVALID_TEMPLATE,invalid_template,2,DLQ,2026-04-22T11:39:55.604Z
notif-1611,email,nodemailer,EXPIRED_TOKEN,expired_token,3,FAILED,2026-04-24T10:24:55.604Z
notif-1612,push,fcm,INVALID_TEMPLATE,invalid_template,3,DLQ,2026-04-25T19:09:55.604Z
notif-1613,sms,twilio,NETWORK_ERROR,network_error,1,FAILED,2026-04-24T10:11:55.604Z
notif-1614,sms,msg91,DND_BLOCKED,dnd_blocked,5,FAILED,2026-04-03T19:09:55.604Z
notif-1615,sms,msg91,EXPIRED_TOKEN,expired_token,3,DLQ,2026-06-04T13:10:55.604Z
notif-1616,push,fcm,INVALID_TEMPLATE,invalid_template,1,FAILED,2026-05-23T11:10:55.604Z
notif-1617,push,fcm,NETWORK_ERROR,network_error,3,FAILED,2026-05-19T13:46:55.604Z
notif-1618,push,fcm,DND_BLOCKED,dnd_blocked,5,DLQ,2026-06-07T12:08:55.604Z
notif-1619,in_app,in_app,INVALID_RECIPIENT,invalid_recipient,3,FAILED,2026-04-30T10:50:55.604Z
notif-1620,sms,msg91,NETWORK_ERROR,network_error,2,FAILED,2026-05-02T10:46:55.604Z
notif-1621,email,nodemailer,NETWORK_ERROR,network_error,3,DLQ,2026-05-11T11:12:55.604Z
notif-1622,sms,msg91,INVALID_TEMPLATE,invalid_template,1,FAILED,2026-04-26T08:45:55.604Z
notif-1623,sms,twilio,DND_BLOCKED,dnd_blocked,3,FAILED,2026-04-20T08:59:55.604Z
notif-1624,email,nodemailer,INVALID_TEMPLATE,invalid_template,4,FAILED,2026-03-20T09:03:55.604Z
notif-1625,whatsapp,whatsapp_cloud,PROVIDER_TIMEOUT,provider_timeout,4,FAILED,2026-03-25T13:21:55.604Z
notif-1626,in_app,in_app,RATE_LIMITED,rate_limited,5,DLQ,2026-05-13T11:18:55.604Z
notif-1627,in_app,in_app,PROVIDER_TIMEOUT,provider_timeout,4,FAILED,2026-06-04T13:43:55.604Z
notif-1628,in_app,in_app,DND_BLOCKED,dnd_blocked,2,DLQ,2026-06-05T09:46:55.604Z
notif-1629,sms,twilio,RATE_LIMITED,rate_limited,2,FAILED,2026-03-23T10:58:55.604Z
notif-1630,whatsapp,whatsapp_cloud,INVALID_RECIPIENT,invalid_recipient,1,FAILED,2026-03-20T13:16:55.604Z
notif-1631,in_app,in_app,EXPIRED_TOKEN,expired_token,5,DLQ,2026-05-07T08:06:55.604Z
notif-1632,email,nodemailer,NETWORK_ERROR,network_error,3,DLQ,2026-04-02T10:00:55.604Z
notif-1633,whatsapp,whatsapp_cloud,INVALID_TEMPLATE,invalid_template,2,DLQ,2026-04-22T11:40:55.604Z
notif-1634,in_app,in_app,DND_BLOCKED,dnd_blocked,4,FAILED,2026-04-12T12:16:55.604Z
notif-1635,in_app,in_app,INVALID_RECIPIENT,invalid_recipient,1,FAILED,2026-05-31T19:09:55.604Z
notif-1636,push,fcm,INVALID_RECIPIENT,invalid_recipient,5,DLQ,2026-05-27T13:45:55.604Z
notif-1637,email,nodemailer,DND_BLOCKED,dnd_blocked,1,DLQ,2026-05-19T09:36:55.604Z
notif-1638,sms,twilio,EXPIRED_TOKEN,expired_token,2,FAILED,2026-04-11T19:09:55.604Z
notif-1639,whatsapp,whatsapp_cloud,DND_BLOCKED,dnd_blocked,1,FAILED,2026-04-21T10:02:55.604Z
notif-1640,push,fcm,PROVIDER_TIMEOUT,provider_timeout,1,FAILED,2026-05-01T09:12:55.604Z
notif-1641,email,nodemailer,DND_BLOCKED,dnd_blocked,2,FAILED,2026-06-07T13:14:55.604Z
notif-1642,sms,twilio,DND_BLOCKED,dnd_blocked,1,FAILED,2026-04-17T13:19:55.604Z
notif-1643,whatsapp,whatsapp_cloud,DND_BLOCKED,dnd_blocked,4,FAILED,2026-04-14T12:09:55.604Z
notif-1644,sms,twilio,RATE_LIMITED,rate_limited,5,FAILED,2026-03-27T11:07:55.604Z
notif-1645,sms,twilio,INVALID_RECIPIENT,invalid_recipient,4,FAILED,2026-04-21T19:09:55.604Z
notif-1646,push,fcm,NETWORK_ERROR,network_error,5,FAILED,2026-06-09T11:16:55.604Z
notif-1647,in_app,in_app,INVALID_TEMPLATE,invalid_template,5,FAILED,2026-05-27T11:44:55.604Z
notif-1648,email,nodemailer,EXPIRED_TOKEN,expired_token,2,FAILED,2026-04-18T12:06:55.604Z
notif-1649,whatsapp,whatsapp_cloud,INVALID_TEMPLATE,invalid_template,5,DLQ,2026-05-31T10:52:55.604Z
notif-1650,push,fcm,NETWORK_ERROR,network_error,4,FAILED,2026-04-25T19:09:55.604Z
notif-1651,email,nodemailer,PROVIDER_TIMEOUT,provider_timeout,4,DLQ,2026-03-22T11:20:55.604Z
notif-1652,in_app,in_app,RATE_LIMITED,rate_limited,1,FAILED,2026-04-06T11:17:55.604Z
notif-1653,sms,twilio,INVALID_TEMPLATE,invalid_template,1,DLQ,2026-06-09T08:27:55.604Z
notif-1654,push,fcm,RATE_LIMITED,rate_limited,5,FAILED,2026-05-24T11:48:55.604Z
notif-1655,whatsapp,whatsapp_cloud,PROVIDER_TIMEOUT,provider_timeout,4,FAILED,2026-03-31T19:09:55.604Z
notif-1656,email,nodemailer,RATE_LIMITED,rate_limited,4,FAILED,2026-05-16T11:34:55.604Z
notif-1657,sms,twilio,DND_BLOCKED,dnd_blocked,3,DLQ,2026-05-14T08:58:55.604Z
notif-1658,in_app,in_app,EXPIRED_TOKEN,expired_token,5,FAILED,2026-03-22T13:40:55.604Z
notif-1659,email,nodemailer,INVALID_RECIPIENT,invalid_recipient,3,DLQ,2026-06-02T19:09:55.604Z
notif-1660,email,nodemailer,EXPIRED_TOKEN,expired_token,1,FAILED,2026-05-08T08:11:55.604Z
notif-1661,email,nodemailer,PROVIDER_TIMEOUT,provider_timeout,2,FAILED,2026-05-23T12:20:55.604Z
notif-1662,in_app,in_app,DND_BLOCKED,dnd_blocked,2,DLQ,2026-03-25T11:24:55.604Z
notif-1663,push,fcm,INVALID_RECIPIENT,invalid_recipient,4,FAILED,2026-06-14T11:17:55.604Z
notif-1664,sms,twilio,NETWORK_ERROR,network_error,1,FAILED,2026-05-27T12:15:55.604Z
notif-1665,sms,msg91,INVALID_TEMPLATE,invalid_template,2,FAILED,2026-04-24T19:09:55.604Z
notif-1666,push,fcm,DND_BLOCKED,dnd_blocked,1,DLQ,2026-05-20T19:09:55.604Z
notif-1667,sms,twilio,INVALID_TEMPLATE,invalid_template,4,FAILED,2026-04-30T11:26:55.604Z
notif-1668,whatsapp,whatsapp_cloud,INVALID_TEMPLATE,invalid_template,3,FAILED,2026-05-06T09:10:55.604Z
notif-1669,push,fcm,PROVIDER_TIMEOUT,provider_timeout,1,FAILED,2026-06-06T19:09:55.604Z
notif-1670,email,nodemailer,PROVIDER_TIMEOUT,provider_timeout,3,DLQ,2026-03-27T12:28:55.604Z
notif-1671,sms,twilio,INVALID_RECIPIENT,invalid_recipient,2,DLQ,2026-05-16T13:45:55.604Z
notif-1672,push,fcm,INVALID_TEMPLATE,invalid_template,5,DLQ,2026-04-10T12:07:55.604Z
notif-1673,whatsapp,whatsapp_cloud,RATE_LIMITED,rate_limited,3,FAILED,2026-04-16T10:18:55.604Z
notif-1674,email,nodemailer,INVALID_RECIPIENT,invalid_recipient,1,FAILED,2026-06-04T11:08:55.604Z
notif-1675,in_app,in_app,NETWORK_ERROR,network_error,5,FAILED,2026-05-23T19:09:55.604Z
notif-1676,whatsapp,whatsapp_cloud,RATE_LIMITED,rate_limited,1,FAILED,2026-03-26T12:50:55.604Z
notif-1677,sms,msg91,DND_BLOCKED,dnd_blocked,3,DLQ,2026-05-01T09:50:55.604Z
notif-1678,sms,msg91,NETWORK_ERROR,network_error,1,DLQ,2026-06-05T08:41:55.604Z
notif-1679,push,fcm,RATE_LIMITED,rate_limited,2,FAILED,2026-05-20T10:06:55.604Z
notif-1680,push,fcm,PROVIDER_TIMEOUT,provider_timeout,5,FAILED,2026-04-27T08:03:55.604Z
notif-1681,email,nodemailer,NETWORK_ERROR,network_error,1,DLQ,2026-03-27T11:33:55.604Z
notif-1682,email,nodemailer,EXPIRED_TOKEN,expired_token,2,DLQ,2026-04-17T12:00:55.604Z
notif-1683,sms,msg91,PROVIDER_TIMEOUT,provider_timeout,2,FAILED,2026-03-27T08:45:55.604Z
notif-1684,in_app,in_app,INVALID_RECIPIENT,invalid_recipient,1,DLQ,2026-05-21T19:09:55.604Z
notif-1685,sms,msg91,DND_BLOCKED,dnd_blocked,3,FAILED,2026-04-16T13:04:55.604Z
notif-1686,push,fcm,INVALID_TEMPLATE,invalid_template,3,FAILED,2026-06-11T13:43:55.604Z
notif-1687,whatsapp,whatsapp_cloud,INVALID_TEMPLATE,invalid_template,3,FAILED,2026-05-20T19:09:55.604Z
notif-1688,email,nodemailer,NETWORK_ERROR,network_error,2,FAILED,2026-04-06T08:18:55.604Z
notif-1689,in_app,in_app,EXPIRED_TOKEN,expired_token,5,FAILED,2026-04-13T11:05:55.604Z
notif-1690,in_app,in_app,INVALID_TEMPLATE,invalid_template,1,DLQ,2026-06-11T08:27:55.604Z
notif-1691,in_app,in_app,INVALID_TEMPLATE,invalid_template,1,DLQ,2026-05-22T10:11:55.604Z
notif-1692,push,fcm,INVALID_TEMPLATE,invalid_template,2,DLQ,2026-04-26T08:59:55.604Z
notif-1693,in_app,in_app,DND_BLOCKED,dnd_blocked,4,DLQ,2026-05-04T19:09:55.604Z
notif-1694,push,fcm,EXPIRED_TOKEN,expired_token,5,FAILED,2026-06-02T08:47:55.604Z
notif-1695,push,fcm,EXPIRED_TOKEN,expired_token,2,DLQ,2026-05-12T09:06:55.604Z
notif-1696,push,fcm,PROVIDER_TIMEOUT,provider_timeout,3,FAILED,2026-05-27T10:38:55.604Z
notif-1697,sms,msg91,INVALID_RECIPIENT,invalid_recipient,1,FAILED,2026-05-21T11:02:55.604Z
notif-1698,in_app,in_app,EXPIRED_TOKEN,expired_token,4,DLQ,2026-04-03T13:38:55.604Z
notif-1699,push,fcm,RATE_LIMITED,rate_limited,5,FAILED,2026-05-08T08:42:55.604Z
notif-1700,push,fcm,DND_BLOCKED,dnd_blocked,5,FAILED,2026-05-20T09:23:55.604Z
notif-1701,in_app,in_app,PROVIDER_TIMEOUT,provider_timeout,4,FAILED,2026-05-02T12:33:55.604Z
notif-1702,whatsapp,whatsapp_cloud,INVALID_TEMPLATE,invalid_template,2,FAILED,2026-04-25T11:44:55.604Z
notif-1703,sms,twilio,INVALID_RECIPIENT,invalid_recipient,2,FAILED,2026-04-24T11:02:55.604Z
notif-1704,in_app,in_app,RATE_LIMITED,rate_limited,2,FAILED,2026-04-06T13:34:55.604Z
notif-1705,push,fcm,NETWORK_ERROR,network_error,5,DLQ,2026-03-31T10:15:55.604Z
notif-1706,sms,msg91,INVALID_TEMPLATE,invalid_template,4,FAILED,2026-03-24T11:40:55.604Z
notif-1707,email,nodemailer,NETWORK_ERROR,network_error,1,FAILED,2026-05-09T09:05:55.604Z
notif-1708,push,fcm,EXPIRED_TOKEN,expired_token,1,DLQ,2026-05-22T12:43:55.604Z
notif-1709,sms,twilio,INVALID_TEMPLATE,invalid_template,2,DLQ,2026-05-12T19:09:55.604Z
notif-1710,whatsapp,whatsapp_cloud,DND_BLOCKED,dnd_blocked,1,FAILED,2026-05-03T19:09:55.604Z
notif-1711,in_app,in_app,INVALID_RECIPIENT,invalid_recipient,1,FAILED,2026-04-08T13:58:55.604Z
notif-1712,push,fcm,RATE_LIMITED,rate_limited,5,DLQ,2026-05-09T09:31:55.604Z
notif-1713,whatsapp,whatsapp_cloud,NETWORK_ERROR,network_error,1,FAILED,2026-04-05T08:40:55.604Z
notif-1714,sms,msg91,EXPIRED_TOKEN,expired_token,4,FAILED,2026-05-21T13:03:55.604Z
notif-1715,whatsapp,whatsapp_cloud,INVALID_TEMPLATE,invalid_template,4,FAILED,2026-04-15T08:30:55.604Z
notif-1716,email,nodemailer,INVALID_TEMPLATE,invalid_template,4,FAILED,2026-03-23T11:46:55.604Z
notif-1717,push,fcm,RATE_LIMITED,rate_limited,2,FAILED,2026-04-15T19:09:55.604Z
notif-1718,sms,msg91,NETWORK_ERROR,network_error,1,DLQ,2026-04-23T08:41:55.604Z
notif-1719,sms,twilio,PROVIDER_TIMEOUT,provider_timeout,2,FAILED,2026-03-24T19:09:55.604Z
notif-1720,whatsapp,whatsapp_cloud,NETWORK_ERROR,network_error,4,FAILED,2026-03-21T08:54:55.604Z
notif-1721,whatsapp,whatsapp_cloud,DND_BLOCKED,dnd_blocked,4,DLQ,2026-04-04T10:35:55.604Z
notif-1722,sms,msg91,INVALID_TEMPLATE,invalid_template,5,FAILED,2026-05-24T12:17:55.604Z
notif-1723,whatsapp,whatsapp_cloud,PROVIDER_TIMEOUT,provider_timeout,5,FAILED,2026-03-28T11:19:55.604Z
notif-1724,in_app,in_app,NETWORK_ERROR,network_error,3,FAILED,2026-04-29T13:44:55.604Z
notif-1725,email,nodemailer,NETWORK_ERROR,network_error,5,FAILED,2026-05-07T13:54:55.604Z
notif-1726,email,nodemailer,DND_BLOCKED,dnd_blocked,1,FAILED,2026-04-07T19:09:55.604Z
notif-1727,email,nodemailer,DND_BLOCKED,dnd_blocked,1,FAILED,2026-05-05T19:09:55.604Z
notif-1728,push,fcm,PROVIDER_TIMEOUT,provider_timeout,4,FAILED,2026-04-29T08:43:55.604Z
notif-1729,in_app,in_app,INVALID_RECIPIENT,invalid_recipient,4,FAILED,2026-04-13T19:09:55.604Z
notif-1730,email,nodemailer,RATE_LIMITED,rate_limited,1,DLQ,2026-05-31T08:58:55.604Z
notif-1731,email,nodemailer,INVALID_TEMPLATE,invalid_template,5,FAILED,2026-06-10T19:09:55.604Z
notif-1732,sms,msg91,PROVIDER_TIMEOUT,provider_timeout,3,FAILED,2026-05-25T12:26:55.604Z
notif-1733,whatsapp,whatsapp_cloud,PROVIDER_TIMEOUT,provider_timeout,3,FAILED,2026-06-03T12:29:55.604Z
notif-1734,sms,msg91,EXPIRED_TOKEN,expired_token,1,FAILED,2026-05-29T12:11:55.604Z
notif-1735,push,fcm,NETWORK_ERROR,network_error,3,DLQ,2026-04-14T10:09:55.604Z
notif-1736,in_app,in_app,EXPIRED_TOKEN,expired_token,3,DLQ,2026-06-09T11:58:55.604Z
notif-1737,whatsapp,whatsapp_cloud,INVALID_RECIPIENT,invalid_recipient,5,FAILED,2026-03-21T11:10:55.604Z
notif-1738,in_app,in_app,INVALID_TEMPLATE,invalid_template,5,DLQ,2026-03-25T19:09:55.604Z
notif-1739,whatsapp,whatsapp_cloud,EXPIRED_TOKEN,expired_token,2,FAILED,2026-04-26T12:48:55.604Z
notif-1740,in_app,in_app,NETWORK_ERROR,network_error,5,FAILED,2026-03-27T19:09:55.604Z
notif-1741,in_app,in_app,RATE_LIMITED,rate_limited,5,FAILED,2026-05-18T12:54:55.604Z
notif-1742,sms,twilio,PROVIDER_TIMEOUT,provider_timeout,2,FAILED,2026-05-11T10:44:55.604Z
notif-1743,in_app,in_app,INVALID_TEMPLATE,invalid_template,4,FAILED,2026-04-24T10:37:55.604Z
notif-1744,push,fcm,INVALID_TEMPLATE,invalid_template,4,DLQ,2026-03-28T08:50:55.604Z
notif-1745,email,nodemailer,EXPIRED_TOKEN,expired_token,3,DLQ,2026-06-03T09:02:55.604Z
notif-1746,email,nodemailer,RATE_LIMITED,rate_limited,3,FAILED,2026-06-01T09:07:55.604Z
notif-1747,email,nodemailer,INVALID_RECIPIENT,invalid_recipient,3,FAILED,2026-04-20T08:28:55.604Z
notif-1748,sms,twilio,DND_BLOCKED,dnd_blocked,5,FAILED,2026-04-14T09:11:55.604Z
notif-1749,email,nodemailer,EXPIRED_TOKEN,expired_token,4,FAILED,2026-05-26T19:09:55.604Z
notif-1750,email,nodemailer,INVALID_RECIPIENT,invalid_recipient,1,FAILED,2026-06-03T08:46:55.604Z
notif-1751,email,nodemailer,NETWORK_ERROR,network_error,4,FAILED,2026-03-27T08:06:55.604Z
notif-1752,push,fcm,DND_BLOCKED,dnd_blocked,1,FAILED,2026-03-26T12:29:55.604Z
notif-1753,whatsapp,whatsapp_cloud,NETWORK_ERROR,network_error,5,DLQ,2026-05-13T08:03:55.604Z
notif-1754,whatsapp,whatsapp_cloud,DND_BLOCKED,dnd_blocked,5,FAILED,2026-06-07T12:59:55.604Z
notif-1755,whatsapp,whatsapp_cloud,INVALID_TEMPLATE,invalid_template,3,FAILED,2026-05-28T19:09:55.604Z
notif-1756,whatsapp,whatsapp_cloud,PROVIDER_TIMEOUT,provider_timeout,2,FAILED,2026-04-09T09:39:55.604Z
notif-1757,email,nodemailer,NETWORK_ERROR,network_error,3,DLQ,2026-04-11T10:41:55.604Z
notif-1758,sms,msg91,NETWORK_ERROR,network_error,2,FAILED,2026-03-21T09:07:55.604Z
notif-1759,push,fcm,INVALID_RECIPIENT,invalid_recipient,3,FAILED,2026-04-18T19:09:55.604Z
notif-1760,push,fcm,DND_BLOCKED,dnd_blocked,1,FAILED,2026-04-04T11:48:55.604Z
notif-1761,push,fcm,RATE_LIMITED,rate_limited,1,DLQ,2026-04-05T08:40:55.604Z
notif-1762,push,fcm,NETWORK_ERROR,network_error,4,FAILED,2026-05-16T12:26:55.604Z
notif-1763,in_app,in_app,NETWORK_ERROR,network_error,1,FAILED,2026-04-01T12:11:55.604Z
notif-1764,push,fcm,DND_BLOCKED,dnd_blocked,3,FAILED,2026-03-20T12:37:55.604Z
notif-1765,whatsapp,whatsapp_cloud,RATE_LIMITED,rate_limited,5,FAILED,2026-04-27T19:09:55.604Z
notif-1766,sms,msg91,DND_BLOCKED,dnd_blocked,2,FAILED,2026-04-20T08:04:55.604Z
notif-1767,push,fcm,INVALID_TEMPLATE,invalid_template,2,FAILED,2026-03-30T10:26:55.604Z
notif-1768,whatsapp,whatsapp_cloud,RATE_LIMITED,rate_limited,3,DLQ,2026-05-07T13:30:55.604Z
notif-1769,sms,twilio,DND_BLOCKED,dnd_blocked,3,FAILED,2026-04-22T19:09:55.604Z
notif-1770,whatsapp,whatsapp_cloud,RATE_LIMITED,rate_limited,5,DLQ,2026-04-20T09:05:55.604Z
notif-1771,in_app,in_app,RATE_LIMITED,rate_limited,3,FAILED,2026-06-07T12:26:55.604Z
notif-1772,whatsapp,whatsapp_cloud,INVALID_RECIPIENT,invalid_recipient,2,FAILED,2026-04-09T19:09:55.604Z
notif-1773,in_app,in_app,DND_BLOCKED,dnd_blocked,4,FAILED,2026-05-07T13:56:55.604Z
notif-1774,email,nodemailer,INVALID_RECIPIENT,invalid_recipient,5,FAILED,2026-05-01T08:39:55.604Z
notif-1775,whatsapp,whatsapp_cloud,DND_BLOCKED,dnd_blocked,5,FAILED,2026-03-25T09:41:55.604Z
notif-1776,in_app,in_app,EXPIRED_TOKEN,expired_token,1,FAILED,2026-05-05T08:21:55.604Z
notif-1777,sms,msg91,DND_BLOCKED,dnd_blocked,4,DLQ,2026-05-21T09:11:55.604Z
notif-1778,whatsapp,whatsapp_cloud,EXPIRED_TOKEN,expired_token,3,FAILED,2026-05-10T12:58:55.604Z
notif-1779,whatsapp,whatsapp_cloud,INVALID_TEMPLATE,invalid_template,2,FAILED,2026-05-12T19:09:55.604Z
notif-1780,in_app,in_app,NETWORK_ERROR,network_error,2,FAILED,2026-03-29T10:42:55.604Z
notif-1781,push,fcm,PROVIDER_TIMEOUT,provider_timeout,4,FAILED,2026-04-14T08:15:55.604Z
notif-1782,push,fcm,DND_BLOCKED,dnd_blocked,3,FAILED,2026-03-23T12:07:55.604Z
notif-1783,email,nodemailer,PROVIDER_TIMEOUT,provider_timeout,1,FAILED,2026-06-04T08:31:55.604Z
notif-1784,sms,msg91,DND_BLOCKED,dnd_blocked,1,FAILED,2026-04-17T10:49:55.604Z
notif-1785,in_app,in_app,INVALID_TEMPLATE,invalid_template,1,DLQ,2026-05-22T11:47:55.604Z
notif-1786,email,nodemailer,RATE_LIMITED,rate_limited,5,DLQ,2026-04-30T09:00:55.604Z
notif-1787,whatsapp,whatsapp_cloud,PROVIDER_TIMEOUT,provider_timeout,4,FAILED,2026-03-21T19:09:55.604Z
notif-1788,in_app,in_app,PROVIDER_TIMEOUT,provider_timeout,4,FAILED,2026-05-02T09:50:55.604Z
notif-1789,in_app,in_app,INVALID_TEMPLATE,invalid_template,2,DLQ,2026-04-14T11:30:55.604Z
notif-1790,sms,msg91,EXPIRED_TOKEN,expired_token,1,FAILED,2026-04-30T19:09:55.605Z
notif-1791,email,nodemailer,INVALID_TEMPLATE,invalid_template,2,DLQ,2026-05-16T12:09:55.605Z
notif-1792,push,fcm,NETWORK_ERROR,network_error,1,FAILED,2026-03-19T19:09:55.605Z
notif-1793,sms,twilio,INVALID_TEMPLATE,invalid_template,5,DLQ,2026-04-13T19:09:55.605Z
notif-1794,email,nodemailer,INVALID_TEMPLATE,invalid_template,3,FAILED,2026-05-02T11:11:55.605Z
notif-1795,sms,twilio,RATE_LIMITED,rate_limited,1,FAILED,2026-04-26T11:46:55.605Z
notif-1796,sms,msg91,PROVIDER_TIMEOUT,provider_timeout,3,FAILED,2026-06-03T09:53:55.605Z
notif-1797,whatsapp,whatsapp_cloud,EXPIRED_TOKEN,expired_token,3,DLQ,2026-04-04T13:16:55.605Z
notif-1798,whatsapp,whatsapp_cloud,EXPIRED_TOKEN,expired_token,2,FAILED,2026-04-08T12:36:55.605Z
notif-1799,whatsapp,whatsapp_cloud,DND_BLOCKED,dnd_blocked,5,DLQ,2026-04-06T11:24:55.605Z
notif-1800,whatsapp,whatsapp_cloud,PROVIDER_TIMEOUT,provider_timeout,1,DLQ,2026-06-01T12:54:55.605Z
notif-1801,push,fcm,NETWORK_ERROR,network_error,2,DLQ,2026-03-18T19:09:55.605Z
notif-1802,push,fcm,RATE_LIMITED,rate_limited,1,DLQ,2026-05-17T11:51:55.605Z
notif-1803,sms,twilio,DND_BLOCKED,dnd_blocked,3,FAILED,2026-04-27T09:06:55.605Z
notif-1804,whatsapp,whatsapp_cloud,NETWORK_ERROR,network_error,2,DLQ,2026-05-02T12:31:55.605Z
notif-1805,sms,twilio,DND_BLOCKED,dnd_blocked,1,FAILED,2026-04-22T19:09:55.605Z
notif-1806,email,nodemailer,PROVIDER_TIMEOUT,provider_timeout,5,FAILED,2026-04-28T12:26:55.605Z
notif-1807,email,nodemailer,DND_BLOCKED,dnd_blocked,5,FAILED,2026-03-26T19:09:55.605Z
notif-1808,push,fcm,INVALID_RECIPIENT,invalid_recipient,2,DLQ,2026-04-24T11:30:55.605Z
notif-1809,in_app,in_app,RATE_LIMITED,rate_limited,3,FAILED,2026-05-30T08:50:55.605Z
notif-1810,push,fcm,NETWORK_ERROR,network_error,3,FAILED,2026-06-14T10:22:55.605Z
notif-1811,sms,twilio,DND_BLOCKED,dnd_blocked,5,DLQ,2026-05-26T10:32:55.605Z
notif-1812,in_app,in_app,PROVIDER_TIMEOUT,provider_timeout,1,FAILED,2026-05-07T19:09:55.605Z
notif-1813,sms,msg91,DND_BLOCKED,dnd_blocked,5,DLQ,2026-04-19T19:09:55.605Z
notif-1814,email,nodemailer,EXPIRED_TOKEN,expired_token,1,FAILED,2026-04-21T08:46:55.605Z
notif-1815,email,nodemailer,INVALID_RECIPIENT,invalid_recipient,1,FAILED,2026-04-29T19:09:55.605Z
notif-1816,push,fcm,INVALID_TEMPLATE,invalid_template,2,FAILED,2026-04-22T12:18:55.605Z
notif-1817,sms,twilio,NETWORK_ERROR,network_error,3,FAILED,2026-06-14T19:09:55.605Z
notif-1818,sms,msg91,DND_BLOCKED,dnd_blocked,3,FAILED,2026-05-05T11:10:55.605Z
notif-1819,whatsapp,whatsapp_cloud,NETWORK_ERROR,network_error,1,DLQ,2026-04-16T19:09:55.605Z
notif-1820,sms,twilio,DND_BLOCKED,dnd_blocked,5,FAILED,2026-05-11T11:37:55.605Z
notif-1821,email,nodemailer,RATE_LIMITED,rate_limited,5,FAILED,2026-05-12T09:01:55.605Z
notif-1822,push,fcm,DND_BLOCKED,dnd_blocked,5,DLQ,2026-06-08T12:22:55.605Z
notif-1823,sms,msg91,NETWORK_ERROR,network_error,5,DLQ,2026-05-18T12:39:55.605Z
notif-1824,in_app,in_app,NETWORK_ERROR,network_error,3,DLQ,2026-03-22T19:09:55.605Z
notif-1825,sms,msg91,INVALID_RECIPIENT,invalid_recipient,5,FAILED,2026-04-25T19:09:55.605Z
notif-1826,email,nodemailer,PROVIDER_TIMEOUT,provider_timeout,4,FAILED,2026-06-15T11:35:55.605Z
notif-1827,email,nodemailer,DND_BLOCKED,dnd_blocked,5,DLQ,2026-06-04T19:09:55.605Z
notif-1828,whatsapp,whatsapp_cloud,RATE_LIMITED,rate_limited,1,FAILED,2026-06-10T12:21:55.605Z
notif-1829,email,nodemailer,NETWORK_ERROR,network_error,1,FAILED,2026-04-10T09:35:55.605Z
notif-1830,whatsapp,whatsapp_cloud,NETWORK_ERROR,network_error,4,FAILED,2026-06-13T19:09:55.605Z
notif-1831,in_app,in_app,PROVIDER_TIMEOUT,provider_timeout,1,FAILED,2026-05-11T12:21:55.605Z
notif-1832,whatsapp,whatsapp_cloud,RATE_LIMITED,rate_limited,3,FAILED,2026-03-18T08:41:55.605Z
notif-1833,whatsapp,whatsapp_cloud,RATE_LIMITED,rate_limited,5,FAILED,2026-05-25T13:34:55.605Z
notif-1834,in_app,in_app,EXPIRED_TOKEN,expired_token,4,FAILED,2026-03-29T10:52:55.605Z
notif-1835,whatsapp,whatsapp_cloud,INVALID_TEMPLATE,invalid_template,1,FAILED,2026-03-20T19:09:55.605Z
notif-1836,push,fcm,INVALID_RECIPIENT,invalid_recipient,1,DLQ,2026-04-15T12:31:55.605Z
notif-1837,whatsapp,whatsapp_cloud,PROVIDER_TIMEOUT,provider_timeout,1,FAILED,2026-04-11T11:04:55.605Z
notif-1838,in_app,in_app,DND_BLOCKED,dnd_blocked,4,FAILED,2026-06-07T12:48:55.605Z
notif-1839,email,nodemailer,INVALID_RECIPIENT,invalid_recipient,1,FAILED,2026-05-29T08:49:55.605Z
notif-1840,sms,twilio,INVALID_RECIPIENT,invalid_recipient,1,FAILED,2026-04-27T09:06:55.605Z
notif-1841,sms,msg91,EXPIRED_TOKEN,expired_token,2,FAILED,2026-06-04T19:09:55.605Z
notif-1842,in_app,in_app,INVALID_TEMPLATE,invalid_template,2,FAILED,2026-05-21T19:09:55.605Z
notif-1843,in_app,in_app,NETWORK_ERROR,network_error,3,DLQ,2026-05-04T19:09:55.605Z
notif-1844,email,nodemailer,NETWORK_ERROR,network_error,2,FAILED,2026-04-21T11:18:55.605Z
notif-1845,whatsapp,whatsapp_cloud,EXPIRED_TOKEN,expired_token,1,FAILED,2026-04-24T09:27:55.605Z
notif-1846,email,nodemailer,INVALID_TEMPLATE,invalid_template,3,DLQ,2026-04-12T11:43:55.605Z
notif-1847,push,fcm,INVALID_RECIPIENT,invalid_recipient,4,FAILED,2026-05-28T13:57:55.605Z
notif-1848,in_app,in_app,PROVIDER_TIMEOUT,provider_timeout,4,FAILED,2026-06-02T08:50:55.605Z
notif-1849,whatsapp,whatsapp_cloud,DND_BLOCKED,dnd_blocked,4,DLQ,2026-06-06T13:52:55.605Z
notif-1850,whatsapp,whatsapp_cloud,RATE_LIMITED,rate_limited,3,FAILED,2026-04-27T19:09:55.605Z
notif-1851,push,fcm,NETWORK_ERROR,network_error,2,FAILED,2026-03-19T10:29:55.605Z
notif-1852,push,fcm,RATE_LIMITED,rate_limited,4,FAILED,2026-06-01T09:05:55.605Z
notif-1853,in_app,in_app,RATE_LIMITED,rate_limited,3,FAILED,2026-03-29T19:09:55.605Z
notif-1854,push,fcm,RATE_LIMITED,rate_limited,5,FAILED,2026-04-12T10:53:55.605Z
notif-1855,email,nodemailer,EXPIRED_TOKEN,expired_token,4,DLQ,2026-04-10T19:09:55.605Z
notif-1856,whatsapp,whatsapp_cloud,DND_BLOCKED,dnd_blocked,3,FAILED,2026-06-02T09:53:55.605Z
notif-1857,email,nodemailer,EXPIRED_TOKEN,expired_token,1,FAILED,2026-04-19T11:15:55.605Z
notif-1858,sms,twilio,NETWORK_ERROR,network_error,2,FAILED,2026-05-07T09:06:55.605Z
notif-1859,whatsapp,whatsapp_cloud,DND_BLOCKED,dnd_blocked,5,FAILED,2026-03-31T08:52:55.605Z
notif-1860,push,fcm,RATE_LIMITED,rate_limited,4,FAILED,2026-06-07T09:16:55.605Z
notif-1861,email,nodemailer,EXPIRED_TOKEN,expired_token,1,FAILED,2026-05-28T12:09:55.605Z
notif-1862,in_app,in_app,NETWORK_ERROR,network_error,1,FAILED,2026-04-17T13:19:55.605Z
notif-1863,in_app,in_app,PROVIDER_TIMEOUT,provider_timeout,3,DLQ,2026-05-07T08:05:55.605Z
notif-1864,email,nodemailer,PROVIDER_TIMEOUT,provider_timeout,5,FAILED,2026-05-03T09:12:55.605Z
notif-1865,in_app,in_app,INVALID_RECIPIENT,invalid_recipient,4,DLQ,2026-06-08T09:45:55.605Z
notif-1866,in_app,in_app,RATE_LIMITED,rate_limited,5,DLQ,2026-05-12T13:08:55.605Z
notif-1867,whatsapp,whatsapp_cloud,RATE_LIMITED,rate_limited,2,FAILED,2026-03-22T08:28:55.605Z
notif-1868,email,nodemailer,EXPIRED_TOKEN,expired_token,3,FAILED,2026-06-15T10:06:55.605Z
notif-1869,sms,msg91,INVALID_RECIPIENT,invalid_recipient,5,FAILED,2026-04-18T09:21:55.605Z
notif-1870,sms,twilio,EXPIRED_TOKEN,expired_token,5,FAILED,2026-04-19T19:09:55.605Z
notif-1871,push,fcm,NETWORK_ERROR,network_error,5,FAILED,2026-04-29T12:25:55.605Z
notif-1872,whatsapp,whatsapp_cloud,INVALID_RECIPIENT,invalid_recipient,2,FAILED,2026-06-02T19:09:55.605Z
notif-1873,push,fcm,INVALID_RECIPIENT,invalid_recipient,3,FAILED,2026-05-20T11:51:55.605Z
notif-1874,email,nodemailer,INVALID_TEMPLATE,invalid_template,4,FAILED,2026-05-23T19:09:55.605Z
notif-1875,push,fcm,RATE_LIMITED,rate_limited,5,FAILED,2026-05-11T10:51:55.605Z
notif-1876,sms,msg91,INVALID_TEMPLATE,invalid_template,1,FAILED,2026-03-18T08:22:55.605Z
notif-1877,in_app,in_app,PROVIDER_TIMEOUT,provider_timeout,2,DLQ,2026-04-21T09:49:55.605Z
notif-1878,whatsapp,whatsapp_cloud,INVALID_RECIPIENT,invalid_recipient,1,DLQ,2026-03-29T13:51:55.605Z
notif-1879,push,fcm,RATE_LIMITED,rate_limited,3,DLQ,2026-05-08T10:07:55.605Z
notif-1880,push,fcm,PROVIDER_TIMEOUT,provider_timeout,4,FAILED,2026-03-19T19:09:55.605Z
notif-1881,push,fcm,INVALID_TEMPLATE,invalid_template,2,DLQ,2026-05-04T08:15:55.605Z
notif-1882,whatsapp,whatsapp_cloud,RATE_LIMITED,rate_limited,4,FAILED,2026-04-22T11:05:55.605Z
notif-1883,in_app,in_app,PROVIDER_TIMEOUT,provider_timeout,1,FAILED,2026-06-11T11:20:55.605Z
notif-1884,email,nodemailer,NETWORK_ERROR,network_error,3,FAILED,2026-03-30T19:09:55.605Z
notif-1885,sms,twilio,INVALID_RECIPIENT,invalid_recipient,1,FAILED,2026-05-08T19:09:55.605Z
notif-1886,push,fcm,NETWORK_ERROR,network_error,5,DLQ,2026-05-12T12:17:55.605Z
notif-1887,in_app,in_app,RATE_LIMITED,rate_limited,3,DLQ,2026-03-28T19:09:55.605Z
notif-1888,email,nodemailer,INVALID_RECIPIENT,invalid_recipient,1,FAILED,2026-03-28T19:09:55.605Z
notif-1889,whatsapp,whatsapp_cloud,NETWORK_ERROR,network_error,3,FAILED,2026-03-26T10:24:55.605Z
notif-1890,email,nodemailer,EXPIRED_TOKEN,expired_token,1,FAILED,2026-03-23T08:34:55.605Z
notif-1891,sms,twilio,DND_BLOCKED,dnd_blocked,5,DLQ,2026-03-29T12:07:55.605Z
notif-1892,push,fcm,NETWORK_ERROR,network_error,5,DLQ,2026-04-30T12:40:55.605Z
notif-1893,whatsapp,whatsapp_cloud,PROVIDER_TIMEOUT,provider_timeout,1,DLQ,2026-05-18T13:24:55.605Z
notif-1894,email,nodemailer,INVALID_TEMPLATE,invalid_template,2,FAILED,2026-06-08T10:21:55.605Z
notif-1895,sms,twilio,RATE_LIMITED,rate_limited,3,FAILED,2026-05-12T10:58:55.605Z
notif-1896,push,fcm,DND_BLOCKED,dnd_blocked,2,FAILED,2026-05-29T08:31:55.605Z
notif-1897,email,nodemailer,INVALID_TEMPLATE,invalid_template,4,DLQ,2026-04-05T10:57:55.605Z
notif-1898,email,nodemailer,INVALID_RECIPIENT,invalid_recipient,2,FAILED,2026-05-03T09:21:55.605Z
notif-1899,in_app,in_app,INVALID_TEMPLATE,invalid_template,2,FAILED,2026-05-29T13:49:55.605Z
notif-1900,whatsapp,whatsapp_cloud,INVALID_TEMPLATE,invalid_template,5,DLQ,2026-04-26T09:21:55.605Z
notif-1901,sms,twilio,NETWORK_ERROR,network_error,3,FAILED,2026-04-10T19:09:55.605Z
notif-1902,email,nodemailer,EXPIRED_TOKEN,expired_token,5,DLQ,2026-03-18T09:13:55.605Z
notif-1903,in_app,in_app,DND_BLOCKED,dnd_blocked,5,FAILED,2026-04-20T10:18:55.605Z
notif-1904,sms,msg91,RATE_LIMITED,rate_limited,2,DLQ,2026-05-30T19:09:55.605Z
notif-1905,email,nodemailer,INVALID_RECIPIENT,invalid_recipient,5,DLQ,2026-06-11T11:57:55.605Z
notif-1906,whatsapp,whatsapp_cloud,INVALID_TEMPLATE,invalid_template,4,DLQ,2026-06-09T11:11:55.605Z
notif-1907,email,nodemailer,DND_BLOCKED,dnd_blocked,4,FAILED,2026-04-27T10:03:55.605Z
notif-1908,push,fcm,INVALID_TEMPLATE,invalid_template,2,FAILED,2026-05-03T19:09:55.605Z
notif-1909,push,fcm,NETWORK_ERROR,network_error,3,FAILED,2026-04-07T08:53:55.605Z
notif-1910,in_app,in_app,INVALID_TEMPLATE,invalid_template,3,FAILED,2026-05-19T19:09:55.605Z
notif-1911,in_app,in_app,INVALID_TEMPLATE,invalid_template,3,DLQ,2026-06-14T19:09:55.605Z
notif-1912,email,nodemailer,PROVIDER_TIMEOUT,provider_timeout,4,DLQ,2026-05-28T13:07:55.605Z
notif-1913,in_app,in_app,INVALID_TEMPLATE,invalid_template,4,DLQ,2026-06-05T12:11:55.605Z
notif-1914,email,nodemailer,PROVIDER_TIMEOUT,provider_timeout,2,FAILED,2026-06-09T08:57:55.605Z
notif-1915,whatsapp,whatsapp_cloud,INVALID_TEMPLATE,invalid_template,1,DLQ,2026-04-10T09:21:55.605Z
notif-1916,whatsapp,whatsapp_cloud,PROVIDER_TIMEOUT,provider_timeout,5,DLQ,2026-06-01T09:44:55.605Z
notif-1917,email,nodemailer,PROVIDER_TIMEOUT,provider_timeout,5,FAILED,2026-03-31T11:44:55.605Z
notif-1918,push,fcm,INVALID_TEMPLATE,invalid_template,4,FAILED,2026-04-21T19:09:55.605Z
notif-1919,email,nodemailer,INVALID_TEMPLATE,invalid_template,4,FAILED,2026-04-20T11:40:55.605Z
notif-1920,push,fcm,DND_BLOCKED,dnd_blocked,2,FAILED,2026-04-09T10:53:55.605Z
notif-1921,whatsapp,whatsapp_cloud,NETWORK_ERROR,network_error,3,DLQ,2026-04-24T08:45:55.605Z
notif-1922,whatsapp,whatsapp_cloud,INVALID_RECIPIENT,invalid_recipient,4,FAILED,2026-04-17T19:09:55.605Z
notif-1923,email,nodemailer,NETWORK_ERROR,network_error,4,DLQ,2026-05-29T12:45:55.605Z
notif-1924,whatsapp,whatsapp_cloud,INVALID_TEMPLATE,invalid_template,2,DLQ,2026-06-14T10:45:55.605Z
notif-1925,sms,twilio,PROVIDER_TIMEOUT,provider_timeout,4,FAILED,2026-05-02T19:09:55.605Z
notif-1926,in_app,in_app,NETWORK_ERROR,network_error,3,FAILED,2026-05-26T19:09:55.605Z
notif-1927,whatsapp,whatsapp_cloud,NETWORK_ERROR,network_error,2,FAILED,2026-05-06T08:00:55.605Z
notif-1928,email,nodemailer,INVALID_RECIPIENT,invalid_recipient,3,FAILED,2026-06-07T09:21:55.605Z
notif-1929,email,nodemailer,RATE_LIMITED,rate_limited,5,DLQ,2026-05-03T10:55:55.605Z
notif-1930,push,fcm,DND_BLOCKED,dnd_blocked,3,FAILED,2026-05-23T08:57:55.605Z
notif-1931,whatsapp,whatsapp_cloud,INVALID_RECIPIENT,invalid_recipient,3,FAILED,2026-05-03T19:09:55.605Z
notif-1932,in_app,in_app,NETWORK_ERROR,network_error,5,FAILED,2026-03-20T09:36:55.605Z
notif-1933,in_app,in_app,NETWORK_ERROR,network_error,4,FAILED,2026-03-23T11:39:55.605Z
notif-1934,push,fcm,RATE_LIMITED,rate_limited,1,FAILED,2026-06-09T13:57:55.605Z
notif-1935,whatsapp,whatsapp_cloud,INVALID_RECIPIENT,invalid_recipient,4,FAILED,2026-04-13T11:22:55.605Z
notif-1936,push,fcm,INVALID_TEMPLATE,invalid_template,4,FAILED,2026-05-07T10:03:55.605Z
notif-1937,push,fcm,INVALID_RECIPIENT,invalid_recipient,2,DLQ,2026-03-28T08:48:55.605Z
notif-1938,sms,msg91,EXPIRED_TOKEN,expired_token,4,FAILED,2026-05-28T08:13:55.605Z
notif-1939,email,nodemailer,DND_BLOCKED,dnd_blocked,1,FAILED,2026-04-09T13:26:55.605Z
notif-1940,in_app,in_app,INVALID_TEMPLATE,invalid_template,3,FAILED,2026-05-12T10:47:55.605Z
notif-1941,in_app,in_app,NETWORK_ERROR,network_error,3,FAILED,2026-03-23T13:59:55.605Z
notif-1942,push,fcm,INVALID_RECIPIENT,invalid_recipient,2,FAILED,2026-04-08T13:45:55.605Z
notif-1943,sms,msg91,PROVIDER_TIMEOUT,provider_timeout,3,FAILED,2026-06-08T08:46:55.605Z
notif-1944,push,fcm,EXPIRED_TOKEN,expired_token,1,FAILED,2026-05-05T13:52:55.605Z
notif-1945,in_app,in_app,DND_BLOCKED,dnd_blocked,4,DLQ,2026-05-02T09:38:55.605Z
notif-1946,in_app,in_app,INVALID_RECIPIENT,invalid_recipient,5,DLQ,2026-05-24T09:16:55.605Z
notif-1947,whatsapp,whatsapp_cloud,INVALID_RECIPIENT,invalid_recipient,4,FAILED,2026-06-12T13:26:55.605Z
notif-1948,push,fcm,INVALID_RECIPIENT,invalid_recipient,2,FAILED,2026-04-16T08:35:55.605Z
notif-1949,sms,msg91,RATE_LIMITED,rate_limited,4,DLQ,2026-04-14T08:21:55.605Z
notif-1950,whatsapp,whatsapp_cloud,INVALID_TEMPLATE,invalid_template,4,FAILED,2026-03-21T13:54:55.605Z
notif-1951,push,fcm,INVALID_RECIPIENT,invalid_recipient,1,FAILED,2026-05-06T10:33:55.605Z
notif-1952,email,nodemailer,INVALID_RECIPIENT,invalid_recipient,5,DLQ,2026-05-26T11:13:55.605Z
notif-1953,push,fcm,PROVIDER_TIMEOUT,provider_timeout,3,FAILED,2026-05-19T10:34:55.605Z
notif-1954,email,nodemailer,NETWORK_ERROR,network_error,5,FAILED,2026-04-07T13:50:55.605Z
notif-1955,whatsapp,whatsapp_cloud,INVALID_TEMPLATE,invalid_template,3,DLQ,2026-03-21T11:07:55.605Z
notif-1956,email,nodemailer,INVALID_RECIPIENT,invalid_recipient,2,FAILED,2026-04-30T10:50:55.605Z
notif-1957,sms,msg91,PROVIDER_TIMEOUT,provider_timeout,1,FAILED,2026-04-13T19:09:55.605Z
notif-1958,in_app,in_app,DND_BLOCKED,dnd_blocked,1,FAILED,2026-06-10T08:02:55.605Z
notif-1959,sms,msg91,INVALID_TEMPLATE,invalid_template,2,FAILED,2026-04-25T08:48:55.605Z
notif-1960,push,fcm,NETWORK_ERROR,network_error,3,FAILED,2026-05-05T09:28:55.605Z
notif-1961,sms,msg91,INVALID_TEMPLATE,invalid_template,1,FAILED,2026-05-24T19:09:55.605Z
notif-1962,in_app,in_app,INVALID_TEMPLATE,invalid_template,3,DLQ,2026-05-21T12:58:55.605Z
notif-1963,email,nodemailer,EXPIRED_TOKEN,expired_token,2,DLQ,2026-04-14T13:55:55.605Z
notif-1964,in_app,in_app,INVALID_RECIPIENT,invalid_recipient,1,FAILED,2026-04-27T11:40:55.605Z
notif-1965,push,fcm,PROVIDER_TIMEOUT,provider_timeout,5,FAILED,2026-03-29T13:09:55.605Z
notif-1966,push,fcm,EXPIRED_TOKEN,expired_token,5,DLQ,2026-03-28T12:14:55.605Z
notif-1967,push,fcm,RATE_LIMITED,rate_limited,3,FAILED,2026-04-23T19:09:55.605Z
notif-1968,email,nodemailer,DND_BLOCKED,dnd_blocked,4,FAILED,2026-05-21T19:09:55.605Z
notif-1969,email,nodemailer,INVALID_TEMPLATE,invalid_template,5,FAILED,2026-05-04T08:17:55.605Z
notif-1970,sms,twilio,RATE_LIMITED,rate_limited,1,FAILED,2026-04-13T08:32:55.605Z
notif-1971,sms,twilio,INVALID_RECIPIENT,invalid_recipient,4,DLQ,2026-04-02T11:35:55.605Z
notif-1972,push,fcm,EXPIRED_TOKEN,expired_token,2,FAILED,2026-04-17T09:03:55.605Z
notif-1973,push,fcm,RATE_LIMITED,rate_limited,1,DLQ,2026-03-25T11:36:55.605Z
notif-1974,sms,msg91,INVALID_TEMPLATE,invalid_template,4,FAILED,2026-04-25T10:06:55.605Z
notif-1975,sms,twilio,PROVIDER_TIMEOUT,provider_timeout,3,FAILED,2026-06-13T19:09:55.605Z
notif-1976,whatsapp,whatsapp_cloud,RATE_LIMITED,rate_limited,2,FAILED,2026-05-19T11:52:55.605Z
notif-1977,sms,twilio,DND_BLOCKED,dnd_blocked,3,FAILED,2026-05-06T13:01:55.605Z
notif-1978,sms,twilio,PROVIDER_TIMEOUT,provider_timeout,5,FAILED,2026-04-05T10:13:55.605Z
notif-1979,email,nodemailer,RATE_LIMITED,rate_limited,1,FAILED,2026-04-13T09:20:55.605Z
notif-1980,whatsapp,whatsapp_cloud,INVALID_TEMPLATE,invalid_template,3,DLQ,2026-05-22T12:11:55.605Z
notif-1981,in_app,in_app,EXPIRED_TOKEN,expired_token,3,FAILED,2026-03-24T12:08:55.605Z
notif-1982,email,nodemailer,EXPIRED_TOKEN,expired_token,4,FAILED,2026-03-26T08:23:55.605Z
notif-1983,whatsapp,whatsapp_cloud,INVALID_RECIPIENT,invalid_recipient,5,FAILED,2026-06-10T09:24:55.605Z
notif-1984,whatsapp,whatsapp_cloud,NETWORK_ERROR,network_error,3,FAILED,2026-06-13T13:12:55.605Z
notif-1985,in_app,in_app,INVALID_RECIPIENT,invalid_recipient,3,FAILED,2026-06-03T13:12:55.605Z
notif-1986,email,nodemailer,INVALID_RECIPIENT,invalid_recipient,2,FAILED,2026-04-15T19:09:55.605Z
notif-1987,email,nodemailer,EXPIRED_TOKEN,expired_token,2,FAILED,2026-05-28T19:09:55.605Z
notif-1988,in_app,in_app,DND_BLOCKED,dnd_blocked,2,FAILED,2026-06-10T19:09:55.605Z
notif-1989,whatsapp,whatsapp_cloud,NETWORK_ERROR,network_error,2,FAILED,2026-05-01T19:09:55.605Z
notif-1990,sms,msg91,DND_BLOCKED,dnd_blocked,3,FAILED,2026-03-20T09:57:55.605Z
notif-1991,push,fcm,NETWORK_ERROR,network_error,4,FAILED,2026-06-14T12:33:55.605Z
notif-1992,whatsapp,whatsapp_cloud,PROVIDER_TIMEOUT,provider_timeout,1,FAILED,2026-04-23T13:08:55.605Z
notif-1993,in_app,in_app,RATE_LIMITED,rate_limited,1,FAILED,2026-05-24T13:38:55.605Z
notif-1994,email,nodemailer,INVALID_RECIPIENT,invalid_recipient,1,FAILED,2026-05-27T13:18:55.605Z
notif-1995,in_app,in_app,INVALID_TEMPLATE,invalid_template,1,FAILED,2026-05-20T10:16:55.605Z
notif-1996,in_app,in_app,INVALID_TEMPLATE,invalid_template,5,FAILED,2026-04-27T09:12:55.605Z
notif-1997,email,nodemailer,INVALID_RECIPIENT,invalid_recipient,4,DLQ,2026-03-28T19:09:55.605Z
notif-1998,in_app,in_app,DND_BLOCKED,dnd_blocked,5,FAILED,2026-03-31T08:49:55.605Z
notif-1999,sms,twilio,INVALID_RECIPIENT,invalid_recipient,2,FAILED,2026-05-08T19:09:55.605Z
notif-2000,whatsapp,whatsapp_cloud,INVALID_RECIPIENT,invalid_recipient,4,FAILED,2026-06-10T19:09:55.605Z
notif-2001,sms,msg91,RATE_LIMITED,rate_limited,2,DLQ,2026-04-25T09:12:55.605Z
notif-2002,email,nodemailer,EXPIRED_TOKEN,expired_token,4,DLQ,2026-05-12T11:41:55.605Z
notif-2003,push,fcm,INVALID_TEMPLATE,invalid_template,2,FAILED,2026-04-22T12:03:55.605Z
notif-2004,in_app,in_app,EXPIRED_TOKEN,expired_token,4,FAILED,2026-03-20T11:23:55.605Z
notif-2005,push,fcm,NETWORK_ERROR,network_error,3,FAILED,2026-04-02T11:05:55.605Z
notif-2006,email,nodemailer,INVALID_TEMPLATE,invalid_template,2,FAILED,2026-05-10T11:13:55.605Z
notif-2007,email,nodemailer,DND_BLOCKED,dnd_blocked,3,DLQ,2026-05-08T08:24:55.605Z
notif-2008,in_app,in_app,NETWORK_ERROR,network_error,1,DLQ,2026-05-21T11:47:55.605Z
notif-2009,in_app,in_app,INVALID_RECIPIENT,invalid_recipient,1,FAILED,2026-05-01T08:16:55.605Z
notif-2010,sms,twilio,EXPIRED_TOKEN,expired_token,2,FAILED,2026-04-13T19:09:55.605Z
notif-2011,whatsapp,whatsapp_cloud,PROVIDER_TIMEOUT,provider_timeout,4,FAILED,2026-03-25T12:33:55.605Z
notif-2012,sms,msg91,NETWORK_ERROR,network_error,3,FAILED,2026-03-20T11:11:55.605Z
notif-2013,email,nodemailer,PROVIDER_TIMEOUT,provider_timeout,2,FAILED,2026-03-28T08:19:55.605Z
notif-2014,in_app,in_app,RATE_LIMITED,rate_limited,5,FAILED,2026-05-19T08:04:55.605Z
notif-2015,in_app,in_app,DND_BLOCKED,dnd_blocked,1,FAILED,2026-04-30T13:29:55.605Z
notif-2016,push,fcm,INVALID_TEMPLATE,invalid_template,1,FAILED,2026-05-31T12:56:55.605Z
notif-2017,email,nodemailer,RATE_LIMITED,rate_limited,1,FAILED,2026-05-01T09:51:55.605Z
notif-2018,email,nodemailer,INVALID_RECIPIENT,invalid_recipient,4,FAILED,2026-05-17T12:01:55.605Z
notif-2019,sms,msg91,EXPIRED_TOKEN,expired_token,5,FAILED,2026-06-04T13:20:55.605Z
notif-2020,in_app,in_app,EXPIRED_TOKEN,expired_token,1,FAILED,2026-05-20T13:49:55.605Z
notif-2021,sms,twilio,PROVIDER_TIMEOUT,provider_timeout,1,DLQ,2026-05-29T09:17:55.605Z
notif-2022,in_app,in_app,EXPIRED_TOKEN,expired_token,5,FAILED,2026-05-04T19:09:55.605Z
notif-2023,in_app,in_app,RATE_LIMITED,rate_limited,5,FAILED,2026-06-01T09:21:55.605Z
notif-2024,push,fcm,DND_BLOCKED,dnd_blocked,3,FAILED,2026-03-18T12:31:55.605Z
notif-2025,email,nodemailer,NETWORK_ERROR,network_error,3,FAILED,2026-06-06T09:08:55.605Z
notif-2026,whatsapp,whatsapp_cloud,NETWORK_ERROR,network_error,5,FAILED,2026-04-01T10:48:55.605Z
notif-2027,push,fcm,EXPIRED_TOKEN,expired_token,1,FAILED,2026-06-07T19:09:55.605Z
notif-2028,sms,twilio,INVALID_TEMPLATE,invalid_template,5,DLQ,2026-06-15T12:14:55.605Z
notif-2029,push,fcm,DND_BLOCKED,dnd_blocked,2,FAILED,2026-05-03T08:59:55.605Z
notif-2030,sms,msg91,EXPIRED_TOKEN,expired_token,1,FAILED,2026-04-25T13:09:55.605Z
notif-2031,push,fcm,INVALID_TEMPLATE,invalid_template,5,FAILED,2026-05-16T08:14:55.605Z
notif-2032,whatsapp,whatsapp_cloud,DND_BLOCKED,dnd_blocked,2,FAILED,2026-03-25T19:09:55.605Z
notif-2033,sms,msg91,INVALID_RECIPIENT,invalid_recipient,1,FAILED,2026-04-20T11:41:55.605Z
notif-2034,whatsapp,whatsapp_cloud,PROVIDER_TIMEOUT,provider_timeout,1,FAILED,2026-05-31T08:42:55.605Z
notif-2035,email,nodemailer,INVALID_RECIPIENT,invalid_recipient,3,FAILED,2026-04-09T10:03:55.605Z
notif-2036,sms,msg91,INVALID_TEMPLATE,invalid_template,2,FAILED,2026-05-16T09:34:55.605Z
notif-2037,in_app,in_app,DND_BLOCKED,dnd_blocked,3,FAILED,2026-04-23T11:24:55.605Z
notif-2038,whatsapp,whatsapp_cloud,RATE_LIMITED,rate_limited,2,FAILED,2026-06-09T08:57:55.605Z
notif-2039,sms,msg91,NETWORK_ERROR,network_error,3,FAILED,2026-05-28T08:14:55.605Z
notif-2040,in_app,in_app,DND_BLOCKED,dnd_blocked,4,FAILED,2026-05-26T09:43:55.605Z
notif-2041,sms,msg91,RATE_LIMITED,rate_limited,4,DLQ,2026-04-10T11:52:55.605Z
notif-2042,sms,twilio,NETWORK_ERROR,network_error,4,FAILED,2026-05-18T19:09:55.605Z
notif-2043,in_app,in_app,NETWORK_ERROR,network_error,3,FAILED,2026-04-01T10:40:55.605Z
notif-2044,in_app,in_app,INVALID_TEMPLATE,invalid_template,5,DLQ,2026-06-02T11:00:55.605Z
notif-2045,whatsapp,whatsapp_cloud,PROVIDER_TIMEOUT,provider_timeout,3,FAILED,2026-03-29T10:02:55.605Z
notif-2046,in_app,in_app,EXPIRED_TOKEN,expired_token,4,FAILED,2026-06-10T10:11:55.605Z
notif-2047,sms,twilio,NETWORK_ERROR,network_error,1,DLQ,2026-05-29T12:39:55.605Z
notif-2048,whatsapp,whatsapp_cloud,INVALID_RECIPIENT,invalid_recipient,5,DLQ,2026-05-20T08:43:55.605Z
notif-2049,push,fcm,EXPIRED_TOKEN,expired_token,5,FAILED,2026-06-06T10:00:55.605Z
notif-2050,whatsapp,whatsapp_cloud,INVALID_TEMPLATE,invalid_template,5,FAILED,2026-04-06T13:33:55.605Z
notif-2051,sms,twilio,INVALID_TEMPLATE,invalid_template,2,DLQ,2026-03-31T09:25:55.605Z
notif-2052,whatsapp,whatsapp_cloud,DND_BLOCKED,dnd_blocked,3,DLQ,2026-05-13T19:09:55.605Z
notif-2053,in_app,in_app,INVALID_RECIPIENT,invalid_recipient,4,DLQ,2026-06-12T13:05:55.605Z
notif-2054,whatsapp,whatsapp_cloud,INVALID_TEMPLATE,invalid_template,1,FAILED,2026-06-04T19:09:55.605Z
notif-2055,whatsapp,whatsapp_cloud,PROVIDER_TIMEOUT,provider_timeout,1,DLQ,2026-03-19T13:41:55.605Z
notif-2056,in_app,in_app,PROVIDER_TIMEOUT,provider_timeout,3,FAILED,2026-05-03T13:10:55.605Z
notif-2057,sms,msg91,EXPIRED_TOKEN,expired_token,3,FAILED,2026-04-16T19:09:55.605Z
notif-2058,email,nodemailer,NETWORK_ERROR,network_error,1,FAILED,2026-04-30T19:09:55.605Z
notif-2059,email,nodemailer,EXPIRED_TOKEN,expired_token,1,DLQ,2026-06-10T13:13:55.605Z
notif-2060,whatsapp,whatsapp_cloud,PROVIDER_TIMEOUT,provider_timeout,1,FAILED,2026-03-29T13:31:55.605Z
notif-2061,sms,twilio,PROVIDER_TIMEOUT,provider_timeout,1,FAILED,2026-05-08T19:09:55.605Z
notif-2062,whatsapp,whatsapp_cloud,RATE_LIMITED,rate_limited,2,DLQ,2026-04-13T11:45:55.605Z
notif-2063,sms,msg91,NETWORK_ERROR,network_error,1,DLQ,2026-04-19T13:36:55.605Z
notif-2064,sms,msg91,INVALID_TEMPLATE,invalid_template,4,DLQ,2026-05-19T12:37:55.605Z
notif-2065,in_app,in_app,EXPIRED_TOKEN,expired_token,1,FAILED,2026-06-13T12:36:55.605Z
notif-2066,push,fcm,RATE_LIMITED,rate_limited,5,FAILED,2026-05-27T10:39:55.605Z
notif-2067,push,fcm,INVALID_TEMPLATE,invalid_template,5,FAILED,2026-06-09T19:09:55.605Z
notif-2068,email,nodemailer,RATE_LIMITED,rate_limited,5,FAILED,2026-05-17T12:18:55.605Z
notif-2069,whatsapp,whatsapp_cloud,INVALID_TEMPLATE,invalid_template,2,FAILED,2026-04-21T11:01:55.605Z
notif-2070,whatsapp,whatsapp_cloud,NETWORK_ERROR,network_error,4,FAILED,2026-05-14T08:39:55.605Z
notif-2071,whatsapp,whatsapp_cloud,NETWORK_ERROR,network_error,5,FAILED,2026-05-26T09:46:55.605Z
notif-2072,sms,twilio,PROVIDER_TIMEOUT,provider_timeout,3,FAILED,2026-05-19T12:48:55.605Z
notif-2073,in_app,in_app,NETWORK_ERROR,network_error,3,FAILED,2026-05-22T08:34:55.605Z
notif-2074,sms,msg91,EXPIRED_TOKEN,expired_token,2,FAILED,2026-06-13T09:16:55.605Z
notif-2075,email,nodemailer,PROVIDER_TIMEOUT,provider_timeout,3,DLQ,2026-06-09T19:09:55.605Z
notif-2076,push,fcm,EXPIRED_TOKEN,expired_token,2,FAILED,2026-06-13T10:24:55.605Z
notif-2077,email,nodemailer,RATE_LIMITED,rate_limited,3,FAILED,2026-05-30T09:48:55.605Z
notif-2078,email,nodemailer,INVALID_TEMPLATE,invalid_template,4,FAILED,2026-04-13T11:02:55.605Z
notif-2079,in_app,in_app,PROVIDER_TIMEOUT,provider_timeout,5,FAILED,2026-04-03T11:08:55.605Z
notif-2080,push,fcm,DND_BLOCKED,dnd_blocked,2,FAILED,2026-04-15T08:53:55.605Z
notif-2081,email,nodemailer,INVALID_TEMPLATE,invalid_template,1,DLQ,2026-05-10T10:58:55.605Z
notif-2082,push,fcm,NETWORK_ERROR,network_error,4,DLQ,2026-04-18T19:09:55.605Z
notif-2083,push,fcm,NETWORK_ERROR,network_error,4,FAILED,2026-06-06T12:36:55.605Z
notif-2084,whatsapp,whatsapp_cloud,INVALID_RECIPIENT,invalid_recipient,4,FAILED,2026-05-16T09:42:55.605Z
notif-2085,push,fcm,PROVIDER_TIMEOUT,provider_timeout,3,DLQ,2026-04-04T11:12:55.605Z
notif-2086,whatsapp,whatsapp_cloud,RATE_LIMITED,rate_limited,3,FAILED,2026-03-28T12:54:55.605Z
notif-2087,in_app,in_app,INVALID_TEMPLATE,invalid_template,4,FAILED,2026-04-27T10:50:55.605Z
notif-2088,push,fcm,RATE_LIMITED,rate_limited,5,DLQ,2026-05-14T09:22:55.605Z
notif-2089,sms,msg91,INVALID_TEMPLATE,invalid_template,3,DLQ,2026-05-27T09:38:55.605Z
notif-2090,whatsapp,whatsapp_cloud,INVALID_TEMPLATE,invalid_template,3,FAILED,2026-04-23T19:09:55.605Z
notif-2091,email,nodemailer,EXPIRED_TOKEN,expired_token,5,FAILED,2026-03-23T08:05:55.605Z
notif-2092,push,fcm,NETWORK_ERROR,network_error,5,DLQ,2026-05-11T19:09:55.605Z
notif-2093,sms,twilio,DND_BLOCKED,dnd_blocked,4,FAILED,2026-04-04T13:11:55.605Z
notif-2094,in_app,in_app,RATE_LIMITED,rate_limited,3,DLQ,2026-05-11T12:29:55.605Z
notif-2095,in_app,in_app,DND_BLOCKED,dnd_blocked,2,FAILED,2026-05-02T10:54:55.605Z
notif-2096,push,fcm,RATE_LIMITED,rate_limited,2,DLQ,2026-06-10T12:29:55.605Z
notif-2097,sms,msg91,RATE_LIMITED,rate_limited,1,FAILED,2026-04-04T13:03:55.605Z
notif-2098,push,fcm,PROVIDER_TIMEOUT,provider_timeout,3,DLQ,2026-04-25T08:20:55.605Z
notif-2099,in_app,in_app,NETWORK_ERROR,network_error,1,FAILED,2026-05-11T08:50:55.605Z
notif-2100,in_app,in_app,RATE_LIMITED,rate_limited,2,FAILED,2026-05-21T11:53:55.605Z
notif-2101,in_app,in_app,INVALID_TEMPLATE,invalid_template,1,FAILED,2026-04-13T19:09:55.605Z
notif-2102,email,nodemailer,NETWORK_ERROR,network_error,4,FAILED,2026-04-02T10:31:55.605Z
notif-2103,sms,twilio,RATE_LIMITED,rate_limited,1,FAILED,2026-04-01T11:15:55.605Z
notif-2104,whatsapp,whatsapp_cloud,PROVIDER_TIMEOUT,provider_timeout,4,FAILED,2026-06-11T19:09:55.605Z
notif-2105,email,nodemailer,NETWORK_ERROR,network_error,5,FAILED,2026-04-25T10:43:55.605Z
notif-2106,in_app,in_app,INVALID_RECIPIENT,invalid_recipient,4,FAILED,2026-05-02T10:49:55.605Z
notif-2107,in_app,in_app,DND_BLOCKED,dnd_blocked,1,FAILED,2026-04-10T11:59:55.605Z
notif-2108,in_app,in_app,INVALID_RECIPIENT,invalid_recipient,5,FAILED,2026-03-28T19:09:55.605Z
notif-2109,in_app,in_app,PROVIDER_TIMEOUT,provider_timeout,1,FAILED,2026-04-09T11:18:55.605Z
notif-2110,whatsapp,whatsapp_cloud,NETWORK_ERROR,network_error,4,DLQ,2026-04-24T11:32:55.605Z
notif-2111,in_app,in_app,DND_BLOCKED,dnd_blocked,2,FAILED,2026-04-26T11:12:55.605Z
notif-2112,whatsapp,whatsapp_cloud,INVALID_TEMPLATE,invalid_template,3,FAILED,2026-05-21T08:20:55.605Z
notif-2113,email,nodemailer,PROVIDER_TIMEOUT,provider_timeout,3,FAILED,2026-04-05T13:24:55.605Z
notif-2114,in_app,in_app,DND_BLOCKED,dnd_blocked,1,FAILED,2026-04-15T13:52:55.605Z
notif-2115,push,fcm,NETWORK_ERROR,network_error,2,FAILED,2026-03-29T19:09:55.605Z
notif-2116,sms,msg91,EXPIRED_TOKEN,expired_token,5,DLQ,2026-05-22T13:29:55.605Z
notif-2117,in_app,in_app,NETWORK_ERROR,network_error,4,FAILED,2026-04-22T10:10:55.605Z
notif-2118,email,nodemailer,INVALID_TEMPLATE,invalid_template,3,DLQ,2026-03-18T19:09:55.605Z
notif-2119,email,nodemailer,NETWORK_ERROR,network_error,2,DLQ,2026-06-13T13:26:55.605Z
notif-2120,email,nodemailer,INVALID_TEMPLATE,invalid_template,5,FAILED,2026-05-13T10:37:55.605Z
notif-2121,push,fcm,DND_BLOCKED,dnd_blocked,2,FAILED,2026-05-03T10:02:55.605Z
notif-2122,sms,msg91,INVALID_TEMPLATE,invalid_template,5,DLQ,2026-04-09T12:05:55.605Z
notif-2123,sms,twilio,DND_BLOCKED,dnd_blocked,3,FAILED,2026-03-26T10:03:55.605Z
notif-2124,in_app,in_app,PROVIDER_TIMEOUT,provider_timeout,2,FAILED,2026-06-13T10:11:55.605Z
notif-2125,in_app,in_app,EXPIRED_TOKEN,expired_token,1,FAILED,2026-05-25T12:16:55.605Z
notif-2126,push,fcm,INVALID_TEMPLATE,invalid_template,5,FAILED,2026-04-28T19:09:55.605Z
notif-2127,whatsapp,whatsapp_cloud,INVALID_TEMPLATE,invalid_template,5,DLQ,2026-04-26T19:09:55.605Z
notif-2128,sms,msg91,NETWORK_ERROR,network_error,1,DLQ,2026-05-23T11:08:55.605Z
notif-2129,push,fcm,INVALID_RECIPIENT,invalid_recipient,3,FAILED,2026-03-31T12:40:55.605Z
notif-2130,whatsapp,whatsapp_cloud,RATE_LIMITED,rate_limited,5,DLQ,2026-06-06T09:24:55.605Z
notif-2131,push,fcm,PROVIDER_TIMEOUT,provider_timeout,1,FAILED,2026-06-04T19:09:55.605Z
notif-2132,sms,msg91,INVALID_TEMPLATE,invalid_template,5,FAILED,2026-04-11T11:22:55.605Z
notif-2133,whatsapp,whatsapp_cloud,EXPIRED_TOKEN,expired_token,5,DLQ,2026-05-01T10:07:55.606Z
notif-2134,whatsapp,whatsapp_cloud,INVALID_TEMPLATE,invalid_template,1,DLQ,2026-05-23T10:08:55.606Z
notif-2135,sms,msg91,INVALID_RECIPIENT,invalid_recipient,5,FAILED,2026-05-03T19:09:55.606Z
notif-2136,email,nodemailer,RATE_LIMITED,rate_limited,2,FAILED,2026-04-23T19:09:55.606Z
notif-2137,sms,twilio,INVALID_TEMPLATE,invalid_template,5,DLQ,2026-06-06T11:40:55.606Z
notif-2138,push,fcm,PROVIDER_TIMEOUT,provider_timeout,2,FAILED,2026-04-25T19:09:55.606Z
notif-2139,in_app,in_app,PROVIDER_TIMEOUT,provider_timeout,2,FAILED,2026-06-05T11:38:55.606Z
notif-2140,sms,twilio,EXPIRED_TOKEN,expired_token,1,DLQ,2026-06-03T11:47:55.606Z
notif-2141,email,nodemailer,PROVIDER_TIMEOUT,provider_timeout,3,FAILED,2026-05-31T08:21:55.606Z
notif-2142,whatsapp,whatsapp_cloud,RATE_LIMITED,rate_limited,3,DLQ,2026-05-08T08:20:55.606Z
notif-2143,sms,msg91,RATE_LIMITED,rate_limited,3,FAILED,2026-05-08T13:28:55.606Z
notif-2144,sms,twilio,PROVIDER_TIMEOUT,provider_timeout,2,DLQ,2026-04-13T19:09:55.606Z
notif-2145,whatsapp,whatsapp_cloud,PROVIDER_TIMEOUT,provider_timeout,1,DLQ,2026-04-19T10:58:55.606Z
notif-2146,push,fcm,EXPIRED_TOKEN,expired_token,3,DLQ,2026-05-06T08:04:55.606Z
notif-2147,push,fcm,EXPIRED_TOKEN,expired_token,3,DLQ,2026-03-22T09:24:55.606Z
notif-2148,sms,msg91,NETWORK_ERROR,network_error,2,FAILED,2026-03-21T12:11:55.606Z
notif-2149,email,nodemailer,EXPIRED_TOKEN,expired_token,2,FAILED,2026-05-14T19:09:55.606Z
notif-2150,sms,msg91,RATE_LIMITED,rate_limited,1,FAILED,2026-05-28T09:21:55.606Z
notif-2151,push,fcm,RATE_LIMITED,rate_limited,2,FAILED,2026-05-09T19:09:55.606Z
notif-2152,push,fcm,INVALID_RECIPIENT,invalid_recipient,2,DLQ,2026-04-06T08:49:55.606Z
notif-2153,sms,msg91,INVALID_TEMPLATE,invalid_template,5,FAILED,2026-04-19T10:50:55.606Z
notif-2154,push,fcm,INVALID_TEMPLATE,invalid_template,4,FAILED,2026-05-24T10:02:55.606Z
notif-2155,push,fcm,INVALID_TEMPLATE,invalid_template,4,DLQ,2026-04-23T11:25:55.606Z
notif-2156,push,fcm,RATE_LIMITED,rate_limited,5,FAILED,2026-04-24T12:19:55.606Z
notif-2157,whatsapp,whatsapp_cloud,NETWORK_ERROR,network_error,4,FAILED,2026-06-01T19:09:55.606Z
notif-2158,sms,msg91,EXPIRED_TOKEN,expired_token,5,DLQ,2026-04-02T19:09:55.606Z
notif-2159,in_app,in_app,EXPIRED_TOKEN,expired_token,5,FAILED,2026-05-26T12:18:55.606Z
notif-2160,sms,msg91,INVALID_TEMPLATE,invalid_template,5,FAILED,2026-05-06T19:09:55.606Z
notif-2161,email,nodemailer,NETWORK_ERROR,network_error,4,FAILED,2026-05-13T11:14:55.606Z
notif-2162,whatsapp,whatsapp_cloud,DND_BLOCKED,dnd_blocked,3,FAILED,2026-04-08T11:26:55.606Z
notif-2163,whatsapp,whatsapp_cloud,DND_BLOCKED,dnd_blocked,2,DLQ,2026-04-26T13:34:55.606Z
notif-2164,push,fcm,DND_BLOCKED,dnd_blocked,1,FAILED,2026-06-06T08:23:55.606Z
notif-2165,email,nodemailer,DND_BLOCKED,dnd_blocked,2,FAILED,2026-04-25T12:28:55.606Z
notif-2166,whatsapp,whatsapp_cloud,INVALID_TEMPLATE,invalid_template,3,FAILED,2026-03-19T19:09:55.606Z
notif-2167,sms,twilio,NETWORK_ERROR,network_error,5,FAILED,2026-06-11T12:22:55.606Z
notif-2168,sms,msg91,NETWORK_ERROR,network_error,1,FAILED,2026-05-16T08:12:55.606Z
notif-2169,push,fcm,PROVIDER_TIMEOUT,provider_timeout,5,FAILED,2026-05-29T09:11:55.606Z
notif-2170,whatsapp,whatsapp_cloud,INVALID_TEMPLATE,invalid_template,1,FAILED,2026-06-14T11:19:55.606Z
notif-2171,sms,msg91,INVALID_RECIPIENT,invalid_recipient,3,FAILED,2026-05-20T09:07:55.606Z
notif-2172,in_app,in_app,NETWORK_ERROR,network_error,5,DLQ,2026-04-24T11:35:55.606Z
notif-2173,sms,twilio,INVALID_TEMPLATE,invalid_template,2,FAILED,2026-03-23T09:28:55.606Z
notif-2174,whatsapp,whatsapp_cloud,INVALID_RECIPIENT,invalid_recipient,1,DLQ,2026-05-03T09:16:55.606Z
notif-2175,sms,twilio,INVALID_TEMPLATE,invalid_template,5,DLQ,2026-05-29T12:31:55.606Z
notif-2176,sms,twilio,INVALID_RECIPIENT,invalid_recipient,1,FAILED,2026-03-24T11:37:55.606Z
notif-2177,whatsapp,whatsapp_cloud,DND_BLOCKED,dnd_blocked,2,FAILED,2026-05-14T13:46:55.606Z
notif-2178,push,fcm,INVALID_TEMPLATE,invalid_template,3,DLQ,2026-05-22T13:11:55.606Z
notif-2179,sms,msg91,INVALID_TEMPLATE,invalid_template,2,FAILED,2026-05-14T08:16:55.606Z
notif-2180,email,nodemailer,INVALID_TEMPLATE,invalid_template,3,FAILED,2026-06-14T09:49:55.606Z
notif-2181,sms,msg91,DND_BLOCKED,dnd_blocked,2,DLQ,2026-04-03T10:29:55.606Z
notif-2182,sms,msg91,INVALID_RECIPIENT,invalid_recipient,5,DLQ,2026-04-06T10:02:55.606Z
notif-2183,sms,msg91,DND_BLOCKED,dnd_blocked,5,FAILED,2026-05-19T08:38:55.606Z
notif-2184,email,nodemailer,DND_BLOCKED,dnd_blocked,5,DLQ,2026-06-15T12:22:55.606Z
notif-2185,in_app,in_app,EXPIRED_TOKEN,expired_token,3,FAILED,2026-05-25T12:08:55.606Z
notif-2186,email,nodemailer,DND_BLOCKED,dnd_blocked,3,FAILED,2026-06-02T11:41:55.606Z
notif-2187,push,fcm,NETWORK_ERROR,network_error,4,FAILED,2026-06-01T13:51:55.606Z
notif-2188,whatsapp,whatsapp_cloud,INVALID_RECIPIENT,invalid_recipient,1,DLQ,2026-03-24T09:40:55.606Z
notif-2189,sms,msg91,DND_BLOCKED,dnd_blocked,5,FAILED,2026-05-17T10:20:55.606Z
notif-2190,email,nodemailer,EXPIRED_TOKEN,expired_token,3,FAILED,2026-06-12T11:06:55.606Z
notif-2191,sms,msg91,DND_BLOCKED,dnd_blocked,1,DLQ,2026-05-06T19:09:55.606Z
notif-2192,push,fcm,NETWORK_ERROR,network_error,3,FAILED,2026-05-22T19:09:55.606Z
notif-2193,in_app,in_app,INVALID_TEMPLATE,invalid_template,5,FAILED,2026-05-02T10:01:55.606Z
notif-2194,email,nodemailer,DND_BLOCKED,dnd_blocked,5,FAILED,2026-05-17T09:42:55.606Z
notif-2195,whatsapp,whatsapp_cloud,INVALID_RECIPIENT,invalid_recipient,5,FAILED,2026-03-26T10:20:55.606Z
notif-2196,email,nodemailer,PROVIDER_TIMEOUT,provider_timeout,2,FAILED,2026-04-03T09:42:55.606Z
notif-2197,push,fcm,NETWORK_ERROR,network_error,5,FAILED,2026-04-01T08:17:55.606Z
notif-2198,email,nodemailer,EXPIRED_TOKEN,expired_token,1,FAILED,2026-05-10T10:49:55.606Z
notif-2199,sms,msg91,PROVIDER_TIMEOUT,provider_timeout,4,FAILED,2026-06-09T10:21:55.606Z
notif-2200,whatsapp,whatsapp_cloud,INVALID_TEMPLATE,invalid_template,4,FAILED,2026-04-10T19:09:55.606Z
notif-2201,whatsapp,whatsapp_cloud,DND_BLOCKED,dnd_blocked,5,FAILED,2026-05-01T08:31:55.606Z
notif-2202,whatsapp,whatsapp_cloud,INVALID_TEMPLATE,invalid_template,1,FAILED,2026-06-02T19:09:55.606Z
notif-2203,email,nodemailer,RATE_LIMITED,rate_limited,3,FAILED,2026-04-12T19:09:55.606Z
notif-2204,push,fcm,DND_BLOCKED,dnd_blocked,3,FAILED,2026-06-04T10:27:55.606Z
notif-2205,in_app,in_app,NETWORK_ERROR,network_error,4,FAILED,2026-04-22T08:03:55.606Z
notif-2206,email,nodemailer,PROVIDER_TIMEOUT,provider_timeout,3,FAILED,2026-03-21T10:21:55.606Z
notif-2207,whatsapp,whatsapp_cloud,RATE_LIMITED,rate_limited,2,FAILED,2026-04-03T19:09:55.606Z
notif-2208,sms,twilio,EXPIRED_TOKEN,expired_token,5,FAILED,2026-03-28T19:09:55.606Z
notif-2209,push,fcm,DND_BLOCKED,dnd_blocked,3,FAILED,2026-05-30T08:35:55.606Z
notif-2210,whatsapp,whatsapp_cloud,PROVIDER_TIMEOUT,provider_timeout,4,FAILED,2026-04-08T19:09:55.606Z
notif-2211,in_app,in_app,INVALID_RECIPIENT,invalid_recipient,5,FAILED,2026-05-27T09:26:55.606Z
notif-2212,sms,msg91,RATE_LIMITED,rate_limited,5,FAILED,2026-04-17T11:03:55.606Z
notif-2213,email,nodemailer,INVALID_RECIPIENT,invalid_recipient,4,FAILED,2026-05-17T08:27:55.606Z
notif-2214,in_app,in_app,PROVIDER_TIMEOUT,provider_timeout,5,FAILED,2026-05-04T19:09:55.606Z
notif-2215,whatsapp,whatsapp_cloud,PROVIDER_TIMEOUT,provider_timeout,1,FAILED,2026-06-06T09:51:55.606Z
notif-2216,in_app,in_app,INVALID_TEMPLATE,invalid_template,1,FAILED,2026-06-01T13:31:55.606Z
notif-2217,email,nodemailer,INVALID_RECIPIENT,invalid_recipient,2,FAILED,2026-03-29T12:28:55.606Z
notif-2218,in_app,in_app,DND_BLOCKED,dnd_blocked,1,FAILED,2026-03-30T19:09:55.606Z
notif-2219,whatsapp,whatsapp_cloud,EXPIRED_TOKEN,expired_token,1,FAILED,2026-04-17T13:29:55.606Z
notif-2220,email,nodemailer,RATE_LIMITED,rate_limited,1,FAILED,2026-05-02T09:45:55.606Z
notif-2221,push,fcm,DND_BLOCKED,dnd_blocked,5,FAILED,2026-05-05T10:34:55.606Z
notif-2222,sms,msg91,INVALID_RECIPIENT,invalid_recipient,1,FAILED,2026-03-24T08:54:55.606Z
notif-2223,whatsapp,whatsapp_cloud,RATE_LIMITED,rate_limited,2,DLQ,2026-05-27T10:32:55.606Z
notif-2224,in_app,in_app,DND_BLOCKED,dnd_blocked,2,FAILED,2026-04-17T19:09:55.606Z
notif-2225,whatsapp,whatsapp_cloud,DND_BLOCKED,dnd_blocked,2,FAILED,2026-03-22T09:42:55.606Z
notif-2226,whatsapp,whatsapp_cloud,EXPIRED_TOKEN,expired_token,4,FAILED,2026-04-28T12:45:55.606Z
notif-2227,in_app,in_app,EXPIRED_TOKEN,expired_token,4,FAILED,2026-06-09T19:09:55.606Z
notif-2228,push,fcm,INVALID_TEMPLATE,invalid_template,1,FAILED,2026-05-06T08:22:55.606Z
notif-2229,in_app,in_app,INVALID_TEMPLATE,invalid_template,2,FAILED,2026-04-01T08:22:55.606Z
notif-2230,whatsapp,whatsapp_cloud,INVALID_RECIPIENT,invalid_recipient,4,FAILED,2026-06-02T08:32:55.606Z
notif-2231,in_app,in_app,RATE_LIMITED,rate_limited,1,DLQ,2026-05-03T12:08:55.606Z
notif-2232,whatsapp,whatsapp_cloud,PROVIDER_TIMEOUT,provider_timeout,1,DLQ,2026-03-23T10:35:55.606Z
notif-2233,email,nodemailer,PROVIDER_TIMEOUT,provider_timeout,1,DLQ,2026-05-11T19:09:55.606Z
notif-2234,push,fcm,NETWORK_ERROR,network_error,3,FAILED,2026-05-25T08:00:55.606Z
notif-2235,sms,msg91,RATE_LIMITED,rate_limited,1,FAILED,2026-05-21T10:59:55.606Z
notif-2236,sms,msg91,INVALID_TEMPLATE,invalid_template,3,DLQ,2026-03-25T19:09:55.606Z
notif-2237,email,nodemailer,INVALID_TEMPLATE,invalid_template,5,FAILED,2026-04-09T08:21:55.606Z
notif-2238,email,nodemailer,EXPIRED_TOKEN,expired_token,1,FAILED,2026-05-15T19:09:55.606Z
notif-2239,sms,twilio,INVALID_RECIPIENT,invalid_recipient,4,FAILED,2026-05-25T13:07:55.606Z
notif-2240,email,nodemailer,INVALID_RECIPIENT,invalid_recipient,1,FAILED,2026-05-26T12:43:55.606Z
notif-2241,sms,twilio,PROVIDER_TIMEOUT,provider_timeout,1,FAILED,2026-06-01T09:22:55.606Z
notif-2242,whatsapp,whatsapp_cloud,NETWORK_ERROR,network_error,4,DLQ,2026-06-03T12:32:55.606Z
notif-2243,push,fcm,EXPIRED_TOKEN,expired_token,1,DLQ,2026-05-19T19:09:55.606Z
notif-2244,sms,twilio,DND_BLOCKED,dnd_blocked,5,FAILED,2026-06-11T09:34:55.606Z
notif-2245,whatsapp,whatsapp_cloud,RATE_LIMITED,rate_limited,3,FAILED,2026-06-07T09:37:55.606Z
notif-2246,in_app,in_app,DND_BLOCKED,dnd_blocked,5,DLQ,2026-06-09T10:41:55.606Z
notif-2247,whatsapp,whatsapp_cloud,PROVIDER_TIMEOUT,provider_timeout,3,FAILED,2026-06-03T13:09:55.606Z
notif-2248,email,nodemailer,RATE_LIMITED,rate_limited,3,DLQ,2026-03-22T12:44:55.606Z
notif-2249,push,fcm,DND_BLOCKED,dnd_blocked,5,DLQ,2026-04-16T19:09:55.606Z
notif-2250,push,fcm,RATE_LIMITED,rate_limited,3,FAILED,2026-05-28T08:14:55.606Z
notif-2251,whatsapp,whatsapp_cloud,RATE_LIMITED,rate_limited,1,DLQ,2026-04-07T12:03:55.606Z
notif-2252,whatsapp,whatsapp_cloud,DND_BLOCKED,dnd_blocked,2,DLQ,2026-05-27T10:05:55.606Z
notif-2253,push,fcm,INVALID_TEMPLATE,invalid_template,2,FAILED,2026-05-25T12:09:55.606Z
notif-2254,push,fcm,EXPIRED_TOKEN,expired_token,4,FAILED,2026-05-26T13:50:55.606Z
notif-2255,push,fcm,NETWORK_ERROR,network_error,2,FAILED,2026-03-20T19:09:55.606Z
notif-2256,push,fcm,INVALID_RECIPIENT,invalid_recipient,2,FAILED,2026-04-15T12:25:55.606Z
notif-2257,in_app,in_app,RATE_LIMITED,rate_limited,5,FAILED,2026-03-27T08:27:55.606Z
notif-2258,push,fcm,NETWORK_ERROR,network_error,1,FAILED,2026-05-25T19:09:55.606Z
notif-2259,email,nodemailer,INVALID_RECIPIENT,invalid_recipient,2,DLQ,2026-04-11T12:37:55.606Z
notif-2260,sms,twilio,DND_BLOCKED,dnd_blocked,3,FAILED,2026-05-28T13:38:55.606Z
notif-2261,push,fcm,DND_BLOCKED,dnd_blocked,5,FAILED,2026-04-23T12:59:55.606Z
notif-2262,email,nodemailer,NETWORK_ERROR,network_error,1,FAILED,2026-05-13T08:51:55.606Z
notif-2263,sms,msg91,DND_BLOCKED,dnd_blocked,2,FAILED,2026-05-07T10:52:55.606Z
notif-2264,sms,twilio,RATE_LIMITED,rate_limited,4,FAILED,2026-04-28T08:37:55.606Z
notif-2265,sms,twilio,EXPIRED_TOKEN,expired_token,1,FAILED,2026-04-03T08:54:55.606Z
notif-2266,email,nodemailer,EXPIRED_TOKEN,expired_token,4,FAILED,2026-04-13T08:17:55.606Z
notif-2267,sms,twilio,RATE_LIMITED,rate_limited,4,DLQ,2026-03-28T10:11:55.606Z
notif-2268,whatsapp,whatsapp_cloud,DND_BLOCKED,dnd_blocked,5,FAILED,2026-05-16T13:40:55.606Z
notif-2269,in_app,in_app,INVALID_RECIPIENT,invalid_recipient,4,FAILED,2026-03-21T19:09:55.606Z
notif-2270,push,fcm,PROVIDER_TIMEOUT,provider_timeout,3,FAILED,2026-05-22T19:09:55.606Z
notif-2271,whatsapp,whatsapp_cloud,RATE_LIMITED,rate_limited,2,FAILED,2026-04-20T13:15:55.606Z
notif-2272,push,fcm,PROVIDER_TIMEOUT,provider_timeout,3,DLQ,2026-05-14T08:02:55.606Z
notif-2273,sms,msg91,PROVIDER_TIMEOUT,provider_timeout,3,FAILED,2026-05-19T10:00:55.606Z
notif-2274,in_app,in_app,INVALID_RECIPIENT,invalid_recipient,2,FAILED,2026-04-10T19:09:55.606Z
notif-2275,sms,twilio,INVALID_RECIPIENT,invalid_recipient,2,FAILED,2026-04-08T10:53:55.606Z
notif-2276,push,fcm,PROVIDER_TIMEOUT,provider_timeout,2,FAILED,2026-04-14T10:54:55.606Z
notif-2277,in_app,in_app,DND_BLOCKED,dnd_blocked,4,FAILED,2026-04-24T13:09:55.606Z
notif-2278,whatsapp,whatsapp_cloud,DND_BLOCKED,dnd_blocked,4,FAILED,2026-03-19T09:17:55.606Z
notif-2279,email,nodemailer,DND_BLOCKED,dnd_blocked,1,DLQ,2026-04-15T19:09:55.606Z
notif-2280,sms,twilio,PROVIDER_TIMEOUT,provider_timeout,4,FAILED,2026-04-26T10:15:55.606Z
notif-2281,whatsapp,whatsapp_cloud,NETWORK_ERROR,network_error,2,DLQ,2026-05-03T13:43:55.606Z
notif-2282,sms,msg91,INVALID_RECIPIENT,invalid_recipient,3,FAILED,2026-06-01T12:45:55.606Z
notif-2283,email,nodemailer,INVALID_RECIPIENT,invalid_recipient,3,DLQ,2026-05-18T12:55:55.606Z
notif-2284,push,fcm,NETWORK_ERROR,network_error,1,FAILED,2026-04-28T11:44:55.606Z
notif-2285,email,nodemailer,EXPIRED_TOKEN,expired_token,3,FAILED,2026-04-15T19:09:55.606Z
notif-2286,sms,msg91,INVALID_RECIPIENT,invalid_recipient,2,FAILED,2026-04-11T11:31:55.606Z
notif-2287,push,fcm,NETWORK_ERROR,network_error,3,FAILED,2026-04-24T10:52:55.606Z
notif-2288,whatsapp,whatsapp_cloud,PROVIDER_TIMEOUT,provider_timeout,1,FAILED,2026-05-27T10:55:55.606Z
notif-2289,whatsapp,whatsapp_cloud,PROVIDER_TIMEOUT,provider_timeout,5,FAILED,2026-04-15T19:09:55.606Z
notif-2290,push,fcm,DND_BLOCKED,dnd_blocked,5,DLQ,2026-05-08T11:13:55.606Z
notif-2291,email,nodemailer,RATE_LIMITED,rate_limited,3,FAILED,2026-05-25T11:29:55.606Z
notif-2292,in_app,in_app,RATE_LIMITED,rate_limited,2,FAILED,2026-04-11T08:58:55.606Z
notif-2293,push,fcm,INVALID_RECIPIENT,invalid_recipient,3,DLQ,2026-04-05T11:27:55.606Z
notif-2294,email,nodemailer,DND_BLOCKED,dnd_blocked,1,FAILED,2026-04-02T10:12:55.606Z
notif-2295,email,nodemailer,NETWORK_ERROR,network_error,5,DLQ,2026-04-27T09:41:55.606Z
notif-2296,in_app,in_app,INVALID_RECIPIENT,invalid_recipient,2,FAILED,2026-05-16T12:40:55.606Z
notif-2297,push,fcm,DND_BLOCKED,dnd_blocked,5,FAILED,2026-05-29T19:09:55.606Z
notif-2298,sms,twilio,EXPIRED_TOKEN,expired_token,1,DLQ,2026-04-24T19:09:55.606Z
notif-2299,whatsapp,whatsapp_cloud,INVALID_RECIPIENT,invalid_recipient,5,FAILED,2026-04-22T08:56:55.606Z
notif-2300,in_app,in_app,INVALID_RECIPIENT,invalid_recipient,3,FAILED,2026-06-06T11:15:55.606Z
notif-2301,email,nodemailer,DND_BLOCKED,dnd_blocked,1,FAILED,2026-04-22T10:00:55.606Z
notif-2302,whatsapp,whatsapp_cloud,EXPIRED_TOKEN,expired_token,5,DLQ,2026-04-05T09:51:55.606Z
notif-2303,in_app,in_app,INVALID_RECIPIENT,invalid_recipient,5,FAILED,2026-04-08T09:34:55.606Z
notif-2304,whatsapp,whatsapp_cloud,RATE_LIMITED,rate_limited,1,DLQ,2026-03-23T08:34:55.606Z
notif-2305,whatsapp,whatsapp_cloud,DND_BLOCKED,dnd_blocked,4,FAILED,2026-05-01T09:39:55.606Z
notif-2306,sms,msg91,NETWORK_ERROR,network_error,3,FAILED,2026-04-08T13:19:55.606Z
notif-2307,push,fcm,NETWORK_ERROR,network_error,4,FAILED,2026-04-08T19:09:55.606Z
notif-2308,email,nodemailer,NETWORK_ERROR,network_error,1,DLQ,2026-04-18T10:57:55.606Z
notif-2309,in_app,in_app,DND_BLOCKED,dnd_blocked,2,DLQ,2026-05-28T09:35:55.606Z
notif-2310,in_app,in_app,RATE_LIMITED,rate_limited,5,DLQ,2026-05-06T12:17:55.606Z
notif-2311,in_app,in_app,INVALID_RECIPIENT,invalid_recipient,4,FAILED,2026-05-07T13:49:55.606Z
notif-2312,push,fcm,INVALID_RECIPIENT,invalid_recipient,2,FAILED,2026-06-11T13:14:55.606Z
notif-2313,whatsapp,whatsapp_cloud,DND_BLOCKED,dnd_blocked,5,DLQ,2026-05-14T10:34:55.606Z
notif-2314,sms,msg91,PROVIDER_TIMEOUT,provider_timeout,4,FAILED,2026-04-07T10:55:55.606Z
notif-2315,whatsapp,whatsapp_cloud,NETWORK_ERROR,network_error,3,FAILED,2026-03-30T19:09:55.606Z
notif-2316,sms,msg91,NETWORK_ERROR,network_error,4,FAILED,2026-04-04T13:12:55.606Z
notif-2317,email,nodemailer,DND_BLOCKED,dnd_blocked,5,FAILED,2026-04-18T13:01:55.606Z
notif-2318,push,fcm,EXPIRED_TOKEN,expired_token,5,FAILED,2026-06-03T12:00:55.606Z
notif-2319,in_app,in_app,RATE_LIMITED,rate_limited,2,FAILED,2026-05-12T12:50:55.606Z
notif-2320,in_app,in_app,INVALID_TEMPLATE,invalid_template,2,FAILED,2026-06-03T10:30:55.606Z
notif-2321,sms,msg91,NETWORK_ERROR,network_error,1,DLQ,2026-03-20T19:09:55.606Z
notif-2322,in_app,in_app,PROVIDER_TIMEOUT,provider_timeout,3,FAILED,2026-03-19T12:57:55.606Z
notif-2323,push,fcm,NETWORK_ERROR,network_error,1,DLQ,2026-04-11T13:22:55.606Z
notif-2324,sms,msg91,INVALID_RECIPIENT,invalid_recipient,3,DLQ,2026-05-19T10:00:55.606Z
notif-2325,email,nodemailer,DND_BLOCKED,dnd_blocked,1,FAILED,2026-05-24T12:54:55.606Z
notif-2326,in_app,in_app,RATE_LIMITED,rate_limited,5,FAILED,2026-06-14T12:19:55.606Z
notif-2327,sms,msg91,RATE_LIMITED,rate_limited,5,FAILED,2026-05-26T11:07:55.606Z
notif-2328,email,nodemailer,INVALID_RECIPIENT,invalid_recipient,5,FAILED,2026-05-27T19:09:55.606Z
notif-2329,whatsapp,whatsapp_cloud,INVALID_RECIPIENT,invalid_recipient,1,FAILED,2026-05-26T12:45:55.606Z
notif-2330,in_app,in_app,NETWORK_ERROR,network_error,2,FAILED,2026-04-24T12:59:55.606Z
notif-2331,in_app,in_app,INVALID_TEMPLATE,invalid_template,1,FAILED,2026-06-02T12:38:55.606Z
notif-2332,push,fcm,DND_BLOCKED,dnd_blocked,5,FAILED,2026-05-11T19:09:55.606Z
notif-2333,email,nodemailer,PROVIDER_TIMEOUT,provider_timeout,3,DLQ,2026-06-07T12:40:55.606Z
notif-2334,sms,msg91,PROVIDER_TIMEOUT,provider_timeout,5,DLQ,2026-05-14T12:51:55.606Z
notif-2335,sms,msg91,PROVIDER_TIMEOUT,provider_timeout,2,FAILED,2026-03-19T13:57:55.606Z
notif-2336,in_app,in_app,INVALID_RECIPIENT,invalid_recipient,4,DLQ,2026-05-24T19:09:55.606Z
notif-2337,email,nodemailer,EXPIRED_TOKEN,expired_token,3,FAILED,2026-04-06T19:09:55.606Z
notif-2338,in_app,in_app,INVALID_RECIPIENT,invalid_recipient,3,FAILED,2026-06-02T10:24:55.606Z
notif-2339,push,fcm,INVALID_TEMPLATE,invalid_template,1,FAILED,2026-04-12T11:42:55.606Z
notif-2340,whatsapp,whatsapp_cloud,DND_BLOCKED,dnd_blocked,4,DLQ,2026-05-06T19:09:55.606Z
notif-2341,push,fcm,RATE_LIMITED,rate_limited,2,FAILED,2026-04-23T19:09:55.606Z
notif-2342,email,nodemailer,INVALID_RECIPIENT,invalid_recipient,5,FAILED,2026-04-09T19:09:55.606Z
notif-2343,email,nodemailer,PROVIDER_TIMEOUT,provider_timeout,5,DLQ,2026-05-07T09:08:55.606Z
notif-2344,email,nodemailer,DND_BLOCKED,dnd_blocked,4,DLQ,2026-03-27T12:39:55.606Z
notif-2345,email,nodemailer,EXPIRED_TOKEN,expired_token,4,FAILED,2026-04-08T19:09:55.606Z
notif-2346,in_app,in_app,RATE_LIMITED,rate_limited,1,FAILED,2026-03-25T11:08:55.606Z
notif-2347,whatsapp,whatsapp_cloud,RATE_LIMITED,rate_limited,2,DLQ,2026-04-11T11:38:55.606Z
notif-2348,in_app,in_app,PROVIDER_TIMEOUT,provider_timeout,1,DLQ,2026-04-18T13:08:55.606Z
notif-2349,in_app,in_app,NETWORK_ERROR,network_error,3,FAILED,2026-05-22T09:35:55.606Z
notif-2350,push,fcm,PROVIDER_TIMEOUT,provider_timeout,1,FAILED,2026-06-01T09:26:55.606Z
notif-2351,whatsapp,whatsapp_cloud,EXPIRED_TOKEN,expired_token,5,FAILED,2026-06-14T19:09:55.606Z
notif-2352,push,fcm,DND_BLOCKED,dnd_blocked,1,FAILED,2026-04-14T09:11:55.606Z
notif-2353,in_app,in_app,INVALID_TEMPLATE,invalid_template,4,DLQ,2026-05-23T12:52:55.606Z
notif-2354,email,nodemailer,PROVIDER_TIMEOUT,provider_timeout,4,FAILED,2026-05-29T13:08:55.606Z
notif-2355,sms,msg91,EXPIRED_TOKEN,expired_token,3,FAILED,2026-05-02T12:47:55.606Z
notif-2356,email,nodemailer,NETWORK_ERROR,network_error,4,DLQ,2026-06-06T13:41:55.606Z
notif-2357,push,fcm,PROVIDER_TIMEOUT,provider_timeout,1,FAILED,2026-05-21T19:09:55.606Z
notif-2358,in_app,in_app,RATE_LIMITED,rate_limited,5,FAILED,2026-05-03T08:45:55.606Z
notif-2359,in_app,in_app,RATE_LIMITED,rate_limited,5,FAILED,2026-04-12T09:55:55.606Z
notif-2360,in_app,in_app,RATE_LIMITED,rate_limited,1,DLQ,2026-05-14T08:42:55.606Z
notif-2361,push,fcm,INVALID_RECIPIENT,invalid_recipient,2,FAILED,2026-04-08T19:09:55.606Z
notif-2362,in_app,in_app,EXPIRED_TOKEN,expired_token,5,FAILED,2026-04-08T11:04:55.606Z
notif-2363,sms,msg91,NETWORK_ERROR,network_error,1,FAILED,2026-05-16T13:44:55.606Z
notif-2364,sms,twilio,DND_BLOCKED,dnd_blocked,1,FAILED,2026-04-18T12:21:55.606Z
notif-2365,email,nodemailer,INVALID_RECIPIENT,invalid_recipient,3,DLQ,2026-04-09T13:57:55.606Z
notif-2366,push,fcm,PROVIDER_TIMEOUT,provider_timeout,1,FAILED,2026-05-26T19:09:55.606Z
notif-2367,push,fcm,NETWORK_ERROR,network_error,2,DLQ,2026-03-25T10:33:55.606Z
notif-2368,sms,msg91,DND_BLOCKED,dnd_blocked,3,FAILED,2026-05-09T19:09:55.606Z
notif-2369,sms,twilio,DND_BLOCKED,dnd_blocked,1,FAILED,2026-05-19T19:09:55.606Z
notif-2370,sms,twilio,RATE_LIMITED,rate_limited,2,FAILED,2026-04-23T19:09:55.606Z
notif-2371,push,fcm,DND_BLOCKED,dnd_blocked,1,FAILED,2026-03-31T13:26:55.606Z
notif-2372,email,nodemailer,NETWORK_ERROR,network_error,1,FAILED,2026-04-12T19:09:55.606Z
notif-2373,in_app,in_app,RATE_LIMITED,rate_limited,4,FAILED,2026-04-26T19:09:55.606Z
notif-2374,sms,twilio,PROVIDER_TIMEOUT,provider_timeout,1,FAILED,2026-04-24T08:49:55.606Z
notif-2375,push,fcm,PROVIDER_TIMEOUT,provider_timeout,5,FAILED,2026-04-21T09:53:55.606Z
notif-2376,sms,msg91,PROVIDER_TIMEOUT,provider_timeout,2,FAILED,2026-05-16T12:25:55.606Z
notif-2377,in_app,in_app,PROVIDER_TIMEOUT,provider_timeout,5,FAILED,2026-03-26T08:08:55.606Z
notif-2378,push,fcm,DND_BLOCKED,dnd_blocked,1,FAILED,2026-05-21T08:24:55.606Z
notif-2379,push,fcm,DND_BLOCKED,dnd_blocked,4,FAILED,2026-04-22T12:15:55.606Z
notif-2380,whatsapp,whatsapp_cloud,NETWORK_ERROR,network_error,4,DLQ,2026-04-29T08:27:55.606Z
notif-2381,push,fcm,INVALID_RECIPIENT,invalid_recipient,4,FAILED,2026-04-17T09:37:55.606Z
notif-2382,whatsapp,whatsapp_cloud,PROVIDER_TIMEOUT,provider_timeout,5,FAILED,2026-05-28T11:40:55.606Z
notif-2383,sms,twilio,INVALID_TEMPLATE,invalid_template,2,FAILED,2026-04-21T11:52:55.606Z
notif-2384,email,nodemailer,INVALID_RECIPIENT,invalid_recipient,3,FAILED,2026-04-11T08:53:55.606Z
notif-2385,whatsapp,whatsapp_cloud,INVALID_RECIPIENT,invalid_recipient,3,FAILED,2026-04-06T08:41:55.606Z
notif-2386,whatsapp,whatsapp_cloud,DND_BLOCKED,dnd_blocked,3,FAILED,2026-05-26T08:02:55.606Z
notif-2387,whatsapp,whatsapp_cloud,EXPIRED_TOKEN,expired_token,4,FAILED,2026-03-24T11:59:55.606Z
notif-2388,push,fcm,INVALID_TEMPLATE,invalid_template,1,DLQ,2026-04-23T10:15:55.606Z
notif-2389,whatsapp,whatsapp_cloud,INVALID_TEMPLATE,invalid_template,5,FAILED,2026-06-04T09:46:55.606Z
notif-2390,email,nodemailer,INVALID_RECIPIENT,invalid_recipient,2,FAILED,2026-04-10T13:29:55.606Z
notif-2391,whatsapp,whatsapp_cloud,NETWORK_ERROR,network_error,3,FAILED,2026-03-19T19:09:55.606Z
notif-2392,sms,msg91,EXPIRED_TOKEN,expired_token,3,FAILED,2026-04-16T09:29:55.606Z
notif-2393,email,nodemailer,RATE_LIMITED,rate_limited,1,DLQ,2026-05-19T10:32:55.606Z
notif-2394,sms,twilio,EXPIRED_TOKEN,expired_token,4,DLQ,2026-05-28T10:18:55.606Z
notif-2395,whatsapp,whatsapp_cloud,NETWORK_ERROR,network_error,2,FAILED,2026-04-19T10:42:55.606Z
notif-2396,in_app,in_app,RATE_LIMITED,rate_limited,3,FAILED,2026-03-25T11:12:55.606Z
notif-2397,sms,twilio,INVALID_RECIPIENT,invalid_recipient,1,DLQ,2026-05-26T09:17:55.606Z
notif-2398,sms,twilio,EXPIRED_TOKEN,expired_token,2,FAILED,2026-04-14T13:23:55.606Z
notif-2399,sms,twilio,NETWORK_ERROR,network_error,5,FAILED,2026-06-14T12:04:55.606Z
notif-2400,sms,twilio,DND_BLOCKED,dnd_blocked,1,DLQ,2026-05-26T09:06:55.606Z
notif-2401,whatsapp,whatsapp_cloud,INVALID_RECIPIENT,invalid_recipient,4,FAILED,2026-06-10T12:55:55.606Z
notif-2402,in_app,in_app,NETWORK_ERROR,network_error,2,FAILED,2026-05-26T12:49:55.606Z
notif-2403,whatsapp,whatsapp_cloud,EXPIRED_TOKEN,expired_token,2,FAILED,2026-05-30T12:19:55.606Z
notif-2404,push,fcm,EXPIRED_TOKEN,expired_token,1,FAILED,2026-03-29T19:09:55.606Z
notif-2405,sms,msg91,NETWORK_ERROR,network_error,2,FAILED,2026-05-08T10:42:55.606Z
notif-2406,sms,msg91,PROVIDER_TIMEOUT,provider_timeout,3,DLQ,2026-05-11T19:09:55.606Z
notif-2407,sms,msg91,NETWORK_ERROR,network_error,2,DLQ,2026-05-13T13:26:55.606Z
notif-2408,sms,twilio,DND_BLOCKED,dnd_blocked,2,FAILED,2026-06-11T09:18:55.606Z
notif-2409,push,fcm,INVALID_RECIPIENT,invalid_recipient,3,DLQ,2026-04-09T19:09:55.606Z
notif-2410,push,fcm,INVALID_RECIPIENT,invalid_recipient,3,FAILED,2026-03-22T12:18:55.606Z
notif-2411,email,nodemailer,DND_BLOCKED,dnd_blocked,5,FAILED,2026-04-15T12:09:55.606Z
notif-2412,email,nodemailer,NETWORK_ERROR,network_error,2,FAILED,2026-04-02T09:26:55.606Z
notif-2413,in_app,in_app,DND_BLOCKED,dnd_blocked,1,FAILED,2026-04-06T08:32:55.606Z
notif-2414,in_app,in_app,EXPIRED_TOKEN,expired_token,1,FAILED,2026-04-03T13:23:55.606Z
notif-2415,sms,twilio,INVALID_RECIPIENT,invalid_recipient,5,FAILED,2026-06-06T12:12:55.606Z
notif-2416,push,fcm,DND_BLOCKED,dnd_blocked,5,FAILED,2026-05-29T10:44:55.606Z
notif-2417,in_app,in_app,PROVIDER_TIMEOUT,provider_timeout,5,FAILED,2026-05-27T11:42:55.606Z
notif-2418,in_app,in_app,EXPIRED_TOKEN,expired_token,2,FAILED,2026-04-28T09:10:55.606Z
notif-2419,email,nodemailer,NETWORK_ERROR,network_error,1,FAILED,2026-05-14T19:09:55.606Z
notif-2420,email,nodemailer,INVALID_TEMPLATE,invalid_template,5,FAILED,2026-03-28T19:09:55.606Z
notif-2421,whatsapp,whatsapp_cloud,INVALID_TEMPLATE,invalid_template,2,DLQ,2026-06-01T10:08:55.606Z
notif-2422,email,nodemailer,INVALID_RECIPIENT,invalid_recipient,3,FAILED,2026-04-02T13:02:55.606Z
notif-2423,email,nodemailer,NETWORK_ERROR,network_error,4,FAILED,2026-05-12T11:34:55.606Z
notif-2424,in_app,in_app,EXPIRED_TOKEN,expired_token,4,FAILED,2026-06-02T13:30:55.606Z
notif-2425,email,nodemailer,INVALID_TEMPLATE,invalid_template,2,FAILED,2026-04-26T19:09:55.606Z
notif-2426,in_app,in_app,EXPIRED_TOKEN,expired_token,4,DLQ,2026-06-09T13:04:55.606Z
notif-2427,whatsapp,whatsapp_cloud,INVALID_RECIPIENT,invalid_recipient,1,FAILED,2026-06-15T19:09:55.606Z
notif-2428,push,fcm,EXPIRED_TOKEN,expired_token,2,FAILED,2026-04-11T13:24:55.606Z
notif-2429,push,fcm,INVALID_RECIPIENT,invalid_recipient,4,FAILED,2026-06-11T09:12:55.606Z
notif-2430,sms,msg91,INVALID_RECIPIENT,invalid_recipient,3,FAILED,2026-05-26T10:33:55.606Z
notif-2431,in_app,in_app,NETWORK_ERROR,network_error,2,FAILED,2026-04-11T08:14:55.606Z
notif-2432,push,fcm,DND_BLOCKED,dnd_blocked,3,FAILED,2026-03-22T11:03:55.606Z
notif-2433,whatsapp,whatsapp_cloud,INVALID_RECIPIENT,invalid_recipient,2,FAILED,2026-04-19T10:59:55.606Z
notif-2434,sms,msg91,INVALID_RECIPIENT,invalid_recipient,2,FAILED,2026-05-18T08:44:55.606Z
notif-2435,in_app,in_app,INVALID_TEMPLATE,invalid_template,5,FAILED,2026-03-31T19:09:55.606Z
notif-2436,sms,msg91,NETWORK_ERROR,network_error,2,DLQ,2026-05-19T10:00:55.606Z
notif-2437,sms,msg91,INVALID_RECIPIENT,invalid_recipient,5,FAILED,2026-05-14T08:35:55.606Z
notif-2438,whatsapp,whatsapp_cloud,PROVIDER_TIMEOUT,provider_timeout,5,FAILED,2026-06-15T09:19:55.606Z
notif-2439,sms,msg91,RATE_LIMITED,rate_limited,5,FAILED,2026-04-10T12:19:55.606Z
notif-2440,sms,msg91,PROVIDER_TIMEOUT,provider_timeout,5,FAILED,2026-05-18T19:09:55.606Z
notif-2441,whatsapp,whatsapp_cloud,NETWORK_ERROR,network_error,4,FAILED,2026-05-09T12:20:55.606Z
notif-2442,in_app,in_app,INVALID_RECIPIENT,invalid_recipient,4,DLQ,2026-03-19T19:09:55.606Z
notif-2443,sms,msg91,INVALID_RECIPIENT,invalid_recipient,1,FAILED,2026-04-08T19:09:55.606Z
notif-2444,in_app,in_app,NETWORK_ERROR,network_error,2,FAILED,2026-05-04T12:11:55.606Z
notif-2445,in_app,in_app,PROVIDER_TIMEOUT,provider_timeout,5,FAILED,2026-05-04T12:19:55.606Z
notif-2446,push,fcm,PROVIDER_TIMEOUT,provider_timeout,4,FAILED,2026-05-08T19:09:55.606Z
notif-2447,email,nodemailer,INVALID_TEMPLATE,invalid_template,3,DLQ,2026-04-06T11:36:55.606Z
notif-2448,push,fcm,DND_BLOCKED,dnd_blocked,4,FAILED,2026-05-26T13:27:55.606Z
notif-2449,in_app,in_app,RATE_LIMITED,rate_limited,5,FAILED,2026-03-22T11:21:55.606Z
notif-2450,sms,twilio,PROVIDER_TIMEOUT,provider_timeout,3,FAILED,2026-06-15T11:32:55.606Z
notif-2451,sms,msg91,RATE_LIMITED,rate_limited,3,DLQ,2026-04-02T11:32:55.606Z
notif-2452,push,fcm,DND_BLOCKED,dnd_blocked,4,FAILED,2026-03-22T12:39:55.606Z
notif-2453,whatsapp,whatsapp_cloud,PROVIDER_TIMEOUT,provider_timeout,1,FAILED,2026-05-10T12:39:55.606Z
notif-2454,in_app,in_app,DND_BLOCKED,dnd_blocked,1,FAILED,2026-03-18T11:55:55.606Z
notif-2455,push,fcm,RATE_LIMITED,rate_limited,1,FAILED,2026-04-13T19:09:55.606Z
notif-2456,in_app,in_app,NETWORK_ERROR,network_error,5,DLQ,2026-04-27T10:51:55.606Z
notif-2457,in_app,in_app,INVALID_RECIPIENT,invalid_recipient,2,FAILED,2026-05-21T08:05:55.606Z
notif-2458,push,fcm,PROVIDER_TIMEOUT,provider_timeout,4,FAILED,2026-03-31T19:09:55.606Z
notif-2459,sms,msg91,INVALID_TEMPLATE,invalid_template,3,DLQ,2026-03-20T10:59:55.606Z
notif-2460,push,fcm,NETWORK_ERROR,network_error,2,DLQ,2026-06-13T11:18:55.606Z
notif-2461,sms,msg91,NETWORK_ERROR,network_error,5,FAILED,2026-06-12T10:21:55.606Z
notif-2462,in_app,in_app,INVALID_TEMPLATE,invalid_template,1,FAILED,2026-04-05T11:21:55.606Z
notif-2463,whatsapp,whatsapp_cloud,EXPIRED_TOKEN,expired_token,2,FAILED,2026-04-15T10:21:55.606Z
notif-2464,sms,twilio,INVALID_RECIPIENT,invalid_recipient,2,DLQ,2026-03-30T08:31:55.606Z
notif-2465,whatsapp,whatsapp_cloud,DND_BLOCKED,dnd_blocked,5,FAILED,2026-04-11T09:27:55.606Z
notif-2466,whatsapp,whatsapp_cloud,PROVIDER_TIMEOUT,provider_timeout,3,DLQ,2026-04-11T12:20:55.606Z
notif-2467,email,nodemailer,RATE_LIMITED,rate_limited,4,DLQ,2026-05-09T13:14:55.606Z
notif-2468,email,nodemailer,INVALID_RECIPIENT,invalid_recipient,5,DLQ,2026-04-30T19:09:55.606Z
notif-2469,push,fcm,INVALID_TEMPLATE,invalid_template,2,FAILED,2026-05-22T12:54:55.606Z
notif-2470,whatsapp,whatsapp_cloud,RATE_LIMITED,rate_limited,4,FAILED,2026-04-21T10:35:55.606Z
notif-2471,in_app,in_app,DND_BLOCKED,dnd_blocked,5,FAILED,2026-05-04T12:13:55.606Z
notif-2472,in_app,in_app,RATE_LIMITED,rate_limited,1,FAILED,2026-04-21T12:10:55.606Z
notif-2473,whatsapp,whatsapp_cloud,INVALID_RECIPIENT,invalid_recipient,4,DLQ,2026-03-24T10:51:55.606Z
notif-2474,push,fcm,NETWORK_ERROR,network_error,4,DLQ,2026-04-18T19:09:55.606Z
notif-2475,in_app,in_app,NETWORK_ERROR,network_error,1,FAILED,2026-05-16T09:31:55.606Z
notif-2476,email,nodemailer,EXPIRED_TOKEN,expired_token,4,DLQ,2026-05-25T11:58:55.606Z
notif-2477,push,fcm,PROVIDER_TIMEOUT,provider_timeout,1,FAILED,2026-06-06T19:09:55.606Z
notif-2478,push,fcm,NETWORK_ERROR,network_error,2,FAILED,2026-03-31T10:03:55.606Z
notif-2479,sms,twilio,INVALID_TEMPLATE,invalid_template,3,FAILED,2026-05-07T09:30:55.606Z
notif-2480,in_app,in_app,NETWORK_ERROR,network_error,4,FAILED,2026-04-30T12:42:55.606Z
notif-2481,push,fcm,NETWORK_ERROR,network_error,1,FAILED,2026-04-03T08:08:55.607Z
notif-2482,in_app,in_app,PROVIDER_TIMEOUT,provider_timeout,5,FAILED,2026-04-23T19:09:55.607Z
notif-2483,in_app,in_app,EXPIRED_TOKEN,expired_token,2,DLQ,2026-03-23T08:31:55.607Z
notif-2484,whatsapp,whatsapp_cloud,INVALID_RECIPIENT,invalid_recipient,5,DLQ,2026-04-29T13:48:55.607Z
notif-2485,whatsapp,whatsapp_cloud,INVALID_RECIPIENT,invalid_recipient,5,FAILED,2026-04-22T19:09:55.607Z
notif-2486,whatsapp,whatsapp_cloud,INVALID_TEMPLATE,invalid_template,1,FAILED,2026-05-05T11:19:55.607Z
notif-2487,whatsapp,whatsapp_cloud,INVALID_RECIPIENT,invalid_recipient,1,FAILED,2026-03-21T08:08:55.607Z
notif-2488,in_app,in_app,DND_BLOCKED,dnd_blocked,2,FAILED,2026-04-15T12:24:55.607Z
notif-2489,sms,twilio,PROVIDER_TIMEOUT,provider_timeout,3,FAILED,2026-05-11T11:59:55.607Z
notif-2490,sms,twilio,EXPIRED_TOKEN,expired_token,4,FAILED,2026-04-13T19:09:55.607Z
notif-2491,email,nodemailer,RATE_LIMITED,rate_limited,1,DLQ,2026-05-16T13:40:55.607Z
notif-2492,sms,twilio,EXPIRED_TOKEN,expired_token,3,FAILED,2026-05-29T10:51:55.607Z
notif-2493,push,fcm,DND_BLOCKED,dnd_blocked,3,FAILED,2026-04-23T19:09:55.607Z
notif-2494,push,fcm,EXPIRED_TOKEN,expired_token,2,DLQ,2026-05-10T11:42:55.607Z
notif-2495,email,nodemailer,EXPIRED_TOKEN,expired_token,3,DLQ,2026-04-27T11:39:55.607Z
notif-2496,sms,msg91,EXPIRED_TOKEN,expired_token,4,DLQ,2026-04-07T09:00:55.607Z
notif-2497,push,fcm,EXPIRED_TOKEN,expired_token,4,FAILED,2026-05-20T19:09:55.607Z
notif-2498,in_app,in_app,EXPIRED_TOKEN,expired_token,5,FAILED,2026-05-31T19:09:55.607Z
notif-2499,email,nodemailer,NETWORK_ERROR,network_error,1,DLQ,2026-05-20T09:21:55.607Z
notif-2500,push,fcm,INVALID_TEMPLATE,invalid_template,4,FAILED,2026-06-01T10:07:55.607Z
notif-2501,push,fcm,DND_BLOCKED,dnd_blocked,4,FAILED,2026-03-26T13:11:55.607Z
notif-2502,push,fcm,DND_BLOCKED,dnd_blocked,5,DLQ,2026-05-25T10:36:55.607Z
notif-2503,whatsapp,whatsapp_cloud,PROVIDER_TIMEOUT,provider_timeout,2,FAILED,2026-06-12T11:57:55.607Z
notif-2504,in_app,in_app,PROVIDER_TIMEOUT,provider_timeout,4,FAILED,2026-04-13T19:09:55.607Z
notif-2505,push,fcm,INVALID_RECIPIENT,invalid_recipient,4,FAILED,2026-05-20T08:55:55.607Z
notif-2506,push,fcm,INVALID_RECIPIENT,invalid_recipient,1,DLQ,2026-05-17T11:00:55.607Z
notif-2507,email,nodemailer,PROVIDER_TIMEOUT,provider_timeout,4,FAILED,2026-05-17T13:54:55.607Z
notif-2508,email,nodemailer,DND_BLOCKED,dnd_blocked,3,FAILED,2026-03-25T13:28:55.607Z
notif-2509,push,fcm,RATE_LIMITED,rate_limited,3,DLQ,2026-03-19T10:41:55.607Z
notif-2510,sms,twilio,PROVIDER_TIMEOUT,provider_timeout,3,FAILED,2026-04-23T08:12:55.607Z
notif-2511,email,nodemailer,INVALID_TEMPLATE,invalid_template,5,FAILED,2026-06-12T08:28:55.607Z
notif-2512,in_app,in_app,PROVIDER_TIMEOUT,provider_timeout,4,FAILED,2026-04-04T11:55:55.607Z
notif-2513,sms,msg91,RATE_LIMITED,rate_limited,2,FAILED,2026-05-13T13:30:55.607Z
notif-2514,push,fcm,PROVIDER_TIMEOUT,provider_timeout,5,FAILED,2026-05-22T19:09:55.607Z
notif-2515,push,fcm,INVALID_TEMPLATE,invalid_template,5,FAILED,2026-04-04T08:35:55.607Z
notif-2516,push,fcm,PROVIDER_TIMEOUT,provider_timeout,4,DLQ,2026-04-12T10:13:55.607Z
notif-2517,email,nodemailer,RATE_LIMITED,rate_limited,5,FAILED,2026-05-26T10:11:55.607Z
notif-2518,email,nodemailer,RATE_LIMITED,rate_limited,3,DLQ,2026-05-11T19:09:55.607Z
notif-2519,email,nodemailer,EXPIRED_TOKEN,expired_token,4,FAILED,2026-06-13T11:56:55.607Z
notif-2520,whatsapp,whatsapp_cloud,RATE_LIMITED,rate_limited,2,DLQ,2026-03-29T19:09:55.607Z
notif-2521,whatsapp,whatsapp_cloud,INVALID_RECIPIENT,invalid_recipient,3,DLQ,2026-05-23T08:17:55.607Z
notif-2522,push,fcm,INVALID_RECIPIENT,invalid_recipient,3,FAILED,2026-06-05T13:53:55.607Z
notif-2523,push,fcm,EXPIRED_TOKEN,expired_token,5,FAILED,2026-06-03T10:14:55.607Z
notif-2524,whatsapp,whatsapp_cloud,NETWORK_ERROR,network_error,2,DLQ,2026-04-30T19:09:55.607Z
notif-2525,sms,msg91,EXPIRED_TOKEN,expired_token,1,FAILED,2026-05-27T09:12:55.607Z
notif-2526,in_app,in_app,DND_BLOCKED,dnd_blocked,1,FAILED,2026-04-12T13:44:55.607Z
notif-2527,email,nodemailer,INVALID_RECIPIENT,invalid_recipient,5,FAILED,2026-04-05T08:04:55.607Z
notif-2528,whatsapp,whatsapp_cloud,NETWORK_ERROR,network_error,2,FAILED,2026-04-17T08:38:55.607Z
notif-2529,in_app,in_app,DND_BLOCKED,dnd_blocked,3,DLQ,2026-04-24T19:09:55.607Z
notif-2530,email,nodemailer,EXPIRED_TOKEN,expired_token,5,DLQ,2026-04-16T11:48:55.607Z
notif-2531,push,fcm,NETWORK_ERROR,network_error,4,DLQ,2026-03-25T19:09:55.607Z
notif-2532,whatsapp,whatsapp_cloud,NETWORK_ERROR,network_error,1,FAILED,2026-05-15T08:36:55.607Z
notif-2533,email,nodemailer,INVALID_RECIPIENT,invalid_recipient,2,FAILED,2026-06-15T13:06:55.607Z
notif-2534,sms,msg91,INVALID_RECIPIENT,invalid_recipient,5,FAILED,2026-04-10T08:32:55.607Z
notif-2535,whatsapp,whatsapp_cloud,INVALID_RECIPIENT,invalid_recipient,2,DLQ,2026-04-24T10:03:55.607Z
notif-2536,in_app,in_app,EXPIRED_TOKEN,expired_token,3,DLQ,2026-04-01T11:24:55.607Z
notif-2537,email,nodemailer,INVALID_RECIPIENT,invalid_recipient,5,DLQ,2026-05-13T19:09:55.607Z
notif-2538,push,fcm,DND_BLOCKED,dnd_blocked,4,FAILED,2026-04-07T13:28:55.607Z
notif-2539,email,nodemailer,NETWORK_ERROR,network_error,4,DLQ,2026-05-10T13:28:55.607Z
notif-2540,email,nodemailer,PROVIDER_TIMEOUT,provider_timeout,3,FAILED,2026-04-07T11:34:55.607Z
notif-2541,push,fcm,NETWORK_ERROR,network_error,3,DLQ,2026-04-10T11:47:55.607Z
notif-2542,push,fcm,INVALID_TEMPLATE,invalid_template,5,FAILED,2026-05-10T13:11:55.607Z
notif-2543,sms,msg91,INVALID_TEMPLATE,invalid_template,1,FAILED,2026-04-28T09:53:55.607Z
notif-2544,email,nodemailer,NETWORK_ERROR,network_error,4,FAILED,2026-04-27T19:09:55.607Z
notif-2545,whatsapp,whatsapp_cloud,NETWORK_ERROR,network_error,1,DLQ,2026-05-27T08:49:55.607Z
notif-2546,email,nodemailer,INVALID_TEMPLATE,invalid_template,4,FAILED,2026-03-28T13:51:55.607Z
notif-2547,push,fcm,INVALID_TEMPLATE,invalid_template,3,FAILED,2026-03-22T08:16:55.607Z
notif-2548,push,fcm,INVALID_TEMPLATE,invalid_template,4,DLQ,2026-03-20T12:19:55.607Z
notif-2549,push,fcm,INVALID_TEMPLATE,invalid_template,4,DLQ,2026-04-03T09:48:55.607Z
notif-2550,push,fcm,INVALID_RECIPIENT,invalid_recipient,2,FAILED,2026-04-24T10:06:55.607Z
notif-2551,sms,twilio,EXPIRED_TOKEN,expired_token,4,FAILED,2026-04-11T10:47:55.607Z
notif-2552,in_app,in_app,NETWORK_ERROR,network_error,2,DLQ,2026-04-15T09:30:55.607Z
notif-2553,email,nodemailer,INVALID_RECIPIENT,invalid_recipient,2,DLQ,2026-03-26T12:48:55.607Z
notif-2554,in_app,in_app,INVALID_TEMPLATE,invalid_template,2,FAILED,2026-05-05T08:04:55.607Z
notif-2555,whatsapp,whatsapp_cloud,PROVIDER_TIMEOUT,provider_timeout,3,FAILED,2026-05-14T12:03:55.607Z
notif-2556,sms,msg91,INVALID_RECIPIENT,invalid_recipient,4,DLQ,2026-04-26T11:26:55.607Z
notif-2557,push,fcm,DND_BLOCKED,dnd_blocked,2,FAILED,2026-06-14T11:15:55.607Z
notif-2558,whatsapp,whatsapp_cloud,RATE_LIMITED,rate_limited,3,DLQ,2026-04-17T13:26:55.607Z
notif-2559,email,nodemailer,PROVIDER_TIMEOUT,provider_timeout,1,FAILED,2026-06-06T12:24:55.607Z
notif-2560,sms,twilio,RATE_LIMITED,rate_limited,1,FAILED,2026-03-29T19:09:55.607Z
notif-2561,email,nodemailer,RATE_LIMITED,rate_limited,2,FAILED,2026-06-15T12:50:55.607Z
notif-2562,sms,msg91,EXPIRED_TOKEN,expired_token,2,FAILED,2026-05-27T09:32:55.607Z
notif-2563,whatsapp,whatsapp_cloud,INVALID_TEMPLATE,invalid_template,5,FAILED,2026-06-08T12:07:55.607Z
notif-2564,push,fcm,NETWORK_ERROR,network_error,3,FAILED,2026-04-28T11:26:55.607Z
notif-2565,whatsapp,whatsapp_cloud,PROVIDER_TIMEOUT,provider_timeout,5,DLQ,2026-05-16T09:36:55.607Z
notif-2566,whatsapp,whatsapp_cloud,INVALID_TEMPLATE,invalid_template,2,FAILED,2026-05-07T09:32:55.607Z
notif-2567,in_app,in_app,PROVIDER_TIMEOUT,provider_timeout,1,FAILED,2026-04-19T09:18:55.607Z
notif-2568,whatsapp,whatsapp_cloud,PROVIDER_TIMEOUT,provider_timeout,1,FAILED,2026-04-27T12:29:55.607Z
notif-2569,push,fcm,RATE_LIMITED,rate_limited,2,FAILED,2026-05-04T19:09:55.607Z
notif-2570,push,fcm,EXPIRED_TOKEN,expired_token,1,DLQ,2026-03-20T10:27:55.607Z
notif-2571,in_app,in_app,PROVIDER_TIMEOUT,provider_timeout,2,DLQ,2026-06-12T12:21:55.607Z
notif-2572,push,fcm,INVALID_RECIPIENT,invalid_recipient,2,FAILED,2026-05-20T08:58:55.607Z
notif-2573,whatsapp,whatsapp_cloud,RATE_LIMITED,rate_limited,1,FAILED,2026-03-24T11:03:55.607Z
notif-2574,push,fcm,NETWORK_ERROR,network_error,4,FAILED,2026-05-14T11:07:55.607Z
notif-2575,whatsapp,whatsapp_cloud,PROVIDER_TIMEOUT,provider_timeout,5,DLQ,2026-04-12T08:40:55.607Z
notif-2576,sms,msg91,DND_BLOCKED,dnd_blocked,5,DLQ,2026-04-04T11:35:55.607Z
notif-2577,email,nodemailer,EXPIRED_TOKEN,expired_token,2,DLQ,2026-06-02T11:21:55.607Z
notif-2578,email,nodemailer,DND_BLOCKED,dnd_blocked,1,FAILED,2026-05-29T08:01:55.607Z
notif-2579,in_app,in_app,RATE_LIMITED,rate_limited,1,FAILED,2026-05-19T08:10:55.607Z
notif-2580,push,fcm,NETWORK_ERROR,network_error,1,FAILED,2026-05-26T19:09:55.607Z
notif-2581,email,nodemailer,INVALID_RECIPIENT,invalid_recipient,4,DLQ,2026-03-30T11:54:55.607Z
notif-2582,push,fcm,PROVIDER_TIMEOUT,provider_timeout,4,FAILED,2026-03-25T11:14:55.607Z
notif-2583,in_app,in_app,RATE_LIMITED,rate_limited,3,DLQ,2026-03-22T13:10:55.607Z
notif-2584,in_app,in_app,DND_BLOCKED,dnd_blocked,5,DLQ,2026-05-31T13:15:55.607Z
notif-2585,sms,twilio,DND_BLOCKED,dnd_blocked,3,FAILED,2026-04-02T10:30:55.607Z
notif-2586,whatsapp,whatsapp_cloud,DND_BLOCKED,dnd_blocked,3,FAILED,2026-05-09T19:09:55.607Z
notif-2587,email,nodemailer,NETWORK_ERROR,network_error,2,FAILED,2026-03-28T19:09:55.607Z
notif-2588,sms,twilio,NETWORK_ERROR,network_error,4,FAILED,2026-04-26T19:09:55.607Z
notif-2589,push,fcm,NETWORK_ERROR,network_error,4,FAILED,2026-06-02T19:09:55.607Z
notif-2590,in_app,in_app,RATE_LIMITED,rate_limited,2,DLQ,2026-05-07T19:09:55.607Z
notif-2591,whatsapp,whatsapp_cloud,RATE_LIMITED,rate_limited,5,FAILED,2026-06-13T12:46:55.607Z
notif-2592,sms,msg91,INVALID_RECIPIENT,invalid_recipient,1,FAILED,2026-05-15T11:23:55.607Z
notif-2593,email,nodemailer,NETWORK_ERROR,network_error,5,FAILED,2026-05-02T12:14:55.607Z
notif-2594,push,fcm,RATE_LIMITED,rate_limited,2,FAILED,2026-06-15T19:09:55.607Z
notif-2595,whatsapp,whatsapp_cloud,INVALID_TEMPLATE,invalid_template,5,FAILED,2026-04-08T13:00:55.607Z
notif-2596,sms,msg91,INVALID_RECIPIENT,invalid_recipient,5,DLQ,2026-03-23T09:56:55.607Z
notif-2597,sms,twilio,INVALID_TEMPLATE,invalid_template,2,DLQ,2026-05-26T09:11:55.607Z
notif-2598,in_app,in_app,DND_BLOCKED,dnd_blocked,2,FAILED,2026-06-08T09:23:55.607Z
notif-2599,push,fcm,INVALID_RECIPIENT,invalid_recipient,2,DLQ,2026-04-30T08:51:55.607Z
notif-2600,push,fcm,INVALID_TEMPLATE,invalid_template,4,FAILED,2026-05-30T19:09:55.607Z
notif-2601,sms,msg91,NETWORK_ERROR,network_error,1,FAILED,2026-05-03T11:04:55.607Z
notif-2602,in_app,in_app,INVALID_RECIPIENT,invalid_recipient,4,DLQ,2026-06-14T19:09:55.607Z
notif-2603,email,nodemailer,EXPIRED_TOKEN,expired_token,4,FAILED,2026-04-27T10:30:55.607Z
notif-2604,in_app,in_app,INVALID_TEMPLATE,invalid_template,4,FAILED,2026-03-26T13:45:55.607Z
notif-2605,email,nodemailer,INVALID_TEMPLATE,invalid_template,5,FAILED,2026-03-31T19:09:55.607Z
notif-2606,push,fcm,INVALID_TEMPLATE,invalid_template,2,FAILED,2026-04-26T10:50:55.607Z
notif-2607,whatsapp,whatsapp_cloud,INVALID_RECIPIENT,invalid_recipient,4,FAILED,2026-06-13T13:01:55.607Z
notif-2608,push,fcm,PROVIDER_TIMEOUT,provider_timeout,2,FAILED,2026-05-01T12:56:55.607Z
notif-2609,sms,twilio,EXPIRED_TOKEN,expired_token,1,FAILED,2026-06-02T09:54:55.607Z
notif-2610,push,fcm,EXPIRED_TOKEN,expired_token,3,FAILED,2026-05-20T10:14:55.607Z
notif-2611,in_app,in_app,RATE_LIMITED,rate_limited,2,FAILED,2026-04-14T19:09:55.607Z
notif-2612,sms,twilio,EXPIRED_TOKEN,expired_token,1,FAILED,2026-05-06T10:01:55.607Z
notif-2613,whatsapp,whatsapp_cloud,INVALID_RECIPIENT,invalid_recipient,2,DLQ,2026-03-18T12:09:55.607Z
notif-2614,push,fcm,INVALID_RECIPIENT,invalid_recipient,5,DLQ,2026-05-28T12:35:55.607Z
notif-2615,sms,msg91,INVALID_TEMPLATE,invalid_template,1,DLQ,2026-04-10T08:35:55.607Z
notif-2616,whatsapp,whatsapp_cloud,RATE_LIMITED,rate_limited,1,FAILED,2026-04-20T10:21:55.607Z
notif-2617,push,fcm,NETWORK_ERROR,network_error,3,FAILED,2026-03-28T08:19:55.607Z
notif-2618,whatsapp,whatsapp_cloud,DND_BLOCKED,dnd_blocked,4,FAILED,2026-04-11T08:25:55.607Z
notif-2619,sms,twilio,EXPIRED_TOKEN,expired_token,4,DLQ,2026-03-28T09:56:55.607Z
notif-2620,email,nodemailer,DND_BLOCKED,dnd_blocked,4,DLQ,2026-03-29T12:12:55.607Z
notif-2621,email,nodemailer,NETWORK_ERROR,network_error,2,FAILED,2026-04-13T12:04:55.607Z
notif-2622,whatsapp,whatsapp_cloud,EXPIRED_TOKEN,expired_token,5,FAILED,2026-05-01T13:42:55.607Z
notif-2623,whatsapp,whatsapp_cloud,INVALID_TEMPLATE,invalid_template,5,DLQ,2026-06-08T13:03:55.607Z
notif-2624,email,nodemailer,NETWORK_ERROR,network_error,5,FAILED,2026-04-10T19:09:55.607Z
notif-2625,push,fcm,INVALID_RECIPIENT,invalid_recipient,3,DLQ,2026-04-12T08:01:55.607Z
notif-2626,email,nodemailer,DND_BLOCKED,dnd_blocked,5,FAILED,2026-06-07T08:14:55.607Z
notif-2627,whatsapp,whatsapp_cloud,RATE_LIMITED,rate_limited,3,FAILED,2026-05-06T08:37:55.607Z
notif-2628,whatsapp,whatsapp_cloud,PROVIDER_TIMEOUT,provider_timeout,5,FAILED,2026-03-22T12:36:55.607Z
notif-2629,email,nodemailer,EXPIRED_TOKEN,expired_token,4,DLQ,2026-04-19T08:04:55.607Z
notif-2630,email,nodemailer,RATE_LIMITED,rate_limited,2,DLQ,2026-06-08T10:52:55.607Z
notif-2631,in_app,in_app,RATE_LIMITED,rate_limited,1,FAILED,2026-05-30T19:09:55.607Z
notif-2632,sms,twilio,PROVIDER_TIMEOUT,provider_timeout,5,DLQ,2026-04-20T10:21:55.607Z
notif-2633,whatsapp,whatsapp_cloud,RATE_LIMITED,rate_limited,1,FAILED,2026-06-03T19:09:55.607Z
notif-2634,sms,twilio,DND_BLOCKED,dnd_blocked,1,FAILED,2026-05-18T11:11:55.607Z
notif-2635,email,nodemailer,NETWORK_ERROR,network_error,4,FAILED,2026-05-31T19:09:55.607Z
notif-2636,sms,twilio,EXPIRED_TOKEN,expired_token,1,FAILED,2026-06-05T19:09:55.607Z
notif-2637,in_app,in_app,RATE_LIMITED,rate_limited,2,FAILED,2026-06-10T12:48:55.607Z
notif-2638,push,fcm,EXPIRED_TOKEN,expired_token,4,DLQ,2026-05-03T10:07:55.607Z
notif-2639,whatsapp,whatsapp_cloud,EXPIRED_TOKEN,expired_token,4,FAILED,2026-06-03T12:05:55.607Z
notif-2640,push,fcm,RATE_LIMITED,rate_limited,4,FAILED,2026-03-21T09:13:55.607Z
notif-2641,email,nodemailer,INVALID_RECIPIENT,invalid_recipient,1,FAILED,2026-04-27T12:18:55.607Z
notif-2642,sms,twilio,PROVIDER_TIMEOUT,provider_timeout,1,DLQ,2026-06-03T11:13:55.607Z
notif-2643,email,nodemailer,RATE_LIMITED,rate_limited,4,FAILED,2026-06-11T19:09:55.607Z
notif-2644,sms,msg91,INVALID_RECIPIENT,invalid_recipient,1,DLQ,2026-06-13T12:23:55.607Z
notif-2645,whatsapp,whatsapp_cloud,NETWORK_ERROR,network_error,3,DLQ,2026-06-08T19:09:55.607Z
notif-2646,in_app,in_app,RATE_LIMITED,rate_limited,4,FAILED,2026-04-07T08:05:55.607Z
notif-2647,in_app,in_app,DND_BLOCKED,dnd_blocked,4,FAILED,2026-05-01T10:12:55.607Z
notif-2648,email,nodemailer,RATE_LIMITED,rate_limited,1,FAILED,2026-06-02T13:57:55.607Z
notif-2649,sms,twilio,EXPIRED_TOKEN,expired_token,2,FAILED,2026-05-28T10:40:55.607Z
notif-2650,sms,msg91,INVALID_TEMPLATE,invalid_template,5,DLQ,2026-06-09T19:09:55.607Z
notif-2651,push,fcm,RATE_LIMITED,rate_limited,2,FAILED,2026-05-24T19:09:55.607Z
notif-2652,in_app,in_app,EXPIRED_TOKEN,expired_token,5,FAILED,2026-04-26T19:09:55.607Z
notif-2653,email,nodemailer,DND_BLOCKED,dnd_blocked,4,FAILED,2026-04-26T13:56:55.607Z
notif-2654,in_app,in_app,NETWORK_ERROR,network_error,5,FAILED,2026-05-28T08:41:55.607Z
notif-2655,email,nodemailer,NETWORK_ERROR,network_error,5,DLQ,2026-03-29T10:01:55.607Z
notif-2656,email,nodemailer,EXPIRED_TOKEN,expired_token,5,FAILED,2026-05-10T19:09:55.607Z
notif-2657,in_app,in_app,NETWORK_ERROR,network_error,3,FAILED,2026-04-17T13:25:55.607Z
notif-2658,whatsapp,whatsapp_cloud,NETWORK_ERROR,network_error,3,FAILED,2026-03-22T11:03:55.607Z
notif-2659,in_app,in_app,EXPIRED_TOKEN,expired_token,2,FAILED,2026-03-28T12:19:55.607Z
notif-2660,email,nodemailer,EXPIRED_TOKEN,expired_token,2,DLQ,2026-06-06T11:42:55.607Z
notif-2661,whatsapp,whatsapp_cloud,NETWORK_ERROR,network_error,3,FAILED,2026-05-31T10:34:55.607Z
notif-2662,in_app,in_app,NETWORK_ERROR,network_error,3,FAILED,2026-04-02T19:09:55.607Z
notif-2663,push,fcm,INVALID_RECIPIENT,invalid_recipient,5,DLQ,2026-05-26T11:50:55.607Z
notif-2664,whatsapp,whatsapp_cloud,RATE_LIMITED,rate_limited,1,FAILED,2026-06-02T08:51:55.607Z
notif-2665,whatsapp,whatsapp_cloud,PROVIDER_TIMEOUT,provider_timeout,4,FAILED,2026-04-28T11:09:55.607Z
notif-2666,push,fcm,NETWORK_ERROR,network_error,4,DLQ,2026-04-30T11:50:55.607Z
notif-2667,in_app,in_app,INVALID_TEMPLATE,invalid_template,2,FAILED,2026-06-10T11:53:55.607Z
notif-2668,whatsapp,whatsapp_cloud,INVALID_TEMPLATE,invalid_template,3,DLQ,2026-04-04T13:25:55.607Z
notif-2669,in_app,in_app,EXPIRED_TOKEN,expired_token,1,FAILED,2026-05-24T08:54:55.607Z
notif-2670,in_app,in_app,INVALID_RECIPIENT,invalid_recipient,3,DLQ,2026-03-21T11:52:55.607Z
notif-2671,push,fcm,PROVIDER_TIMEOUT,provider_timeout,1,DLQ,2026-04-17T12:21:55.607Z
notif-2672,in_app,in_app,NETWORK_ERROR,network_error,4,DLQ,2026-03-27T12:44:55.607Z
notif-2673,whatsapp,whatsapp_cloud,EXPIRED_TOKEN,expired_token,5,FAILED,2026-04-08T08:16:55.607Z
notif-2674,whatsapp,whatsapp_cloud,EXPIRED_TOKEN,expired_token,4,FAILED,2026-05-18T09:52:55.607Z
notif-2675,in_app,in_app,DND_BLOCKED,dnd_blocked,4,DLQ,2026-05-27T10:05:55.607Z
notif-2676,sms,twilio,NETWORK_ERROR,network_error,2,DLQ,2026-04-02T09:43:55.607Z
notif-2677,sms,msg91,EXPIRED_TOKEN,expired_token,4,DLQ,2026-03-31T08:10:55.607Z
notif-2678,in_app,in_app,RATE_LIMITED,rate_limited,1,FAILED,2026-04-19T13:56:55.607Z
notif-2679,email,nodemailer,NETWORK_ERROR,network_error,4,FAILED,2026-04-18T09:35:55.607Z
notif-2680,whatsapp,whatsapp_cloud,INVALID_RECIPIENT,invalid_recipient,1,FAILED,2026-04-03T09:00:55.607Z
notif-2681,email,nodemailer,INVALID_TEMPLATE,invalid_template,2,FAILED,2026-04-12T19:09:55.607Z
notif-2682,push,fcm,PROVIDER_TIMEOUT,provider_timeout,2,FAILED,2026-04-16T09:21:55.607Z
notif-2683,whatsapp,whatsapp_cloud,NETWORK_ERROR,network_error,3,FAILED,2026-03-29T13:33:55.607Z
notif-2684,sms,twilio,RATE_LIMITED,rate_limited,5,FAILED,2026-03-22T08:15:55.607Z
notif-2685,email,nodemailer,RATE_LIMITED,rate_limited,1,FAILED,2026-05-14T19:09:55.607Z
notif-2686,in_app,in_app,RATE_LIMITED,rate_limited,2,FAILED,2026-05-06T13:08:55.607Z
notif-2687,sms,twilio,PROVIDER_TIMEOUT,provider_timeout,1,FAILED,2026-04-22T11:41:55.607Z
notif-2688,sms,msg91,RATE_LIMITED,rate_limited,1,FAILED,2026-06-10T12:36:55.607Z
notif-2689,in_app,in_app,NETWORK_ERROR,network_error,2,FAILED,2026-05-06T11:22:55.607Z
notif-2690,push,fcm,EXPIRED_TOKEN,expired_token,5,FAILED,2026-06-15T19:09:55.607Z
notif-2691,whatsapp,whatsapp_cloud,EXPIRED_TOKEN,expired_token,5,FAILED,2026-05-10T09:11:55.607Z
notif-2692,whatsapp,whatsapp_cloud,RATE_LIMITED,rate_limited,3,DLQ,2026-05-02T08:41:55.607Z
notif-2693,whatsapp,whatsapp_cloud,INVALID_TEMPLATE,invalid_template,2,FAILED,2026-03-18T13:31:55.607Z
notif-2694,email,nodemailer,DND_BLOCKED,dnd_blocked,5,DLQ,2026-05-13T11:11:55.607Z
notif-2695,sms,msg91,INVALID_TEMPLATE,invalid_template,1,FAILED,2026-05-25T19:09:55.607Z
notif-2696,in_app,in_app,NETWORK_ERROR,network_error,2,FAILED,2026-06-10T19:09:55.607Z
notif-2697,push,fcm,INVALID_RECIPIENT,invalid_recipient,2,DLQ,2026-04-24T12:04:55.607Z
notif-2698,whatsapp,whatsapp_cloud,PROVIDER_TIMEOUT,provider_timeout,1,DLQ,2026-06-10T10:42:55.607Z
notif-2699,in_app,in_app,NETWORK_ERROR,network_error,3,DLQ,2026-04-11T19:09:55.607Z
notif-2700,sms,twilio,NETWORK_ERROR,network_error,1,FAILED,2026-03-31T11:05:55.607Z
notif-2701,sms,twilio,PROVIDER_TIMEOUT,provider_timeout,4,FAILED,2026-04-14T11:59:55.607Z
notif-2702,sms,msg91,INVALID_RECIPIENT,invalid_recipient,1,FAILED,2026-04-13T19:09:55.607Z
notif-2703,whatsapp,whatsapp_cloud,RATE_LIMITED,rate_limited,4,FAILED,2026-03-18T13:04:55.607Z
notif-2704,sms,msg91,RATE_LIMITED,rate_limited,3,FAILED,2026-05-18T19:09:55.607Z
notif-2705,push,fcm,PROVIDER_TIMEOUT,provider_timeout,1,FAILED,2026-05-11T11:05:55.607Z
notif-2706,in_app,in_app,INVALID_RECIPIENT,invalid_recipient,5,FAILED,2026-04-01T11:35:55.607Z
notif-2707,in_app,in_app,INVALID_RECIPIENT,invalid_recipient,4,FAILED,2026-06-06T12:20:55.607Z
notif-2708,email,nodemailer,DND_BLOCKED,dnd_blocked,1,DLQ,2026-04-02T09:00:55.607Z
notif-2709,in_app,in_app,EXPIRED_TOKEN,expired_token,3,FAILED,2026-05-22T10:39:55.607Z
notif-2710,whatsapp,whatsapp_cloud,PROVIDER_TIMEOUT,provider_timeout,3,FAILED,2026-05-17T08:42:55.607Z
notif-2711,email,nodemailer,INVALID_TEMPLATE,invalid_template,3,FAILED,2026-05-18T08:36:55.607Z
notif-2712,whatsapp,whatsapp_cloud,NETWORK_ERROR,network_error,5,FAILED,2026-04-01T12:19:55.607Z
notif-2713,email,nodemailer,PROVIDER_TIMEOUT,provider_timeout,2,FAILED,2026-05-25T19:09:55.607Z
notif-2714,push,fcm,NETWORK_ERROR,network_error,2,DLQ,2026-03-27T19:09:55.607Z
notif-2715,whatsapp,whatsapp_cloud,PROVIDER_TIMEOUT,provider_timeout,4,FAILED,2026-04-09T09:59:55.607Z
notif-2716,whatsapp,whatsapp_cloud,NETWORK_ERROR,network_error,5,FAILED,2026-05-02T09:38:55.607Z
notif-2717,in_app,in_app,RATE_LIMITED,rate_limited,4,FAILED,2026-03-22T13:04:55.607Z
notif-2718,whatsapp,whatsapp_cloud,DND_BLOCKED,dnd_blocked,1,DLQ,2026-05-27T09:37:55.607Z
notif-2719,sms,twilio,RATE_LIMITED,rate_limited,1,DLQ,2026-04-25T08:40:55.607Z
notif-2720,push,fcm,DND_BLOCKED,dnd_blocked,2,FAILED,2026-06-08T13:41:55.607Z
notif-2721,push,fcm,EXPIRED_TOKEN,expired_token,1,FAILED,2026-05-14T08:07:55.607Z
notif-2722,in_app,in_app,INVALID_TEMPLATE,invalid_template,2,FAILED,2026-03-30T10:04:55.607Z
notif-2723,in_app,in_app,INVALID_TEMPLATE,invalid_template,1,FAILED,2026-03-19T09:50:55.607Z
notif-2724,sms,twilio,DND_BLOCKED,dnd_blocked,5,DLQ,2026-06-03T19:09:55.607Z
notif-2725,push,fcm,NETWORK_ERROR,network_error,4,FAILED,2026-04-05T11:42:55.607Z
notif-2726,email,nodemailer,EXPIRED_TOKEN,expired_token,3,FAILED,2026-06-11T12:46:55.607Z
notif-2727,whatsapp,whatsapp_cloud,INVALID_TEMPLATE,invalid_template,2,DLQ,2026-04-17T19:09:55.607Z
notif-2728,sms,twilio,EXPIRED_TOKEN,expired_token,1,FAILED,2026-03-27T10:44:55.607Z
notif-2729,push,fcm,NETWORK_ERROR,network_error,2,DLQ,2026-04-30T12:45:55.607Z
notif-2730,email,nodemailer,INVALID_TEMPLATE,invalid_template,2,FAILED,2026-04-22T10:42:55.607Z
notif-2731,email,nodemailer,INVALID_TEMPLATE,invalid_template,2,DLQ,2026-05-10T19:09:55.607Z
notif-2732,sms,msg91,INVALID_RECIPIENT,invalid_recipient,1,FAILED,2026-05-16T09:25:55.607Z
notif-2733,push,fcm,PROVIDER_TIMEOUT,provider_timeout,5,DLQ,2026-05-24T13:17:55.607Z
notif-2734,email,nodemailer,DND_BLOCKED,dnd_blocked,2,FAILED,2026-03-21T13:53:55.607Z
notif-2735,in_app,in_app,DND_BLOCKED,dnd_blocked,2,FAILED,2026-04-25T13:29:55.607Z
notif-2736,whatsapp,whatsapp_cloud,DND_BLOCKED,dnd_blocked,3,FAILED,2026-03-28T10:00:55.607Z
notif-2737,whatsapp,whatsapp_cloud,PROVIDER_TIMEOUT,provider_timeout,5,FAILED,2026-05-16T09:21:55.607Z
notif-2738,whatsapp,whatsapp_cloud,EXPIRED_TOKEN,expired_token,5,DLQ,2026-04-03T11:46:55.607Z
notif-2739,push,fcm,EXPIRED_TOKEN,expired_token,3,FAILED,2026-06-15T12:01:55.607Z
notif-2740,in_app,in_app,NETWORK_ERROR,network_error,2,FAILED,2026-05-29T08:06:55.607Z
notif-2741,whatsapp,whatsapp_cloud,RATE_LIMITED,rate_limited,4,DLQ,2026-04-06T12:41:55.607Z
notif-2742,in_app,in_app,EXPIRED_TOKEN,expired_token,4,FAILED,2026-06-11T08:18:55.607Z
notif-2743,sms,twilio,PROVIDER_TIMEOUT,provider_timeout,5,FAILED,2026-04-10T10:00:55.607Z
notif-2744,email,nodemailer,INVALID_TEMPLATE,invalid_template,4,FAILED,2026-05-30T19:09:55.607Z
notif-2745,whatsapp,whatsapp_cloud,INVALID_RECIPIENT,invalid_recipient,4,FAILED,2026-03-22T08:48:55.607Z
notif-2746,whatsapp,whatsapp_cloud,NETWORK_ERROR,network_error,1,FAILED,2026-05-24T13:24:55.607Z
notif-2747,in_app,in_app,DND_BLOCKED,dnd_blocked,2,DLQ,2026-05-11T09:36:55.607Z
notif-2748,push,fcm,DND_BLOCKED,dnd_blocked,4,DLQ,2026-05-30T08:34:55.607Z
notif-2749,whatsapp,whatsapp_cloud,EXPIRED_TOKEN,expired_token,2,FAILED,2026-05-30T12:58:55.607Z
notif-2750,in_app,in_app,EXPIRED_TOKEN,expired_token,4,DLQ,2026-04-20T10:52:55.607Z
notif-2751,sms,twilio,NETWORK_ERROR,network_error,4,FAILED,2026-04-10T19:09:55.607Z
notif-2752,email,nodemailer,PROVIDER_TIMEOUT,provider_timeout,2,FAILED,2026-04-11T19:09:55.607Z
notif-2753,whatsapp,whatsapp_cloud,DND_BLOCKED,dnd_blocked,4,FAILED,2026-04-19T08:45:55.607Z
notif-2754,email,nodemailer,INVALID_TEMPLATE,invalid_template,4,FAILED,2026-05-16T10:04:55.607Z
notif-2755,in_app,in_app,INVALID_RECIPIENT,invalid_recipient,5,DLQ,2026-05-16T12:31:55.607Z
notif-2756,in_app,in_app,NETWORK_ERROR,network_error,4,DLQ,2026-06-14T10:12:55.607Z
notif-2757,push,fcm,EXPIRED_TOKEN,expired_token,1,DLQ,2026-06-07T19:09:55.607Z
notif-2758,whatsapp,whatsapp_cloud,DND_BLOCKED,dnd_blocked,5,DLQ,2026-04-22T19:09:55.607Z
notif-2759,email,nodemailer,NETWORK_ERROR,network_error,5,FAILED,2026-05-11T13:22:55.607Z
notif-2760,whatsapp,whatsapp_cloud,PROVIDER_TIMEOUT,provider_timeout,4,DLQ,2026-05-23T19:09:55.607Z
notif-2761,in_app,in_app,RATE_LIMITED,rate_limited,5,FAILED,2026-05-31T11:52:55.607Z
notif-2762,push,fcm,INVALID_TEMPLATE,invalid_template,1,FAILED,2026-03-29T13:28:55.607Z
notif-2763,push,fcm,EXPIRED_TOKEN,expired_token,2,FAILED,2026-06-06T10:52:55.607Z
notif-2764,email,nodemailer,NETWORK_ERROR,network_error,4,FAILED,2026-06-12T10:43:55.607Z
notif-2765,email,nodemailer,INVALID_RECIPIENT,invalid_recipient,1,FAILED,2026-04-06T13:12:55.607Z
notif-2766,email,nodemailer,INVALID_RECIPIENT,invalid_recipient,2,DLQ,2026-06-03T09:55:55.607Z
notif-2767,push,fcm,DND_BLOCKED,dnd_blocked,1,DLQ,2026-05-10T11:00:55.607Z
notif-2768,sms,twilio,RATE_LIMITED,rate_limited,4,FAILED,2026-05-22T19:09:55.607Z
notif-2769,sms,msg91,INVALID_RECIPIENT,invalid_recipient,2,FAILED,2026-03-31T11:36:55.607Z
notif-2770,sms,msg91,PROVIDER_TIMEOUT,provider_timeout,2,FAILED,2026-05-19T12:11:55.607Z
notif-2771,push,fcm,DND_BLOCKED,dnd_blocked,5,FAILED,2026-05-18T19:09:55.607Z
notif-2772,in_app,in_app,PROVIDER_TIMEOUT,provider_timeout,1,FAILED,2026-03-20T08:43:55.607Z
notif-2773,whatsapp,whatsapp_cloud,RATE_LIMITED,rate_limited,1,FAILED,2026-04-08T10:31:55.607Z
notif-2774,sms,msg91,INVALID_TEMPLATE,invalid_template,4,FAILED,2026-03-27T12:52:55.607Z
notif-2775,whatsapp,whatsapp_cloud,PROVIDER_TIMEOUT,provider_timeout,5,DLQ,2026-03-21T12:37:55.607Z
notif-2776,sms,twilio,DND_BLOCKED,dnd_blocked,5,FAILED,2026-05-10T19:09:55.607Z
notif-2777,in_app,in_app,EXPIRED_TOKEN,expired_token,1,FAILED,2026-04-19T13:44:55.607Z
notif-2778,sms,twilio,PROVIDER_TIMEOUT,provider_timeout,1,FAILED,2026-03-23T19:09:55.607Z
notif-2779,in_app,in_app,EXPIRED_TOKEN,expired_token,1,FAILED,2026-04-26T09:02:55.607Z
notif-2780,in_app,in_app,NETWORK_ERROR,network_error,3,DLQ,2026-04-10T08:33:55.607Z
notif-2781,whatsapp,whatsapp_cloud,PROVIDER_TIMEOUT,provider_timeout,2,FAILED,2026-04-06T09:19:55.607Z
notif-2782,sms,twilio,RATE_LIMITED,rate_limited,1,FAILED,2026-03-30T19:09:55.607Z
notif-2783,sms,twilio,RATE_LIMITED,rate_limited,4,FAILED,2026-05-25T09:21:55.607Z
notif-2784,email,nodemailer,NETWORK_ERROR,network_error,4,FAILED,2026-05-26T11:02:55.607Z
notif-2785,whatsapp,whatsapp_cloud,DND_BLOCKED,dnd_blocked,4,FAILED,2026-03-26T10:39:55.607Z
notif-2786,email,nodemailer,RATE_LIMITED,rate_limited,1,FAILED,2026-05-24T08:53:55.607Z
notif-2787,email,nodemailer,INVALID_RECIPIENT,invalid_recipient,5,DLQ,2026-04-14T13:40:55.607Z
notif-2788,sms,twilio,RATE_LIMITED,rate_limited,1,DLQ,2026-03-27T09:44:55.607Z
notif-2789,push,fcm,NETWORK_ERROR,network_error,1,FAILED,2026-04-11T10:21:55.607Z
notif-2790,whatsapp,whatsapp_cloud,RATE_LIMITED,rate_limited,5,FAILED,2026-04-20T08:57:55.607Z
notif-2791,email,nodemailer,INVALID_RECIPIENT,invalid_recipient,2,DLQ,2026-05-04T09:44:55.607Z
notif-2792,whatsapp,whatsapp_cloud,RATE_LIMITED,rate_limited,3,FAILED,2026-05-02T13:37:55.607Z
notif-2793,email,nodemailer,INVALID_RECIPIENT,invalid_recipient,5,DLQ,2026-06-09T13:14:55.607Z
notif-2794,sms,twilio,DND_BLOCKED,dnd_blocked,2,DLQ,2026-04-21T09:23:55.607Z
notif-2795,email,nodemailer,EXPIRED_TOKEN,expired_token,3,DLQ,2026-05-30T10:12:55.607Z
notif-2796,sms,msg91,INVALID_RECIPIENT,invalid_recipient,3,FAILED,2026-05-23T12:53:55.607Z
notif-2797,push,fcm,PROVIDER_TIMEOUT,provider_timeout,4,FAILED,2026-05-22T19:09:55.607Z
notif-2798,email,nodemailer,DND_BLOCKED,dnd_blocked,5,DLQ,2026-05-10T19:09:55.607Z
notif-2799,in_app,in_app,EXPIRED_TOKEN,expired_token,2,FAILED,2026-04-17T19:09:55.607Z
notif-2800,in_app,in_app,INVALID_RECIPIENT,invalid_recipient,1,FAILED,2026-05-31T10:57:55.607Z
notif-2801,sms,twilio,INVALID_TEMPLATE,invalid_template,5,DLQ,2026-04-19T10:14:55.607Z
notif-2802,in_app,in_app,NETWORK_ERROR,network_error,2,DLQ,2026-05-01T19:09:55.607Z
notif-2803,email,nodemailer,PROVIDER_TIMEOUT,provider_timeout,1,FAILED,2026-03-31T08:01:55.607Z
notif-2804,sms,msg91,DND_BLOCKED,dnd_blocked,4,FAILED,2026-05-20T19:09:55.607Z
notif-2805,whatsapp,whatsapp_cloud,EXPIRED_TOKEN,expired_token,3,FAILED,2026-06-02T10:33:55.607Z
notif-2806,email,nodemailer,NETWORK_ERROR,network_error,4,DLQ,2026-06-07T09:41:55.607Z
notif-2807,push,fcm,DND_BLOCKED,dnd_blocked,2,FAILED,2026-06-15T10:16:55.607Z
notif-2808,push,fcm,INVALID_RECIPIENT,invalid_recipient,2,DLQ,2026-04-04T08:29:55.608Z
notif-2809,whatsapp,whatsapp_cloud,DND_BLOCKED,dnd_blocked,5,DLQ,2026-05-16T08:03:55.608Z
notif-2810,push,fcm,INVALID_TEMPLATE,invalid_template,3,FAILED,2026-04-15T08:58:55.608Z
notif-2811,sms,msg91,NETWORK_ERROR,network_error,2,FAILED,2026-04-02T08:00:55.608Z
notif-2812,whatsapp,whatsapp_cloud,PROVIDER_TIMEOUT,provider_timeout,5,DLQ,2026-03-26T10:01:55.608Z
notif-2813,push,fcm,RATE_LIMITED,rate_limited,4,FAILED,2026-06-14T12:45:55.608Z
notif-2814,whatsapp,whatsapp_cloud,NETWORK_ERROR,network_error,1,DLQ,2026-03-18T13:40:55.608Z
notif-2815,email,nodemailer,INVALID_TEMPLATE,invalid_template,1,FAILED,2026-04-25T10:58:55.608Z
notif-2816,whatsapp,whatsapp_cloud,INVALID_RECIPIENT,invalid_recipient,3,FAILED,2026-06-03T13:27:55.608Z
notif-2817,sms,twilio,NETWORK_ERROR,network_error,4,DLQ,2026-03-25T19:09:55.608Z
notif-2818,in_app,in_app,NETWORK_ERROR,network_error,5,FAILED,2026-04-29T11:08:55.608Z
notif-2819,in_app,in_app,INVALID_TEMPLATE,invalid_template,4,FAILED,2026-05-17T08:51:55.608Z
notif-2820,email,nodemailer,NETWORK_ERROR,network_error,1,DLQ,2026-03-20T09:03:55.608Z
notif-2821,whatsapp,whatsapp_cloud,EXPIRED_TOKEN,expired_token,2,FAILED,2026-04-27T11:55:55.608Z
notif-2822,in_app,in_app,INVALID_RECIPIENT,invalid_recipient,2,DLQ,2026-04-13T09:38:55.608Z
notif-2823,in_app,in_app,RATE_LIMITED,rate_limited,3,FAILED,2026-05-01T10:49:55.608Z
notif-2824,in_app,in_app,NETWORK_ERROR,network_error,5,FAILED,2026-05-11T19:09:55.608Z
notif-2825,sms,twilio,INVALID_TEMPLATE,invalid_template,5,FAILED,2026-05-02T12:01:55.608Z
notif-2826,whatsapp,whatsapp_cloud,INVALID_TEMPLATE,invalid_template,4,FAILED,2026-04-16T13:14:55.608Z
notif-2827,whatsapp,whatsapp_cloud,RATE_LIMITED,rate_limited,4,FAILED,2026-04-05T09:22:55.608Z
notif-2828,in_app,in_app,DND_BLOCKED,dnd_blocked,4,DLQ,2026-04-05T11:04:55.608Z
notif-2829,push,fcm,INVALID_TEMPLATE,invalid_template,2,FAILED,2026-06-10T08:57:55.608Z
notif-2830,sms,msg91,EXPIRED_TOKEN,expired_token,1,FAILED,2026-05-02T11:11:55.608Z
notif-2831,whatsapp,whatsapp_cloud,INVALID_RECIPIENT,invalid_recipient,2,FAILED,2026-04-03T11:02:55.608Z
notif-2832,whatsapp,whatsapp_cloud,EXPIRED_TOKEN,expired_token,4,FAILED,2026-04-03T13:41:55.608Z
notif-2833,push,fcm,DND_BLOCKED,dnd_blocked,4,FAILED,2026-05-11T08:29:55.608Z
notif-2834,email,nodemailer,NETWORK_ERROR,network_error,5,FAILED,2026-04-09T09:51:55.608Z
notif-2835,push,fcm,RATE_LIMITED,rate_limited,2,DLQ,2026-05-30T19:09:55.608Z
notif-2836,email,nodemailer,NETWORK_ERROR,network_error,2,DLQ,2026-05-24T08:12:55.608Z
notif-2837,sms,twilio,EXPIRED_TOKEN,expired_token,5,FAILED,2026-04-20T11:10:55.608Z
notif-2838,sms,twilio,NETWORK_ERROR,network_error,1,FAILED,2026-04-07T11:52:55.608Z
notif-2839,whatsapp,whatsapp_cloud,PROVIDER_TIMEOUT,provider_timeout,2,FAILED,2026-04-03T12:25:55.608Z
notif-2840,push,fcm,RATE_LIMITED,rate_limited,3,FAILED,2026-05-12T11:35:55.608Z
notif-2841,push,fcm,INVALID_RECIPIENT,invalid_recipient,4,FAILED,2026-04-25T12:11:55.608Z
notif-2842,sms,msg91,EXPIRED_TOKEN,expired_token,2,FAILED,2026-04-26T19:09:55.608Z
notif-2843,push,fcm,INVALID_TEMPLATE,invalid_template,1,FAILED,2026-04-14T09:22:55.608Z
notif-2844,sms,twilio,RATE_LIMITED,rate_limited,4,FAILED,2026-04-18T12:43:55.608Z
notif-2845,whatsapp,whatsapp_cloud,EXPIRED_TOKEN,expired_token,4,FAILED,2026-05-29T19:09:55.608Z
notif-2846,push,fcm,NETWORK_ERROR,network_error,2,DLQ,2026-05-02T09:42:55.608Z
notif-2847,in_app,in_app,DND_BLOCKED,dnd_blocked,3,DLQ,2026-06-05T11:26:55.608Z
notif-2848,push,fcm,PROVIDER_TIMEOUT,provider_timeout,1,DLQ,2026-05-05T09:01:55.608Z
notif-2849,in_app,in_app,INVALID_TEMPLATE,invalid_template,2,DLQ,2026-05-24T19:09:55.608Z
notif-2850,whatsapp,whatsapp_cloud,INVALID_TEMPLATE,invalid_template,5,DLQ,2026-05-02T13:44:55.608Z
notif-2851,in_app,in_app,EXPIRED_TOKEN,expired_token,1,FAILED,2026-06-01T11:43:55.608Z
notif-2852,push,fcm,PROVIDER_TIMEOUT,provider_timeout,2,FAILED,2026-04-02T12:00:55.608Z
notif-2853,push,fcm,DND_BLOCKED,dnd_blocked,3,FAILED,2026-05-17T19:09:55.608Z
notif-2854,email,nodemailer,INVALID_RECIPIENT,invalid_recipient,3,DLQ,2026-06-09T08:01:55.608Z
notif-2855,in_app,in_app,DND_BLOCKED,dnd_blocked,3,FAILED,2026-06-01T10:52:55.608Z
notif-2856,email,nodemailer,PROVIDER_TIMEOUT,provider_timeout,1,FAILED,2026-04-07T12:16:55.608Z
notif-2857,push,fcm,RATE_LIMITED,rate_limited,3,DLQ,2026-06-14T10:25:55.608Z
notif-2858,in_app,in_app,RATE_LIMITED,rate_limited,2,FAILED,2026-04-01T08:03:55.608Z
notif-2859,push,fcm,PROVIDER_TIMEOUT,provider_timeout,5,FAILED,2026-05-02T12:26:55.608Z
notif-2860,in_app,in_app,RATE_LIMITED,rate_limited,2,FAILED,2026-04-30T12:07:55.608Z
notif-2861,email,nodemailer,INVALID_TEMPLATE,invalid_template,3,FAILED,2026-03-20T11:42:55.608Z
notif-2862,in_app,in_app,INVALID_TEMPLATE,invalid_template,5,DLQ,2026-03-21T08:29:55.608Z
notif-2863,in_app,in_app,RATE_LIMITED,rate_limited,5,FAILED,2026-04-26T09:01:55.608Z
notif-2864,in_app,in_app,DND_BLOCKED,dnd_blocked,4,DLQ,2026-06-08T12:54:55.608Z
notif-2865,in_app,in_app,INVALID_TEMPLATE,invalid_template,4,FAILED,2026-06-13T13:33:55.608Z
notif-2866,whatsapp,whatsapp_cloud,NETWORK_ERROR,network_error,2,DLQ,2026-05-06T08:13:55.608Z
notif-2867,sms,msg91,EXPIRED_TOKEN,expired_token,1,DLQ,2026-06-02T13:14:55.608Z
notif-2868,sms,msg91,NETWORK_ERROR,network_error,2,FAILED,2026-04-02T19:09:55.608Z
notif-2869,sms,twilio,INVALID_RECIPIENT,invalid_recipient,1,FAILED,2026-04-13T10:52:55.608Z
notif-2870,in_app,in_app,NETWORK_ERROR,network_error,5,FAILED,2026-03-24T19:09:55.608Z
notif-2871,email,nodemailer,INVALID_TEMPLATE,invalid_template,4,FAILED,2026-05-06T11:32:55.608Z
notif-2872,email,nodemailer,NETWORK_ERROR,network_error,4,FAILED,2026-05-29T13:51:55.608Z
notif-2873,push,fcm,EXPIRED_TOKEN,expired_token,5,FAILED,2026-04-26T11:30:55.608Z
notif-2874,in_app,in_app,EXPIRED_TOKEN,expired_token,2,FAILED,2026-04-14T11:47:55.608Z
notif-2875,push,fcm,EXPIRED_TOKEN,expired_token,4,FAILED,2026-04-15T11:24:55.608Z
notif-2876,sms,msg91,PROVIDER_TIMEOUT,provider_timeout,5,FAILED,2026-04-22T19:09:55.608Z
notif-2877,whatsapp,whatsapp_cloud,NETWORK_ERROR,network_error,3,FAILED,2026-04-21T08:07:55.608Z
notif-2878,push,fcm,EXPIRED_TOKEN,expired_token,5,FAILED,2026-04-28T19:09:55.608Z
notif-2879,email,nodemailer,RATE_LIMITED,rate_limited,1,FAILED,2026-05-17T13:11:55.608Z
notif-2880,in_app,in_app,EXPIRED_TOKEN,expired_token,1,FAILED,2026-04-14T10:31:55.608Z
notif-2881,in_app,in_app,NETWORK_ERROR,network_error,3,DLQ,2026-05-17T10:22:55.608Z
notif-2882,email,nodemailer,RATE_LIMITED,rate_limited,4,FAILED,2026-04-11T19:09:55.608Z
notif-2883,email,nodemailer,EXPIRED_TOKEN,expired_token,3,DLQ,2026-04-12T12:57:55.608Z
notif-2884,in_app,in_app,NETWORK_ERROR,network_error,3,FAILED,2026-05-01T10:27:55.608Z
notif-2885,email,nodemailer,INVALID_TEMPLATE,invalid_template,2,DLQ,2026-05-28T08:29:55.608Z
notif-2886,sms,twilio,RATE_LIMITED,rate_limited,4,FAILED,2026-06-06T10:43:55.608Z
notif-2887,email,nodemailer,RATE_LIMITED,rate_limited,1,FAILED,2026-04-08T19:09:55.608Z
notif-2888,push,fcm,NETWORK_ERROR,network_error,4,FAILED,2026-05-03T11:31:55.608Z
notif-2889,whatsapp,whatsapp_cloud,NETWORK_ERROR,network_error,3,DLQ,2026-05-31T10:00:55.608Z
notif-2890,sms,msg91,PROVIDER_TIMEOUT,provider_timeout,5,FAILED,2026-06-11T09:19:55.608Z
notif-2891,sms,twilio,RATE_LIMITED,rate_limited,3,FAILED,2026-04-09T11:15:55.608Z
notif-2892,sms,twilio,INVALID_TEMPLATE,invalid_template,4,FAILED,2026-04-24T11:36:55.608Z
notif-2893,email,nodemailer,INVALID_TEMPLATE,invalid_template,1,FAILED,2026-06-06T09:26:55.608Z
notif-2894,in_app,in_app,INVALID_RECIPIENT,invalid_recipient,1,FAILED,2026-05-20T19:09:55.608Z
notif-2895,push,fcm,DND_BLOCKED,dnd_blocked,3,DLQ,2026-04-05T13:29:55.608Z
notif-2896,whatsapp,whatsapp_cloud,INVALID_TEMPLATE,invalid_template,1,DLQ,2026-05-02T12:41:55.608Z
notif-2897,email,nodemailer,INVALID_TEMPLATE,invalid_template,2,FAILED,2026-06-15T13:28:55.608Z
notif-2898,sms,twilio,INVALID_RECIPIENT,invalid_recipient,5,DLQ,2026-04-18T13:45:55.608Z
notif-2899,whatsapp,whatsapp_cloud,NETWORK_ERROR,network_error,4,FAILED,2026-05-17T09:00:55.608Z
notif-2900,sms,twilio,INVALID_RECIPIENT,invalid_recipient,5,FAILED,2026-04-10T10:43:55.608Z
notif-2901,whatsapp,whatsapp_cloud,PROVIDER_TIMEOUT,provider_timeout,4,FAILED,2026-04-07T19:09:55.608Z
notif-2902,push,fcm,RATE_LIMITED,rate_limited,5,FAILED,2026-06-09T11:07:55.608Z
notif-2903,sms,msg91,PROVIDER_TIMEOUT,provider_timeout,1,FAILED,2026-06-10T19:09:55.608Z
notif-2904,sms,msg91,NETWORK_ERROR,network_error,1,DLQ,2026-05-17T11:47:55.608Z
notif-2905,push,fcm,NETWORK_ERROR,network_error,1,FAILED,2026-05-07T08:28:55.608Z
notif-2906,in_app,in_app,RATE_LIMITED,rate_limited,3,DLQ,2026-06-02T12:24:55.608Z
notif-2907,email,nodemailer,INVALID_TEMPLATE,invalid_template,3,FAILED,2026-06-09T19:09:55.608Z
notif-2908,whatsapp,whatsapp_cloud,INVALID_TEMPLATE,invalid_template,5,FAILED,2026-03-19T09:44:55.608Z
notif-2909,push,fcm,PROVIDER_TIMEOUT,provider_timeout,5,FAILED,2026-04-17T08:12:55.608Z
notif-2910,whatsapp,whatsapp_cloud,DND_BLOCKED,dnd_blocked,2,DLQ,2026-04-08T08:46:55.608Z
notif-2911,email,nodemailer,INVALID_RECIPIENT,invalid_recipient,3,DLQ,2026-04-21T12:15:55.608Z
notif-2912,in_app,in_app,PROVIDER_TIMEOUT,provider_timeout,5,FAILED,2026-04-28T10:43:55.608Z
notif-2913,push,fcm,DND_BLOCKED,dnd_blocked,3,FAILED,2026-03-18T13:49:55.608Z
notif-2914,sms,msg91,EXPIRED_TOKEN,expired_token,2,FAILED,2026-04-20T11:40:55.608Z
notif-2915,whatsapp,whatsapp_cloud,PROVIDER_TIMEOUT,provider_timeout,5,DLQ,2026-04-22T13:34:55.608Z
notif-2916,whatsapp,whatsapp_cloud,PROVIDER_TIMEOUT,provider_timeout,1,FAILED,2026-06-12T19:09:55.608Z
notif-2917,whatsapp,whatsapp_cloud,INVALID_TEMPLATE,invalid_template,2,FAILED,2026-06-07T13:58:55.608Z
notif-2918,email,nodemailer,EXPIRED_TOKEN,expired_token,2,FAILED,2026-05-30T08:58:55.608Z
notif-2919,whatsapp,whatsapp_cloud,DND_BLOCKED,dnd_blocked,5,FAILED,2026-06-04T11:11:55.608Z
notif-2920,email,nodemailer,DND_BLOCKED,dnd_blocked,3,FAILED,2026-06-03T11:02:55.608Z
notif-2921,email,nodemailer,PROVIDER_TIMEOUT,provider_timeout,4,FAILED,2026-06-08T19:09:55.608Z
notif-2922,push,fcm,INVALID_TEMPLATE,invalid_template,5,FAILED,2026-05-12T11:11:55.608Z
notif-2923,in_app,in_app,DND_BLOCKED,dnd_blocked,2,FAILED,2026-04-07T09:33:55.608Z
notif-2924,sms,twilio,DND_BLOCKED,dnd_blocked,4,FAILED,2026-05-03T10:37:55.608Z
notif-2925,push,fcm,INVALID_RECIPIENT,invalid_recipient,4,FAILED,2026-05-21T19:09:55.608Z
notif-2926,whatsapp,whatsapp_cloud,RATE_LIMITED,rate_limited,5,FAILED,2026-03-26T10:44:55.608Z
notif-2927,whatsapp,whatsapp_cloud,INVALID_TEMPLATE,invalid_template,4,DLQ,2026-06-07T13:27:55.608Z
notif-2928,push,fcm,PROVIDER_TIMEOUT,provider_timeout,2,FAILED,2026-03-21T10:24:55.608Z
notif-2929,sms,twilio,INVALID_RECIPIENT,invalid_recipient,4,FAILED,2026-06-01T19:09:55.608Z
notif-2930,in_app,in_app,DND_BLOCKED,dnd_blocked,4,DLQ,2026-05-03T19:09:55.608Z
notif-2931,whatsapp,whatsapp_cloud,NETWORK_ERROR,network_error,1,DLQ,2026-05-11T11:01:55.608Z
notif-2932,email,nodemailer,EXPIRED_TOKEN,expired_token,4,FAILED,2026-05-25T13:15:55.608Z
notif-2933,email,nodemailer,NETWORK_ERROR,network_error,1,DLQ,2026-05-23T13:30:55.608Z
notif-2934,email,nodemailer,INVALID_RECIPIENT,invalid_recipient,1,DLQ,2026-06-12T09:56:55.608Z
notif-2935,sms,twilio,INVALID_TEMPLATE,invalid_template,3,FAILED,2026-04-25T11:46:55.608Z
notif-2936,push,fcm,DND_BLOCKED,dnd_blocked,2,DLQ,2026-03-19T10:41:55.608Z
notif-2937,in_app,in_app,NETWORK_ERROR,network_error,1,FAILED,2026-04-23T19:09:55.608Z
notif-2938,in_app,in_app,NETWORK_ERROR,network_error,4,FAILED,2026-06-09T12:33:55.608Z
notif-2939,in_app,in_app,EXPIRED_TOKEN,expired_token,1,DLQ,2026-05-11T08:24:55.608Z
notif-2940,sms,twilio,DND_BLOCKED,dnd_blocked,2,FAILED,2026-05-17T11:33:55.608Z
notif-2941,sms,twilio,PROVIDER_TIMEOUT,provider_timeout,1,FAILED,2026-05-24T11:55:55.608Z
notif-2942,email,nodemailer,INVALID_TEMPLATE,invalid_template,5,FAILED,2026-05-14T13:38:55.608Z
notif-2943,push,fcm,EXPIRED_TOKEN,expired_token,4,FAILED,2026-06-06T12:10:55.608Z
notif-2944,push,fcm,INVALID_TEMPLATE,invalid_template,2,FAILED,2026-05-21T11:24:55.608Z
notif-2945,sms,msg91,INVALID_TEMPLATE,invalid_template,2,FAILED,2026-06-05T10:21:55.608Z
notif-2946,sms,twilio,RATE_LIMITED,rate_limited,5,DLQ,2026-05-30T10:04:55.608Z
notif-2947,email,nodemailer,EXPIRED_TOKEN,expired_token,4,FAILED,2026-05-17T13:24:55.608Z
notif-2948,email,nodemailer,RATE_LIMITED,rate_limited,2,FAILED,2026-06-08T11:59:55.608Z
notif-2949,sms,msg91,RATE_LIMITED,rate_limited,5,FAILED,2026-05-28T13:58:55.608Z
notif-2950,push,fcm,EXPIRED_TOKEN,expired_token,4,FAILED,2026-04-04T11:48:55.608Z
notif-2951,whatsapp,whatsapp_cloud,RATE_LIMITED,rate_limited,2,FAILED,2026-06-09T08:25:55.608Z
notif-2952,whatsapp,whatsapp_cloud,PROVIDER_TIMEOUT,provider_timeout,4,DLQ,2026-05-27T19:09:55.608Z
notif-2953,sms,msg91,NETWORK_ERROR,network_error,2,FAILED,2026-04-04T13:07:55.608Z
notif-2954,whatsapp,whatsapp_cloud,DND_BLOCKED,dnd_blocked,2,FAILED,2026-04-09T12:18:55.608Z
notif-2955,in_app,in_app,INVALID_RECIPIENT,invalid_recipient,4,FAILED,2026-05-27T19:09:55.608Z
notif-2956,email,nodemailer,NETWORK_ERROR,network_error,2,FAILED,2026-03-25T13:29:55.608Z
notif-2957,email,nodemailer,NETWORK_ERROR,network_error,5,FAILED,2026-03-22T10:30:55.608Z
notif-2958,whatsapp,whatsapp_cloud,RATE_LIMITED,rate_limited,1,FAILED,2026-04-01T12:28:55.608Z
notif-2959,in_app,in_app,RATE_LIMITED,rate_limited,5,FAILED,2026-06-03T08:32:55.608Z
notif-2960,whatsapp,whatsapp_cloud,NETWORK_ERROR,network_error,1,FAILED,2026-03-27T09:42:55.608Z
notif-2961,email,nodemailer,EXPIRED_TOKEN,expired_token,2,FAILED,2026-05-09T09:06:55.608Z
notif-2962,sms,twilio,PROVIDER_TIMEOUT,provider_timeout,3,FAILED,2026-06-07T13:06:55.608Z
notif-2963,push,fcm,NETWORK_ERROR,network_error,1,FAILED,2026-03-24T13:45:55.608Z
notif-2964,sms,twilio,NETWORK_ERROR,network_error,1,DLQ,2026-06-08T11:10:55.608Z
notif-2965,sms,twilio,INVALID_RECIPIENT,invalid_recipient,1,FAILED,2026-04-16T13:08:55.608Z
notif-2966,in_app,in_app,INVALID_RECIPIENT,invalid_recipient,3,DLQ,2026-06-03T11:02:55.608Z
notif-2967,sms,msg91,NETWORK_ERROR,network_error,5,DLQ,2026-05-26T12:21:55.608Z
notif-2968,push,fcm,DND_BLOCKED,dnd_blocked,5,FAILED,2026-03-27T11:55:55.608Z
notif-2969,in_app,in_app,INVALID_RECIPIENT,invalid_recipient,5,DLQ,2026-04-20T12:48:55.608Z
notif-2970,email,nodemailer,PROVIDER_TIMEOUT,provider_timeout,1,DLQ,2026-04-20T11:06:55.608Z
notif-2971,email,nodemailer,PROVIDER_TIMEOUT,provider_timeout,5,DLQ,2026-04-23T19:09:55.608Z
notif-2972,email,nodemailer,DND_BLOCKED,dnd_blocked,5,FAILED,2026-06-10T12:58:55.608Z
notif-2973,in_app,in_app,INVALID_TEMPLATE,invalid_template,4,FAILED,2026-05-09T09:18:55.608Z
notif-2974,whatsapp,whatsapp_cloud,EXPIRED_TOKEN,expired_token,4,DLQ,2026-05-12T09:31:55.608Z
notif-2975,email,nodemailer,RATE_LIMITED,rate_limited,3,DLQ,2026-04-05T11:41:55.608Z
notif-2976,sms,twilio,RATE_LIMITED,rate_limited,4,FAILED,2026-04-21T13:21:55.608Z
notif-2977,whatsapp,whatsapp_cloud,EXPIRED_TOKEN,expired_token,4,FAILED,2026-04-26T10:06:55.608Z
notif-2978,sms,twilio,PROVIDER_TIMEOUT,provider_timeout,5,FAILED,2026-04-22T08:20:55.608Z
notif-2979,whatsapp,whatsapp_cloud,INVALID_RECIPIENT,invalid_recipient,5,FAILED,2026-05-27T12:01:55.608Z
notif-2980,push,fcm,EXPIRED_TOKEN,expired_token,3,FAILED,2026-03-27T13:14:55.608Z
notif-2981,push,fcm,INVALID_TEMPLATE,invalid_template,1,DLQ,2026-03-27T12:19:55.608Z
notif-2982,email,nodemailer,PROVIDER_TIMEOUT,provider_timeout,2,FAILED,2026-04-01T12:50:55.608Z
notif-2983,email,nodemailer,PROVIDER_TIMEOUT,provider_timeout,3,FAILED,2026-06-05T12:28:55.608Z
notif-2984,in_app,in_app,NETWORK_ERROR,network_error,1,FAILED,2026-04-30T13:53:55.608Z
notif-2985,whatsapp,whatsapp_cloud,INVALID_RECIPIENT,invalid_recipient,3,FAILED,2026-04-22T12:31:55.608Z
notif-2986,in_app,in_app,EXPIRED_TOKEN,expired_token,3,FAILED,2026-04-10T19:09:55.608Z
notif-2987,whatsapp,whatsapp_cloud,INVALID_TEMPLATE,invalid_template,2,FAILED,2026-05-29T19:09:55.608Z
notif-2988,whatsapp,whatsapp_cloud,EXPIRED_TOKEN,expired_token,1,DLQ,2026-03-23T10:50:55.608Z
notif-2989,whatsapp,whatsapp_cloud,EXPIRED_TOKEN,expired_token,3,DLQ,2026-05-02T10:16:55.608Z
notif-2990,in_app,in_app,EXPIRED_TOKEN,expired_token,4,DLQ,2026-04-29T13:45:55.608Z
notif-2991,sms,twilio,DND_BLOCKED,dnd_blocked,3,FAILED,2026-05-04T12:45:55.608Z
notif-2992,sms,msg91,INVALID_TEMPLATE,invalid_template,4,DLQ,2026-05-18T10:24:55.608Z
notif-2993,email,nodemailer,EXPIRED_TOKEN,expired_token,4,FAILED,2026-05-11T09:52:55.608Z
notif-2994,sms,msg91,INVALID_TEMPLATE,invalid_template,3,FAILED,2026-04-22T10:23:55.608Z
notif-2995,in_app,in_app,PROVIDER_TIMEOUT,provider_timeout,1,FAILED,2026-04-14T10:24:55.608Z
notif-2996,in_app,in_app,RATE_LIMITED,rate_limited,2,DLQ,2026-05-20T19:09:55.608Z
notif-2997,email,nodemailer,NETWORK_ERROR,network_error,1,FAILED,2026-03-29T09:11:55.608Z
notif-2998,push,fcm,EXPIRED_TOKEN,expired_token,4,FAILED,2026-04-07T19:09:55.608Z
notif-2999,in_app,in_app,PROVIDER_TIMEOUT,provider_timeout,4,DLQ,2026-03-18T08:32:55.608Z
notif-3000,email,nodemailer,NETWORK_ERROR,network_error,5,FAILED,2026-04-10T13:37:55.608Z
notif-3001,email,nodemailer,RATE_LIMITED,rate_limited,2,DLQ,2026-04-12T08:50:55.608Z
notif-3002,email,nodemailer,EXPIRED_TOKEN,expired_token,2,FAILED,2026-05-08T13:09:55.608Z
notif-3003,whatsapp,whatsapp_cloud,INVALID_RECIPIENT,invalid_recipient,1,FAILED,2026-05-12T08:04:55.608Z
notif-3004,in_app,in_app,EXPIRED_TOKEN,expired_token,5,FAILED,2026-06-13T12:07:55.608Z
notif-3005,email,nodemailer,EXPIRED_TOKEN,expired_token,1,FAILED,2026-04-25T13:47:55.608Z
notif-3006,in_app,in_app,RATE_LIMITED,rate_limited,5,FAILED,2026-04-15T11:13:55.608Z
notif-3007,whatsapp,whatsapp_cloud,DND_BLOCKED,dnd_blocked,2,FAILED,2026-06-13T09:19:55.608Z
notif-3008,email,nodemailer,EXPIRED_TOKEN,expired_token,5,FAILED,2026-06-06T10:35:55.608Z
notif-3009,sms,msg91,RATE_LIMITED,rate_limited,3,FAILED,2026-05-02T09:21:55.608Z
notif-3010,in_app,in_app,INVALID_TEMPLATE,invalid_template,5,FAILED,2026-05-08T09:55:55.608Z
notif-3011,push,fcm,DND_BLOCKED,dnd_blocked,3,FAILED,2026-05-08T09:14:55.608Z
notif-3012,email,nodemailer,INVALID_TEMPLATE,invalid_template,3,DLQ,2026-05-04T10:41:55.608Z
notif-3013,whatsapp,whatsapp_cloud,DND_BLOCKED,dnd_blocked,3,DLQ,2026-04-05T12:56:55.608Z
notif-3014,push,fcm,PROVIDER_TIMEOUT,provider_timeout,5,FAILED,2026-03-23T10:49:55.608Z
notif-3015,email,nodemailer,INVALID_RECIPIENT,invalid_recipient,5,FAILED,2026-03-25T11:46:55.608Z
notif-3016,email,nodemailer,PROVIDER_TIMEOUT,provider_timeout,3,FAILED,2026-06-12T11:34:55.608Z
notif-3017,whatsapp,whatsapp_cloud,INVALID_TEMPLATE,invalid_template,4,FAILED,2026-06-11T19:09:55.608Z
notif-3018,sms,msg91,NETWORK_ERROR,network_error,1,FAILED,2026-06-07T13:55:55.608Z
notif-3019,whatsapp,whatsapp_cloud,NETWORK_ERROR,network_error,2,FAILED,2026-04-03T13:44:55.608Z
notif-3020,in_app,in_app,INVALID_RECIPIENT,invalid_recipient,3,DLQ,2026-05-24T19:09:55.608Z
notif-3021,email,nodemailer,INVALID_TEMPLATE,invalid_template,2,DLQ,2026-05-04T09:16:55.608Z
notif-3022,push,fcm,NETWORK_ERROR,network_error,5,FAILED,2026-04-24T09:26:55.608Z
notif-3023,push,fcm,NETWORK_ERROR,network_error,4,DLQ,2026-04-18T10:21:55.608Z
notif-3024,in_app,in_app,PROVIDER_TIMEOUT,provider_timeout,2,DLQ,2026-05-26T10:21:55.608Z
notif-3025,email,nodemailer,DND_BLOCKED,dnd_blocked,5,FAILED,2026-05-20T10:23:55.608Z
notif-3026,sms,msg91,INVALID_TEMPLATE,invalid_template,2,FAILED,2026-05-09T13:34:55.608Z
notif-3027,whatsapp,whatsapp_cloud,PROVIDER_TIMEOUT,provider_timeout,2,FAILED,2026-06-15T10:30:55.608Z
notif-3028,in_app,in_app,PROVIDER_TIMEOUT,provider_timeout,1,FAILED,2026-06-10T08:11:55.608Z
notif-3029,email,nodemailer,INVALID_RECIPIENT,invalid_recipient,5,DLQ,2026-04-14T11:41:55.608Z
notif-3030,email,nodemailer,PROVIDER_TIMEOUT,provider_timeout,1,FAILED,2026-04-20T11:36:55.608Z
notif-3031,sms,twilio,PROVIDER_TIMEOUT,provider_timeout,5,FAILED,2026-05-04T11:37:55.608Z
notif-3032,in_app,in_app,EXPIRED_TOKEN,expired_token,5,FAILED,2026-04-03T10:18:55.608Z
notif-3033,email,nodemailer,INVALID_RECIPIENT,invalid_recipient,5,FAILED,2026-03-30T19:09:55.608Z
notif-3034,email,nodemailer,INVALID_TEMPLATE,invalid_template,5,FAILED,2026-05-18T19:09:55.608Z
notif-3035,in_app,in_app,NETWORK_ERROR,network_error,2,DLQ,2026-05-29T09:45:55.608Z
notif-3036,email,nodemailer,PROVIDER_TIMEOUT,provider_timeout,2,FAILED,2026-05-31T08:10:55.608Z
notif-3037,whatsapp,whatsapp_cloud,INVALID_RECIPIENT,invalid_recipient,5,FAILED,2026-06-09T08:40:55.608Z
notif-3038,whatsapp,whatsapp_cloud,DND_BLOCKED,dnd_blocked,3,FAILED,2026-06-10T13:21:55.608Z
notif-3039,email,nodemailer,EXPIRED_TOKEN,expired_token,1,FAILED,2026-03-28T12:31:55.608Z
notif-3040,in_app,in_app,INVALID_TEMPLATE,invalid_template,1,FAILED,2026-05-05T12:21:55.608Z
notif-3041,whatsapp,whatsapp_cloud,INVALID_RECIPIENT,invalid_recipient,3,DLQ,2026-03-24T10:42:55.608Z
notif-3042,in_app,in_app,INVALID_RECIPIENT,invalid_recipient,2,FAILED,2026-04-15T11:21:55.608Z
notif-3043,push,fcm,DND_BLOCKED,dnd_blocked,5,FAILED,2026-03-31T11:22:55.608Z
notif-3044,sms,msg91,DND_BLOCKED,dnd_blocked,2,FAILED,2026-04-02T11:56:55.608Z
notif-3045,push,fcm,PROVIDER_TIMEOUT,provider_timeout,3,FAILED,2026-04-16T09:56:55.608Z
notif-3046,email,nodemailer,NETWORK_ERROR,network_error,2,DLQ,2026-04-09T12:56:55.608Z
notif-3047,sms,msg91,INVALID_TEMPLATE,invalid_template,3,FAILED,2026-04-16T19:09:55.608Z
notif-3048,push,fcm,INVALID_RECIPIENT,invalid_recipient,4,DLQ,2026-05-17T12:34:55.608Z
notif-3049,push,fcm,PROVIDER_TIMEOUT,provider_timeout,2,FAILED,2026-04-18T13:20:55.608Z
notif-3050,sms,twilio,INVALID_TEMPLATE,invalid_template,3,FAILED,2026-05-13T19:09:55.608Z
notif-3051,in_app,in_app,INVALID_TEMPLATE,invalid_template,5,DLQ,2026-05-14T08:36:55.608Z
notif-3052,in_app,in_app,INVALID_TEMPLATE,invalid_template,2,DLQ,2026-05-08T19:09:55.608Z
notif-3053,sms,twilio,RATE_LIMITED,rate_limited,2,FAILED,2026-04-18T19:09:55.608Z
notif-3054,email,nodemailer,PROVIDER_TIMEOUT,provider_timeout,1,FAILED,2026-06-04T10:46:55.608Z
notif-3055,whatsapp,whatsapp_cloud,RATE_LIMITED,rate_limited,1,FAILED,2026-03-28T08:15:55.608Z
notif-3056,push,fcm,NETWORK_ERROR,network_error,4,FAILED,2026-05-25T08:23:55.608Z
notif-3057,in_app,in_app,INVALID_TEMPLATE,invalid_template,1,FAILED,2026-04-29T12:23:55.608Z
notif-3058,push,fcm,PROVIDER_TIMEOUT,provider_timeout,3,FAILED,2026-04-27T13:12:55.608Z
notif-3059,sms,twilio,PROVIDER_TIMEOUT,provider_timeout,1,FAILED,2026-06-15T11:58:55.608Z
notif-3060,push,fcm,PROVIDER_TIMEOUT,provider_timeout,5,DLQ,2026-05-15T12:27:55.608Z
notif-3061,sms,msg91,INVALID_TEMPLATE,invalid_template,1,DLQ,2026-05-25T12:41:55.608Z
notif-3062,push,fcm,PROVIDER_TIMEOUT,provider_timeout,3,FAILED,2026-04-01T13:06:55.608Z
notif-3063,push,fcm,DND_BLOCKED,dnd_blocked,2,DLQ,2026-05-14T19:09:55.608Z
notif-3064,push,fcm,PROVIDER_TIMEOUT,provider_timeout,2,DLQ,2026-04-07T11:36:55.608Z
notif-3065,whatsapp,whatsapp_cloud,INVALID_RECIPIENT,invalid_recipient,1,FAILED,2026-04-15T19:09:55.608Z
notif-3066,push,fcm,EXPIRED_TOKEN,expired_token,5,DLQ,2026-04-30T10:38:55.608Z
notif-3067,in_app,in_app,RATE_LIMITED,rate_limited,5,DLQ,2026-04-27T12:53:55.608Z
notif-3068,sms,msg91,RATE_LIMITED,rate_limited,3,FAILED,2026-03-24T11:42:55.608Z
notif-3069,push,fcm,RATE_LIMITED,rate_limited,1,FAILED,2026-04-24T09:53:55.608Z
notif-3070,in_app,in_app,RATE_LIMITED,rate_limited,4,FAILED,2026-06-02T10:14:55.608Z
notif-3071,whatsapp,whatsapp_cloud,INVALID_RECIPIENT,invalid_recipient,5,FAILED,2026-05-27T08:10:55.608Z
notif-3072,in_app,in_app,INVALID_TEMPLATE,invalid_template,5,FAILED,2026-04-22T11:03:55.608Z
notif-3073,email,nodemailer,EXPIRED_TOKEN,expired_token,3,FAILED,2026-03-26T09:17:55.608Z
notif-3074,push,fcm,NETWORK_ERROR,network_error,2,DLQ,2026-04-22T13:22:55.608Z
notif-3075,whatsapp,whatsapp_cloud,RATE_LIMITED,rate_limited,2,DLQ,2026-05-06T08:11:55.608Z
notif-3076,push,fcm,DND_BLOCKED,dnd_blocked,2,FAILED,2026-05-19T09:04:55.608Z
notif-3077,in_app,in_app,INVALID_TEMPLATE,invalid_template,1,DLQ,2026-05-08T10:43:55.608Z
notif-3078,in_app,in_app,RATE_LIMITED,rate_limited,2,FAILED,2026-04-26T13:40:55.608Z
notif-3079,push,fcm,EXPIRED_TOKEN,expired_token,4,DLQ,2026-05-14T19:09:55.608Z
notif-3080,whatsapp,whatsapp_cloud,INVALID_TEMPLATE,invalid_template,1,FAILED,2026-05-06T09:09:55.608Z
notif-3081,email,nodemailer,NETWORK_ERROR,network_error,4,FAILED,2026-05-18T08:39:55.608Z
notif-3082,push,fcm,RATE_LIMITED,rate_limited,4,FAILED,2026-06-11T13:56:55.608Z
notif-3083,email,nodemailer,EXPIRED_TOKEN,expired_token,1,FAILED,2026-05-29T12:07:55.608Z
notif-3084,push,fcm,RATE_LIMITED,rate_limited,1,FAILED,2026-04-12T11:02:55.608Z
notif-3085,in_app,in_app,NETWORK_ERROR,network_error,1,DLQ,2026-04-27T19:09:55.608Z
notif-3086,push,fcm,RATE_LIMITED,rate_limited,1,FAILED,2026-05-15T12:57:55.608Z
notif-3087,whatsapp,whatsapp_cloud,RATE_LIMITED,rate_limited,3,DLQ,2026-03-19T12:06:55.608Z
notif-3088,email,nodemailer,INVALID_TEMPLATE,invalid_template,2,FAILED,2026-05-10T08:21:55.608Z
notif-3089,email,nodemailer,EXPIRED_TOKEN,expired_token,3,FAILED,2026-06-08T10:36:55.608Z
notif-3090,email,nodemailer,INVALID_RECIPIENT,invalid_recipient,4,FAILED,2026-05-09T13:57:55.608Z
notif-3091,in_app,in_app,INVALID_TEMPLATE,invalid_template,3,FAILED,2026-05-27T11:29:55.608Z
notif-3092,in_app,in_app,DND_BLOCKED,dnd_blocked,4,FAILED,2026-05-11T13:43:55.608Z
notif-3093,email,nodemailer,DND_BLOCKED,dnd_blocked,4,FAILED,2026-03-19T08:37:55.608Z
notif-3094,email,nodemailer,RATE_LIMITED,rate_limited,4,FAILED,2026-05-14T08:24:55.608Z
notif-3095,whatsapp,whatsapp_cloud,INVALID_RECIPIENT,invalid_recipient,5,DLQ,2026-05-07T08:29:55.608Z
notif-3096,in_app,in_app,DND_BLOCKED,dnd_blocked,1,DLQ,2026-05-12T11:38:55.608Z
notif-3097,sms,msg91,RATE_LIMITED,rate_limited,5,FAILED,2026-05-25T09:58:55.608Z
notif-3098,in_app,in_app,RATE_LIMITED,rate_limited,5,DLQ,2026-03-23T13:10:55.608Z
notif-3099,sms,twilio,INVALID_RECIPIENT,invalid_recipient,3,FAILED,2026-04-23T09:33:55.608Z
notif-3100,email,nodemailer,INVALID_TEMPLATE,invalid_template,5,FAILED,2026-04-28T12:11:55.608Z
notif-3101,push,fcm,PROVIDER_TIMEOUT,provider_timeout,1,FAILED,2026-04-30T19:09:55.608Z
notif-3102,whatsapp,whatsapp_cloud,INVALID_RECIPIENT,invalid_recipient,4,FAILED,2026-04-07T09:05:55.608Z
notif-3103,in_app,in_app,PROVIDER_TIMEOUT,provider_timeout,4,FAILED,2026-04-19T12:22:55.608Z
notif-3104,email,nodemailer,INVALID_TEMPLATE,invalid_template,4,FAILED,2026-04-12T12:49:55.608Z
notif-3105,sms,msg91,NETWORK_ERROR,network_error,3,DLQ,2026-05-11T10:13:55.608Z
notif-3106,push,fcm,NETWORK_ERROR,network_error,5,FAILED,2026-05-30T11:25:55.608Z
notif-3107,whatsapp,whatsapp_cloud,RATE_LIMITED,rate_limited,5,FAILED,2026-03-20T19:09:55.608Z
notif-3108,push,fcm,INVALID_TEMPLATE,invalid_template,3,DLQ,2026-04-18T11:09:55.608Z
notif-3109,sms,msg91,EXPIRED_TOKEN,expired_token,1,DLQ,2026-04-03T08:33:55.608Z
notif-3110,push,fcm,INVALID_RECIPIENT,invalid_recipient,5,DLQ,2026-04-17T10:12:55.608Z
notif-3111,push,fcm,NETWORK_ERROR,network_error,1,DLQ,2026-06-14T09:06:55.608Z
notif-3112,whatsapp,whatsapp_cloud,EXPIRED_TOKEN,expired_token,5,FAILED,2026-06-01T08:40:55.608Z
notif-3113,in_app,in_app,DND_BLOCKED,dnd_blocked,2,FAILED,2026-05-16T10:47:55.608Z
notif-3114,push,fcm,NETWORK_ERROR,network_error,1,FAILED,2026-03-24T08:28:55.608Z
notif-3115,push,fcm,PROVIDER_TIMEOUT,provider_timeout,3,FAILED,2026-05-31T13:44:55.608Z
notif-3116,push,fcm,DND_BLOCKED,dnd_blocked,2,FAILED,2026-05-01T10:50:55.608Z
notif-3117,email,nodemailer,PROVIDER_TIMEOUT,provider_timeout,2,FAILED,2026-05-27T12:56:55.608Z
notif-3118,in_app,in_app,INVALID_TEMPLATE,invalid_template,2,FAILED,2026-03-27T19:09:55.608Z
notif-3119,email,nodemailer,EXPIRED_TOKEN,expired_token,4,FAILED,2026-06-08T10:46:55.608Z
notif-3120,push,fcm,PROVIDER_TIMEOUT,provider_timeout,3,FAILED,2026-03-23T09:43:55.608Z
notif-3121,push,fcm,INVALID_TEMPLATE,invalid_template,2,DLQ,2026-04-26T12:14:55.608Z
notif-3122,sms,msg91,INVALID_TEMPLATE,invalid_template,3,FAILED,2026-04-02T19:09:55.608Z
notif-3123,push,fcm,RATE_LIMITED,rate_limited,1,DLQ,2026-05-13T11:53:55.608Z
notif-3124,push,fcm,NETWORK_ERROR,network_error,3,FAILED,2026-04-05T11:30:55.608Z
notif-3125,email,nodemailer,INVALID_RECIPIENT,invalid_recipient,2,FAILED,2026-06-11T09:41:55.608Z
notif-3126,whatsapp,whatsapp_cloud,NETWORK_ERROR,network_error,5,FAILED,2026-06-14T08:22:55.608Z
notif-3127,email,nodemailer,RATE_LIMITED,rate_limited,2,DLQ,2026-04-01T10:08:55.609Z
notif-3128,in_app,in_app,INVALID_TEMPLATE,invalid_template,2,FAILED,2026-03-25T10:22:55.609Z
notif-3129,email,nodemailer,RATE_LIMITED,rate_limited,3,FAILED,2026-06-08T10:24:55.609Z
notif-3130,push,fcm,INVALID_TEMPLATE,invalid_template,2,FAILED,2026-06-14T10:36:55.609Z
notif-3131,in_app,in_app,NETWORK_ERROR,network_error,3,DLQ,2026-06-07T13:32:55.609Z
notif-3132,push,fcm,RATE_LIMITED,rate_limited,2,FAILED,2026-06-04T13:55:55.609Z
notif-3133,sms,msg91,RATE_LIMITED,rate_limited,1,FAILED,2026-05-10T13:30:55.609Z
notif-3134,sms,msg91,DND_BLOCKED,dnd_blocked,5,FAILED,2026-04-10T12:06:55.609Z
notif-3135,sms,twilio,INVALID_TEMPLATE,invalid_template,3,DLQ,2026-06-11T10:11:55.609Z
notif-3136,in_app,in_app,EXPIRED_TOKEN,expired_token,5,DLQ,2026-05-20T13:21:55.609Z
notif-3137,whatsapp,whatsapp_cloud,DND_BLOCKED,dnd_blocked,2,DLQ,2026-05-13T13:11:55.609Z
notif-3138,email,nodemailer,INVALID_TEMPLATE,invalid_template,5,FAILED,2026-03-18T11:08:55.609Z
notif-3139,push,fcm,INVALID_RECIPIENT,invalid_recipient,2,FAILED,2026-05-28T08:13:55.609Z
notif-3140,sms,twilio,PROVIDER_TIMEOUT,provider_timeout,2,DLQ,2026-05-29T10:50:55.609Z
notif-3141,push,fcm,PROVIDER_TIMEOUT,provider_timeout,2,DLQ,2026-05-04T08:24:55.609Z
notif-3142,in_app,in_app,INVALID_RECIPIENT,invalid_recipient,1,FAILED,2026-04-05T10:30:55.609Z
notif-3143,sms,twilio,NETWORK_ERROR,network_error,1,FAILED,2026-04-07T19:09:55.609Z
notif-3144,push,fcm,INVALID_RECIPIENT,invalid_recipient,2,DLQ,2026-05-25T09:05:55.609Z
notif-3145,in_app,in_app,NETWORK_ERROR,network_error,4,FAILED,2026-04-30T08:40:55.609Z
notif-3146,whatsapp,whatsapp_cloud,INVALID_TEMPLATE,invalid_template,2,FAILED,2026-03-25T09:10:55.609Z
notif-3147,sms,twilio,RATE_LIMITED,rate_limited,1,DLQ,2026-04-22T11:50:55.609Z
notif-3148,whatsapp,whatsapp_cloud,EXPIRED_TOKEN,expired_token,1,FAILED,2026-04-22T11:26:55.609Z
notif-3149,push,fcm,EXPIRED_TOKEN,expired_token,4,DLQ,2026-05-06T12:27:55.609Z
notif-3150,sms,msg91,INVALID_TEMPLATE,invalid_template,3,FAILED,2026-06-05T08:03:55.609Z
notif-3151,in_app,in_app,RATE_LIMITED,rate_limited,2,FAILED,2026-06-05T08:17:55.609Z
notif-3152,whatsapp,whatsapp_cloud,EXPIRED_TOKEN,expired_token,3,FAILED,2026-03-25T13:17:55.609Z
notif-3153,push,fcm,EXPIRED_TOKEN,expired_token,3,FAILED,2026-06-06T13:28:55.609Z
notif-3154,whatsapp,whatsapp_cloud,EXPIRED_TOKEN,expired_token,3,FAILED,2026-05-26T08:14:55.609Z
notif-3155,in_app,in_app,PROVIDER_TIMEOUT,provider_timeout,5,DLQ,2026-04-23T19:09:55.609Z
notif-3156,whatsapp,whatsapp_cloud,EXPIRED_TOKEN,expired_token,4,FAILED,2026-06-03T13:30:55.609Z
notif-3157,sms,twilio,INVALID_RECIPIENT,invalid_recipient,5,DLQ,2026-06-11T08:19:55.609Z
notif-3158,in_app,in_app,RATE_LIMITED,rate_limited,5,FAILED,2026-03-29T10:47:55.609Z
notif-3159,push,fcm,INVALID_RECIPIENT,invalid_recipient,2,FAILED,2026-03-28T10:41:55.609Z
notif-3160,in_app,in_app,INVALID_RECIPIENT,invalid_recipient,1,FAILED,2026-05-06T11:54:55.609Z
notif-3161,in_app,in_app,INVALID_TEMPLATE,invalid_template,4,DLQ,2026-06-12T10:41:55.609Z
notif-3162,email,nodemailer,INVALID_RECIPIENT,invalid_recipient,4,FAILED,2026-05-05T13:57:55.609Z
notif-3163,push,fcm,NETWORK_ERROR,network_error,5,DLQ,2026-03-25T11:35:55.609Z
notif-3164,push,fcm,INVALID_RECIPIENT,invalid_recipient,1,FAILED,2026-04-28T13:17:55.609Z
notif-3165,push,fcm,RATE_LIMITED,rate_limited,2,FAILED,2026-05-16T09:37:55.609Z
notif-3166,push,fcm,RATE_LIMITED,rate_limited,3,FAILED,2026-05-07T13:16:55.609Z
notif-3167,sms,msg91,NETWORK_ERROR,network_error,1,DLQ,2026-05-09T12:37:55.609Z
notif-3168,sms,twilio,EXPIRED_TOKEN,expired_token,1,DLQ,2026-04-08T13:05:55.609Z
notif-3169,whatsapp,whatsapp_cloud,INVALID_TEMPLATE,invalid_template,1,FAILED,2026-06-08T09:10:55.609Z
notif-3170,push,fcm,INVALID_RECIPIENT,invalid_recipient,1,FAILED,2026-04-08T13:45:55.609Z
notif-3171,sms,twilio,RATE_LIMITED,rate_limited,3,FAILED,2026-05-05T09:34:55.609Z
notif-3172,whatsapp,whatsapp_cloud,EXPIRED_TOKEN,expired_token,4,DLQ,2026-06-12T12:55:55.609Z
notif-3173,email,nodemailer,NETWORK_ERROR,network_error,5,DLQ,2026-05-01T09:44:55.609Z
notif-3174,push,fcm,RATE_LIMITED,rate_limited,3,FAILED,2026-06-03T11:34:55.609Z
notif-3175,sms,twilio,DND_BLOCKED,dnd_blocked,5,FAILED,2026-04-20T09:53:55.609Z
notif-3176,sms,twilio,NETWORK_ERROR,network_error,3,FAILED,2026-05-25T11:27:55.609Z
notif-3177,email,nodemailer,PROVIDER_TIMEOUT,provider_timeout,5,FAILED,2026-05-30T13:09:55.609Z
notif-3178,sms,msg91,EXPIRED_TOKEN,expired_token,4,FAILED,2026-04-19T19:09:55.609Z
notif-3179,email,nodemailer,EXPIRED_TOKEN,expired_token,5,FAILED,2026-06-09T11:13:55.609Z
notif-3180,email,nodemailer,EXPIRED_TOKEN,expired_token,1,FAILED,2026-05-13T10:34:55.609Z
notif-3181,in_app,in_app,RATE_LIMITED,rate_limited,1,DLQ,2026-05-30T11:16:55.609Z
notif-3182,email,nodemailer,PROVIDER_TIMEOUT,provider_timeout,2,FAILED,2026-03-20T19:09:55.609Z
notif-3183,in_app,in_app,DND_BLOCKED,dnd_blocked,2,FAILED,2026-05-23T13:14:55.609Z
notif-3184,push,fcm,INVALID_TEMPLATE,invalid_template,1,FAILED,2026-05-04T08:04:55.609Z
notif-3185,push,fcm,PROVIDER_TIMEOUT,provider_timeout,5,DLQ,2026-05-26T10:53:55.609Z
notif-3186,in_app,in_app,RATE_LIMITED,rate_limited,4,DLQ,2026-03-18T08:16:55.609Z
notif-3187,push,fcm,INVALID_RECIPIENT,invalid_recipient,4,FAILED,2026-06-11T10:11:55.609Z
notif-3188,whatsapp,whatsapp_cloud,PROVIDER_TIMEOUT,provider_timeout,1,FAILED,2026-04-13T12:09:55.609Z
notif-3189,sms,twilio,DND_BLOCKED,dnd_blocked,3,FAILED,2026-04-02T12:42:55.609Z
notif-3190,email,nodemailer,INVALID_RECIPIENT,invalid_recipient,4,FAILED,2026-04-16T12:37:55.609Z
notif-3191,email,nodemailer,PROVIDER_TIMEOUT,provider_timeout,2,FAILED,2026-06-08T10:59:55.609Z
notif-3192,sms,twilio,INVALID_RECIPIENT,invalid_recipient,4,DLQ,2026-03-27T19:09:55.609Z
notif-3193,email,nodemailer,INVALID_RECIPIENT,invalid_recipient,3,FAILED,2026-05-13T19:09:55.609Z
notif-3194,push,fcm,INVALID_RECIPIENT,invalid_recipient,2,DLQ,2026-05-10T10:52:55.609Z
notif-3195,in_app,in_app,RATE_LIMITED,rate_limited,3,DLQ,2026-03-31T11:34:55.609Z
notif-3196,in_app,in_app,INVALID_RECIPIENT,invalid_recipient,3,FAILED,2026-05-05T12:01:55.609Z
notif-3197,push,fcm,PROVIDER_TIMEOUT,provider_timeout,4,DLQ,2026-03-31T19:09:55.609Z
notif-3198,whatsapp,whatsapp_cloud,NETWORK_ERROR,network_error,1,FAILED,2026-05-16T11:15:55.609Z
notif-3199,sms,twilio,RATE_LIMITED,rate_limited,4,FAILED,2026-04-03T13:48:55.609Z
notif-3200,sms,twilio,RATE_LIMITED,rate_limited,2,DLQ,2026-06-01T13:26:55.609Z
notif-3201,in_app,in_app,INVALID_TEMPLATE,invalid_template,3,FAILED,2026-04-25T08:11:55.609Z
notif-3202,whatsapp,whatsapp_cloud,DND_BLOCKED,dnd_blocked,5,FAILED,2026-04-29T09:00:55.609Z
notif-3203,email,nodemailer,INVALID_TEMPLATE,invalid_template,2,FAILED,2026-05-09T08:17:55.609Z
notif-3204,sms,twilio,NETWORK_ERROR,network_error,1,FAILED,2026-05-05T08:53:55.609Z
notif-3205,push,fcm,NETWORK_ERROR,network_error,1,DLQ,2026-03-18T09:02:55.609Z
notif-3206,push,fcm,INVALID_TEMPLATE,invalid_template,4,FAILED,2026-05-03T19:09:55.609Z
notif-3207,in_app,in_app,RATE_LIMITED,rate_limited,5,FAILED,2026-05-11T19:09:55.609Z
notif-3208,push,fcm,EXPIRED_TOKEN,expired_token,4,DLQ,2026-03-23T19:09:55.609Z
notif-3209,sms,msg91,PROVIDER_TIMEOUT,provider_timeout,2,DLQ,2026-03-27T10:55:55.609Z
notif-3210,email,nodemailer,EXPIRED_TOKEN,expired_token,5,DLQ,2026-05-13T10:10:55.609Z
notif-3211,in_app,in_app,PROVIDER_TIMEOUT,provider_timeout,4,FAILED,2026-04-21T12:31:55.609Z
notif-3212,email,nodemailer,PROVIDER_TIMEOUT,provider_timeout,5,FAILED,2026-04-23T11:26:55.609Z
notif-3213,push,fcm,INVALID_RECIPIENT,invalid_recipient,5,DLQ,2026-04-20T12:13:55.609Z
notif-3214,whatsapp,whatsapp_cloud,NETWORK_ERROR,network_error,5,FAILED,2026-05-15T09:41:55.609Z
notif-3215,email,nodemailer,INVALID_RECIPIENT,invalid_recipient,5,DLQ,2026-04-19T09:29:55.609Z
notif-3216,whatsapp,whatsapp_cloud,PROVIDER_TIMEOUT,provider_timeout,4,DLQ,2026-04-21T12:44:55.609Z
notif-3217,email,nodemailer,DND_BLOCKED,dnd_blocked,4,FAILED,2026-03-19T11:19:55.609Z
notif-3218,in_app,in_app,DND_BLOCKED,dnd_blocked,5,FAILED,2026-06-11T09:59:55.609Z
notif-3219,sms,twilio,RATE_LIMITED,rate_limited,2,DLQ,2026-04-06T10:35:55.609Z
notif-3220,whatsapp,whatsapp_cloud,INVALID_TEMPLATE,invalid_template,5,FAILED,2026-03-22T12:00:55.609Z
notif-3221,in_app,in_app,RATE_LIMITED,rate_limited,5,DLQ,2026-03-19T08:46:55.609Z
notif-3222,email,nodemailer,RATE_LIMITED,rate_limited,1,DLQ,2026-03-25T08:00:55.609Z
notif-3223,push,fcm,INVALID_TEMPLATE,invalid_template,4,FAILED,2026-06-06T19:09:55.609Z
notif-3224,in_app,in_app,INVALID_RECIPIENT,invalid_recipient,2,FAILED,2026-03-23T11:13:55.609Z
notif-3225,push,fcm,INVALID_TEMPLATE,invalid_template,3,DLQ,2026-04-12T11:22:55.609Z
notif-3226,in_app,in_app,RATE_LIMITED,rate_limited,3,FAILED,2026-06-15T10:27:55.609Z
notif-3227,whatsapp,whatsapp_cloud,EXPIRED_TOKEN,expired_token,3,FAILED,2026-04-21T09:19:55.609Z
notif-3228,in_app,in_app,INVALID_RECIPIENT,invalid_recipient,5,FAILED,2026-04-08T19:09:55.609Z
notif-3229,sms,twilio,NETWORK_ERROR,network_error,3,FAILED,2026-06-02T11:35:55.609Z
notif-3230,whatsapp,whatsapp_cloud,PROVIDER_TIMEOUT,provider_timeout,2,FAILED,2026-04-07T13:25:55.609Z
notif-3231,whatsapp,whatsapp_cloud,RATE_LIMITED,rate_limited,3,FAILED,2026-05-01T13:45:55.609Z
notif-3232,email,nodemailer,DND_BLOCKED,dnd_blocked,5,FAILED,2026-04-13T11:57:55.609Z
notif-3233,whatsapp,whatsapp_cloud,DND_BLOCKED,dnd_blocked,1,FAILED,2026-04-09T11:10:55.609Z
notif-3234,whatsapp,whatsapp_cloud,RATE_LIMITED,rate_limited,2,FAILED,2026-03-28T12:03:55.609Z
notif-3235,whatsapp,whatsapp_cloud,EXPIRED_TOKEN,expired_token,1,FAILED,2026-04-23T13:39:55.609Z
notif-3236,sms,twilio,INVALID_RECIPIENT,invalid_recipient,2,FAILED,2026-04-13T08:21:55.609Z
notif-3237,push,fcm,INVALID_RECIPIENT,invalid_recipient,1,FAILED,2026-04-02T09:58:55.609Z
notif-3238,push,fcm,NETWORK_ERROR,network_error,1,DLQ,2026-05-05T13:30:55.609Z
notif-3239,whatsapp,whatsapp_cloud,NETWORK_ERROR,network_error,5,DLQ,2026-04-21T10:39:55.609Z
notif-3240,in_app,in_app,INVALID_RECIPIENT,invalid_recipient,1,FAILED,2026-04-30T10:11:55.609Z
notif-3241,email,nodemailer,PROVIDER_TIMEOUT,provider_timeout,1,DLQ,2026-04-14T08:33:55.609Z
notif-3242,push,fcm,DND_BLOCKED,dnd_blocked,3,FAILED,2026-06-12T08:19:55.609Z
notif-3243,sms,twilio,RATE_LIMITED,rate_limited,5,FAILED,2026-04-07T09:38:55.609Z
notif-3244,whatsapp,whatsapp_cloud,DND_BLOCKED,dnd_blocked,4,DLQ,2026-05-10T08:49:55.609Z
notif-3245,whatsapp,whatsapp_cloud,INVALID_RECIPIENT,invalid_recipient,2,DLQ,2026-06-03T10:22:55.609Z
notif-3246,email,nodemailer,INVALID_RECIPIENT,invalid_recipient,3,DLQ,2026-04-17T11:10:55.609Z
notif-3247,push,fcm,RATE_LIMITED,rate_limited,4,FAILED,2026-04-04T13:21:55.609Z
notif-3248,push,fcm,EXPIRED_TOKEN,expired_token,1,DLQ,2026-03-30T19:09:55.609Z
notif-3249,email,nodemailer,INVALID_RECIPIENT,invalid_recipient,3,FAILED,2026-04-30T10:31:55.609Z
notif-3250,sms,twilio,EXPIRED_TOKEN,expired_token,5,FAILED,2026-05-06T11:31:55.609Z
notif-3251,email,nodemailer,INVALID_RECIPIENT,invalid_recipient,1,DLQ,2026-03-28T09:45:55.609Z
notif-3252,email,nodemailer,INVALID_RECIPIENT,invalid_recipient,3,FAILED,2026-05-01T09:57:55.609Z
notif-3253,sms,twilio,RATE_LIMITED,rate_limited,3,FAILED,2026-04-25T13:59:55.609Z
notif-3254,email,nodemailer,NETWORK_ERROR,network_error,3,FAILED,2026-06-13T13:22:55.609Z
notif-3255,in_app,in_app,INVALID_TEMPLATE,invalid_template,1,FAILED,2026-04-24T11:28:55.609Z
notif-3256,email,nodemailer,PROVIDER_TIMEOUT,provider_timeout,3,DLQ,2026-05-13T09:15:55.609Z
notif-3257,whatsapp,whatsapp_cloud,NETWORK_ERROR,network_error,4,FAILED,2026-05-01T08:15:55.609Z
notif-3258,whatsapp,whatsapp_cloud,DND_BLOCKED,dnd_blocked,4,DLQ,2026-06-12T08:58:55.609Z
notif-3259,in_app,in_app,EXPIRED_TOKEN,expired_token,4,FAILED,2026-04-27T12:12:55.609Z
notif-3260,push,fcm,RATE_LIMITED,rate_limited,4,FAILED,2026-06-10T09:50:55.609Z
notif-3261,sms,twilio,INVALID_TEMPLATE,invalid_template,3,FAILED,2026-04-19T12:48:55.609Z
notif-3262,in_app,in_app,PROVIDER_TIMEOUT,provider_timeout,1,DLQ,2026-05-21T09:54:55.609Z
notif-3263,in_app,in_app,INVALID_TEMPLATE,invalid_template,5,DLQ,2026-06-05T12:16:55.609Z
notif-3264,email,nodemailer,RATE_LIMITED,rate_limited,5,FAILED,2026-04-22T08:32:55.609Z
notif-3265,email,nodemailer,PROVIDER_TIMEOUT,provider_timeout,2,FAILED,2026-05-25T08:58:55.609Z
notif-3266,in_app,in_app,RATE_LIMITED,rate_limited,3,FAILED,2026-03-22T11:09:55.609Z
notif-3267,whatsapp,whatsapp_cloud,NETWORK_ERROR,network_error,4,FAILED,2026-06-09T08:56:55.609Z
notif-3268,whatsapp,whatsapp_cloud,RATE_LIMITED,rate_limited,3,FAILED,2026-04-11T10:04:55.609Z
notif-3269,push,fcm,NETWORK_ERROR,network_error,3,DLQ,2026-05-14T12:35:55.609Z
notif-3270,push,fcm,NETWORK_ERROR,network_error,2,FAILED,2026-04-23T09:54:55.609Z
notif-3271,in_app,in_app,RATE_LIMITED,rate_limited,2,FAILED,2026-04-21T10:00:55.609Z
notif-3272,whatsapp,whatsapp_cloud,NETWORK_ERROR,network_error,4,FAILED,2026-04-29T19:09:55.609Z
notif-3273,whatsapp,whatsapp_cloud,PROVIDER_TIMEOUT,provider_timeout,3,DLQ,2026-03-19T19:09:55.609Z
notif-3274,push,fcm,DND_BLOCKED,dnd_blocked,5,DLQ,2026-05-29T19:09:55.609Z
notif-3275,email,nodemailer,RATE_LIMITED,rate_limited,3,DLQ,2026-03-18T09:11:55.609Z
notif-3276,in_app,in_app,DND_BLOCKED,dnd_blocked,3,FAILED,2026-03-26T11:53:55.609Z
notif-3277,whatsapp,whatsapp_cloud,EXPIRED_TOKEN,expired_token,4,FAILED,2026-04-09T11:18:55.609Z
notif-3278,email,nodemailer,PROVIDER_TIMEOUT,provider_timeout,1,DLQ,2026-06-15T08:42:55.609Z
notif-3279,sms,twilio,INVALID_RECIPIENT,invalid_recipient,5,FAILED,2026-03-31T11:33:55.609Z
notif-3280,email,nodemailer,INVALID_TEMPLATE,invalid_template,3,FAILED,2026-04-17T09:30:55.609Z
notif-3281,sms,twilio,NETWORK_ERROR,network_error,2,DLQ,2026-05-14T13:28:55.609Z
notif-3282,whatsapp,whatsapp_cloud,PROVIDER_TIMEOUT,provider_timeout,3,FAILED,2026-05-01T12:56:55.609Z
notif-3283,sms,twilio,INVALID_RECIPIENT,invalid_recipient,5,FAILED,2026-06-04T11:50:55.609Z
notif-3284,whatsapp,whatsapp_cloud,INVALID_RECIPIENT,invalid_recipient,1,FAILED,2026-04-26T12:24:55.609Z
notif-3285,push,fcm,NETWORK_ERROR,network_error,5,FAILED,2026-05-28T19:09:55.609Z
notif-3286,in_app,in_app,NETWORK_ERROR,network_error,2,DLQ,2026-04-21T10:19:55.609Z
notif-3287,whatsapp,whatsapp_cloud,NETWORK_ERROR,network_error,3,FAILED,2026-04-05T08:36:55.609Z
notif-3288,email,nodemailer,PROVIDER_TIMEOUT,provider_timeout,3,FAILED,2026-04-15T12:58:55.609Z
notif-3289,email,nodemailer,DND_BLOCKED,dnd_blocked,5,FAILED,2026-03-23T08:20:55.609Z
notif-3290,whatsapp,whatsapp_cloud,RATE_LIMITED,rate_limited,5,FAILED,2026-06-10T12:57:55.609Z
notif-3291,email,nodemailer,DND_BLOCKED,dnd_blocked,2,FAILED,2026-05-08T08:33:55.609Z
notif-3292,sms,msg91,PROVIDER_TIMEOUT,provider_timeout,2,DLQ,2026-05-13T10:47:55.609Z
notif-3293,whatsapp,whatsapp_cloud,EXPIRED_TOKEN,expired_token,5,FAILED,2026-06-06T09:25:55.609Z
notif-3294,whatsapp,whatsapp_cloud,DND_BLOCKED,dnd_blocked,5,FAILED,2026-05-14T09:03:55.609Z
notif-3295,in_app,in_app,EXPIRED_TOKEN,expired_token,5,FAILED,2026-03-26T19:09:55.609Z
notif-3296,in_app,in_app,PROVIDER_TIMEOUT,provider_timeout,5,FAILED,2026-06-11T19:09:55.609Z
notif-3297,sms,msg91,PROVIDER_TIMEOUT,provider_timeout,3,FAILED,2026-05-01T12:15:55.609Z
notif-3298,sms,twilio,EXPIRED_TOKEN,expired_token,5,FAILED,2026-04-02T13:51:55.609Z
notif-3299,email,nodemailer,RATE_LIMITED,rate_limited,3,DLQ,2026-03-18T08:43:55.609Z
notif-3300,sms,twilio,INVALID_TEMPLATE,invalid_template,5,DLQ,2026-05-28T12:00:55.609Z
notif-3301,sms,twilio,NETWORK_ERROR,network_error,4,DLQ,2026-06-15T13:02:55.609Z
notif-3302,email,nodemailer,INVALID_TEMPLATE,invalid_template,5,FAILED,2026-04-06T13:49:55.609Z
notif-3303,push,fcm,INVALID_TEMPLATE,invalid_template,4,FAILED,2026-05-26T08:44:55.609Z
notif-3304,whatsapp,whatsapp_cloud,INVALID_RECIPIENT,invalid_recipient,2,FAILED,2026-04-14T12:19:55.609Z
notif-3305,push,fcm,EXPIRED_TOKEN,expired_token,4,FAILED,2026-03-22T11:31:55.609Z
notif-3306,in_app,in_app,INVALID_RECIPIENT,invalid_recipient,5,DLQ,2026-06-10T09:15:55.609Z
notif-3307,sms,twilio,INVALID_RECIPIENT,invalid_recipient,2,FAILED,2026-04-04T09:48:55.609Z
notif-3308,sms,msg91,INVALID_RECIPIENT,invalid_recipient,3,FAILED,2026-05-16T12:46:55.609Z
notif-3309,in_app,in_app,PROVIDER_TIMEOUT,provider_timeout,4,FAILED,2026-03-27T09:15:55.609Z
notif-3310,whatsapp,whatsapp_cloud,DND_BLOCKED,dnd_blocked,5,FAILED,2026-06-01T11:08:55.609Z
notif-3311,sms,twilio,PROVIDER_TIMEOUT,provider_timeout,5,FAILED,2026-04-12T13:13:55.609Z
notif-3312,push,fcm,PROVIDER_TIMEOUT,provider_timeout,3,FAILED,2026-05-24T08:33:55.609Z
notif-3313,email,nodemailer,DND_BLOCKED,dnd_blocked,3,FAILED,2026-06-15T10:55:55.609Z
notif-3314,sms,twilio,INVALID_TEMPLATE,invalid_template,3,DLQ,2026-03-22T19:09:55.609Z
notif-3315,sms,twilio,NETWORK_ERROR,network_error,4,FAILED,2026-06-09T19:09:55.609Z
notif-3316,in_app,in_app,EXPIRED_TOKEN,expired_token,4,DLQ,2026-06-13T13:43:55.609Z
notif-3317,email,nodemailer,INVALID_RECIPIENT,invalid_recipient,2,FAILED,2026-04-19T19:09:55.609Z
notif-3318,sms,twilio,EXPIRED_TOKEN,expired_token,3,FAILED,2026-06-05T09:31:55.609Z
notif-3319,sms,msg91,INVALID_RECIPIENT,invalid_recipient,5,FAILED,2026-05-28T10:19:55.609Z
notif-3320,email,nodemailer,DND_BLOCKED,dnd_blocked,1,DLQ,2026-04-02T19:09:55.609Z
notif-3321,sms,msg91,INVALID_TEMPLATE,invalid_template,1,DLQ,2026-04-22T10:10:55.609Z
notif-3322,email,nodemailer,EXPIRED_TOKEN,expired_token,2,FAILED,2026-04-30T10:08:55.609Z
notif-3323,in_app,in_app,PROVIDER_TIMEOUT,provider_timeout,1,FAILED,2026-05-23T10:26:55.609Z
notif-3324,in_app,in_app,DND_BLOCKED,dnd_blocked,3,DLQ,2026-04-22T13:54:55.609Z
notif-3325,in_app,in_app,NETWORK_ERROR,network_error,4,DLQ,2026-06-05T10:42:55.609Z
notif-3326,whatsapp,whatsapp_cloud,NETWORK_ERROR,network_error,4,DLQ,2026-03-28T09:14:55.609Z
notif-3327,sms,msg91,EXPIRED_TOKEN,expired_token,1,FAILED,2026-05-17T08:48:55.609Z
notif-3328,sms,twilio,INVALID_RECIPIENT,invalid_recipient,5,FAILED,2026-05-16T12:56:55.609Z
notif-3329,push,fcm,EXPIRED_TOKEN,expired_token,2,FAILED,2026-03-20T08:16:55.609Z
notif-3330,whatsapp,whatsapp_cloud,INVALID_RECIPIENT,invalid_recipient,2,DLQ,2026-04-02T10:52:55.609Z
notif-3331,whatsapp,whatsapp_cloud,DND_BLOCKED,dnd_blocked,1,FAILED,2026-04-08T19:09:55.609Z
notif-3332,email,nodemailer,DND_BLOCKED,dnd_blocked,1,DLQ,2026-04-04T08:29:55.609Z
notif-3333,whatsapp,whatsapp_cloud,EXPIRED_TOKEN,expired_token,1,FAILED,2026-04-26T09:11:55.609Z
notif-3334,whatsapp,whatsapp_cloud,INVALID_TEMPLATE,invalid_template,4,FAILED,2026-04-29T11:57:55.609Z
notif-3335,email,nodemailer,INVALID_TEMPLATE,invalid_template,4,FAILED,2026-05-07T08:15:55.609Z
notif-3336,in_app,in_app,EXPIRED_TOKEN,expired_token,1,FAILED,2026-05-27T09:23:55.609Z
notif-3337,whatsapp,whatsapp_cloud,EXPIRED_TOKEN,expired_token,1,FAILED,2026-03-27T09:32:55.609Z
notif-3338,sms,msg91,RATE_LIMITED,rate_limited,3,FAILED,2026-05-28T09:38:55.609Z
notif-3339,whatsapp,whatsapp_cloud,RATE_LIMITED,rate_limited,1,FAILED,2026-05-31T08:11:55.609Z
notif-3340,push,fcm,NETWORK_ERROR,network_error,1,FAILED,2026-05-27T11:27:55.609Z
notif-3341,sms,twilio,RATE_LIMITED,rate_limited,2,FAILED,2026-06-06T08:41:55.609Z
notif-3342,email,nodemailer,DND_BLOCKED,dnd_blocked,3,FAILED,2026-04-12T10:30:55.609Z
notif-3343,whatsapp,whatsapp_cloud,NETWORK_ERROR,network_error,1,DLQ,2026-05-30T13:34:55.609Z
notif-3344,push,fcm,INVALID_RECIPIENT,invalid_recipient,1,FAILED,2026-04-09T10:09:55.609Z
notif-3345,in_app,in_app,PROVIDER_TIMEOUT,provider_timeout,3,FAILED,2026-03-18T11:56:55.609Z
notif-3346,in_app,in_app,EXPIRED_TOKEN,expired_token,2,FAILED,2026-03-22T08:43:55.609Z
notif-3347,sms,twilio,DND_BLOCKED,dnd_blocked,4,DLQ,2026-05-03T12:18:55.609Z
notif-3348,push,fcm,DND_BLOCKED,dnd_blocked,4,FAILED,2026-04-27T12:26:55.609Z
notif-3349,in_app,in_app,INVALID_RECIPIENT,invalid_recipient,1,FAILED,2026-04-02T13:31:55.609Z
notif-3350,whatsapp,whatsapp_cloud,PROVIDER_TIMEOUT,provider_timeout,2,FAILED,2026-03-22T09:11:55.609Z
notif-3351,push,fcm,NETWORK_ERROR,network_error,5,FAILED,2026-05-18T19:09:55.609Z
notif-3352,sms,msg91,PROVIDER_TIMEOUT,provider_timeout,3,FAILED,2026-05-29T10:42:55.609Z
notif-3353,whatsapp,whatsapp_cloud,RATE_LIMITED,rate_limited,5,DLQ,2026-04-07T12:36:55.609Z
notif-3354,sms,twilio,INVALID_RECIPIENT,invalid_recipient,4,DLQ,2026-05-15T11:56:55.609Z
notif-3355,in_app,in_app,NETWORK_ERROR,network_error,1,FAILED,2026-04-17T12:41:55.609Z
notif-3356,email,nodemailer,EXPIRED_TOKEN,expired_token,4,FAILED,2026-03-26T13:20:55.609Z
notif-3357,in_app,in_app,RATE_LIMITED,rate_limited,5,FAILED,2026-05-06T10:45:55.609Z
notif-3358,push,fcm,PROVIDER_TIMEOUT,provider_timeout,1,DLQ,2026-06-15T13:25:55.609Z
notif-3359,whatsapp,whatsapp_cloud,INVALID_RECIPIENT,invalid_recipient,2,FAILED,2026-04-12T13:28:55.609Z
notif-3360,whatsapp,whatsapp_cloud,NETWORK_ERROR,network_error,4,DLQ,2026-05-31T10:20:55.609Z
notif-3361,email,nodemailer,INVALID_TEMPLATE,invalid_template,4,FAILED,2026-06-09T11:47:55.609Z
notif-3362,in_app,in_app,NETWORK_ERROR,network_error,1,DLQ,2026-04-06T08:02:55.609Z
notif-3363,push,fcm,NETWORK_ERROR,network_error,3,FAILED,2026-05-09T11:57:55.609Z
notif-3364,push,fcm,PROVIDER_TIMEOUT,provider_timeout,3,FAILED,2026-03-26T11:36:55.609Z
notif-3365,whatsapp,whatsapp_cloud,NETWORK_ERROR,network_error,1,FAILED,2026-06-12T13:51:55.609Z
notif-3366,push,fcm,NETWORK_ERROR,network_error,4,FAILED,2026-05-06T12:59:55.609Z
notif-3367,email,nodemailer,RATE_LIMITED,rate_limited,3,FAILED,2026-04-29T19:09:55.609Z
notif-3368,push,fcm,NETWORK_ERROR,network_error,2,FAILED,2026-05-14T12:30:55.609Z
notif-3369,sms,msg91,INVALID_RECIPIENT,invalid_recipient,4,FAILED,2026-04-15T10:57:55.609Z
notif-3370,in_app,in_app,DND_BLOCKED,dnd_blocked,3,FAILED,2026-05-08T10:13:55.609Z
notif-3371,whatsapp,whatsapp_cloud,INVALID_TEMPLATE,invalid_template,4,FAILED,2026-04-02T11:20:55.609Z
notif-3372,in_app,in_app,INVALID_RECIPIENT,invalid_recipient,3,FAILED,2026-05-04T19:09:55.609Z
notif-3373,email,nodemailer,INVALID_TEMPLATE,invalid_template,4,DLQ,2026-04-14T09:04:55.609Z
notif-3374,email,nodemailer,DND_BLOCKED,dnd_blocked,2,FAILED,2026-03-20T08:09:55.609Z
notif-3375,in_app,in_app,RATE_LIMITED,rate_limited,5,FAILED,2026-05-26T12:23:55.609Z
notif-3376,in_app,in_app,DND_BLOCKED,dnd_blocked,2,FAILED,2026-05-28T19:09:55.609Z
notif-3377,email,nodemailer,PROVIDER_TIMEOUT,provider_timeout,3,FAILED,2026-04-07T13:52:55.609Z
notif-3378,email,nodemailer,DND_BLOCKED,dnd_blocked,3,FAILED,2026-04-22T11:37:55.609Z
notif-3379,push,fcm,RATE_LIMITED,rate_limited,2,DLQ,2026-04-28T19:09:55.609Z
notif-3380,email,nodemailer,DND_BLOCKED,dnd_blocked,4,FAILED,2026-06-10T19:09:55.609Z
notif-3381,in_app,in_app,RATE_LIMITED,rate_limited,1,FAILED,2026-05-12T10:10:55.609Z
notif-3382,sms,msg91,EXPIRED_TOKEN,expired_token,2,FAILED,2026-06-09T12:55:55.609Z
notif-3383,push,fcm,NETWORK_ERROR,network_error,1,FAILED,2026-05-27T11:58:55.609Z
notif-3384,in_app,in_app,RATE_LIMITED,rate_limited,4,DLQ,2026-04-01T09:39:55.609Z
notif-3385,email,nodemailer,DND_BLOCKED,dnd_blocked,1,FAILED,2026-06-12T10:31:55.609Z
notif-3386,in_app,in_app,RATE_LIMITED,rate_limited,1,FAILED,2026-06-04T13:37:55.609Z
notif-3387,push,fcm,NETWORK_ERROR,network_error,2,FAILED,2026-06-11T11:30:55.609Z
notif-3388,in_app,in_app,PROVIDER_TIMEOUT,provider_timeout,3,FAILED,2026-06-14T12:46:55.609Z
notif-3389,whatsapp,whatsapp_cloud,EXPIRED_TOKEN,expired_token,3,FAILED,2026-06-09T12:26:55.609Z
notif-3390,sms,twilio,PROVIDER_TIMEOUT,provider_timeout,1,FAILED,2026-05-23T09:56:55.609Z
notif-3391,push,fcm,RATE_LIMITED,rate_limited,5,FAILED,2026-04-30T11:00:55.609Z
notif-3392,email,nodemailer,NETWORK_ERROR,network_error,2,DLQ,2026-05-28T08:12:55.609Z
notif-3393,sms,msg91,NETWORK_ERROR,network_error,4,DLQ,2026-04-21T10:47:55.609Z
notif-3394,sms,twilio,PROVIDER_TIMEOUT,provider_timeout,5,FAILED,2026-03-26T09:17:55.609Z
notif-3395,push,fcm,EXPIRED_TOKEN,expired_token,5,FAILED,2026-04-06T11:02:55.609Z
notif-3396,sms,twilio,NETWORK_ERROR,network_error,5,FAILED,2026-03-24T09:09:55.609Z
notif-3397,email,nodemailer,NETWORK_ERROR,network_error,3,FAILED,2026-04-08T12:03:55.609Z
notif-3398,email,nodemailer,RATE_LIMITED,rate_limited,1,DLQ,2026-06-05T11:50:55.609Z
notif-3399,sms,msg91,NETWORK_ERROR,network_error,4,DLQ,2026-05-29T09:46:55.609Z
notif-3400,sms,twilio,INVALID_RECIPIENT,invalid_recipient,1,FAILED,2026-04-29T09:15:55.609Z
notif-3401,email,nodemailer,INVALID_TEMPLATE,invalid_template,1,FAILED,2026-05-24T11:29:55.609Z
notif-3402,sms,twilio,INVALID_TEMPLATE,invalid_template,1,FAILED,2026-03-26T12:10:55.609Z
notif-3403,whatsapp,whatsapp_cloud,RATE_LIMITED,rate_limited,4,DLQ,2026-05-16T09:33:55.609Z
notif-3404,sms,twilio,NETWORK_ERROR,network_error,2,FAILED,2026-04-24T12:27:55.609Z
notif-3405,sms,twilio,PROVIDER_TIMEOUT,provider_timeout,1,FAILED,2026-05-07T09:49:55.609Z
notif-3406,push,fcm,EXPIRED_TOKEN,expired_token,2,FAILED,2026-05-20T19:09:55.609Z
notif-3407,in_app,in_app,EXPIRED_TOKEN,expired_token,3,FAILED,2026-05-08T19:09:55.609Z
notif-3408,in_app,in_app,EXPIRED_TOKEN,expired_token,2,DLQ,2026-05-26T13:04:55.609Z
notif-3409,sms,msg91,PROVIDER_TIMEOUT,provider_timeout,4,FAILED,2026-03-28T13:17:55.609Z
notif-3410,whatsapp,whatsapp_cloud,DND_BLOCKED,dnd_blocked,5,FAILED,2026-05-28T19:09:55.609Z
notif-3411,push,fcm,INVALID_TEMPLATE,invalid_template,3,DLQ,2026-03-30T08:08:55.609Z
notif-3412,in_app,in_app,INVALID_TEMPLATE,invalid_template,4,FAILED,2026-04-18T09:35:55.609Z
notif-3413,whatsapp,whatsapp_cloud,NETWORK_ERROR,network_error,3,DLQ,2026-03-18T13:28:55.609Z
notif-3414,in_app,in_app,PROVIDER_TIMEOUT,provider_timeout,2,DLQ,2026-05-15T12:14:55.609Z
notif-3415,push,fcm,RATE_LIMITED,rate_limited,3,DLQ,2026-03-23T09:55:55.609Z
notif-3416,whatsapp,whatsapp_cloud,RATE_LIMITED,rate_limited,3,DLQ,2026-04-24T08:33:55.609Z
notif-3417,email,nodemailer,PROVIDER_TIMEOUT,provider_timeout,2,DLQ,2026-06-15T12:23:55.609Z
notif-3418,push,fcm,RATE_LIMITED,rate_limited,2,FAILED,2026-04-17T10:39:55.609Z
notif-3419,whatsapp,whatsapp_cloud,DND_BLOCKED,dnd_blocked,1,FAILED,2026-06-11T08:35:55.609Z
notif-3420,sms,twilio,EXPIRED_TOKEN,expired_token,1,FAILED,2026-06-10T11:03:55.609Z
notif-3421,email,nodemailer,EXPIRED_TOKEN,expired_token,1,FAILED,2026-05-13T12:32:55.609Z
notif-3422,sms,twilio,DND_BLOCKED,dnd_blocked,5,FAILED,2026-05-25T12:15:55.609Z
notif-3423,sms,msg91,NETWORK_ERROR,network_error,5,FAILED,2026-04-27T13:38:55.609Z
notif-3424,in_app,in_app,INVALID_RECIPIENT,invalid_recipient,5,FAILED,2026-06-05T11:32:55.609Z
notif-3425,in_app,in_app,RATE_LIMITED,rate_limited,5,FAILED,2026-04-12T19:09:55.609Z
notif-3426,whatsapp,whatsapp_cloud,RATE_LIMITED,rate_limited,3,FAILED,2026-06-03T13:59:55.609Z
notif-3427,in_app,in_app,INVALID_RECIPIENT,invalid_recipient,1,FAILED,2026-05-16T09:39:55.609Z
notif-3428,in_app,in_app,PROVIDER_TIMEOUT,provider_timeout,5,FAILED,2026-03-19T11:11:55.609Z
notif-3429,whatsapp,whatsapp_cloud,NETWORK_ERROR,network_error,2,FAILED,2026-03-31T08:11:55.609Z
notif-3430,whatsapp,whatsapp_cloud,INVALID_RECIPIENT,invalid_recipient,5,DLQ,2026-06-10T09:19:55.609Z
notif-3431,sms,twilio,PROVIDER_TIMEOUT,provider_timeout,4,DLQ,2026-05-28T09:41:55.609Z
notif-3432,whatsapp,whatsapp_cloud,DND_BLOCKED,dnd_blocked,4,FAILED,2026-06-01T12:08:55.609Z
notif-3433,email,nodemailer,PROVIDER_TIMEOUT,provider_timeout,5,FAILED,2026-04-25T12:00:55.609Z
notif-3434,whatsapp,whatsapp_cloud,NETWORK_ERROR,network_error,5,DLQ,2026-06-02T12:58:55.609Z
notif-3435,whatsapp,whatsapp_cloud,RATE_LIMITED,rate_limited,5,DLQ,2026-04-24T12:33:55.609Z
notif-3436,sms,twilio,DND_BLOCKED,dnd_blocked,5,FAILED,2026-04-20T19:09:55.609Z
notif-3437,push,fcm,EXPIRED_TOKEN,expired_token,1,FAILED,2026-03-19T13:10:55.609Z
notif-3438,whatsapp,whatsapp_cloud,EXPIRED_TOKEN,expired_token,2,DLQ,2026-05-23T19:09:55.609Z
notif-3439,whatsapp,whatsapp_cloud,DND_BLOCKED,dnd_blocked,5,FAILED,2026-04-20T19:09:55.609Z
notif-3440,push,fcm,PROVIDER_TIMEOUT,provider_timeout,3,DLQ,2026-04-15T13:11:55.609Z
notif-3441,push,fcm,NETWORK_ERROR,network_error,4,FAILED,2026-04-05T19:09:55.609Z
notif-3442,push,fcm,RATE_LIMITED,rate_limited,4,FAILED,2026-04-04T09:22:55.609Z
notif-3443,email,nodemailer,RATE_LIMITED,rate_limited,3,DLQ,2026-05-04T13:59:55.609Z
notif-3444,in_app,in_app,PROVIDER_TIMEOUT,provider_timeout,5,FAILED,2026-05-05T10:52:55.609Z
notif-3445,in_app,in_app,INVALID_TEMPLATE,invalid_template,3,DLQ,2026-06-05T13:25:55.609Z
notif-3446,email,nodemailer,EXPIRED_TOKEN,expired_token,2,DLQ,2026-05-15T11:04:55.609Z
notif-3447,push,fcm,PROVIDER_TIMEOUT,provider_timeout,5,FAILED,2026-04-07T13:22:55.609Z
notif-3448,sms,msg91,RATE_LIMITED,rate_limited,5,DLQ,2026-04-25T10:12:55.609Z
notif-3449,sms,msg91,PROVIDER_TIMEOUT,provider_timeout,2,FAILED,2026-06-13T12:53:55.609Z
notif-3450,email,nodemailer,RATE_LIMITED,rate_limited,1,DLQ,2026-04-19T19:09:55.609Z
notif-3451,sms,twilio,INVALID_RECIPIENT,invalid_recipient,2,FAILED,2026-05-13T11:24:55.609Z
notif-3452,whatsapp,whatsapp_cloud,PROVIDER_TIMEOUT,provider_timeout,4,FAILED,2026-05-05T08:36:55.609Z
notif-3453,email,nodemailer,EXPIRED_TOKEN,expired_token,5,DLQ,2026-04-17T12:23:55.609Z
notif-3454,email,nodemailer,INVALID_TEMPLATE,invalid_template,1,FAILED,2026-06-03T12:49:55.609Z
notif-3455,in_app,in_app,INVALID_RECIPIENT,invalid_recipient,4,DLQ,2026-05-16T10:13:55.609Z
notif-3456,whatsapp,whatsapp_cloud,DND_BLOCKED,dnd_blocked,2,FAILED,2026-03-27T09:16:55.609Z
notif-3457,whatsapp,whatsapp_cloud,INVALID_RECIPIENT,invalid_recipient,3,FAILED,2026-05-19T12:41:55.609Z
notif-3458,email,nodemailer,NETWORK_ERROR,network_error,3,DLQ,2026-06-02T08:22:55.609Z
notif-3459,in_app,in_app,PROVIDER_TIMEOUT,provider_timeout,5,FAILED,2026-03-25T10:37:55.609Z
notif-3460,email,nodemailer,DND_BLOCKED,dnd_blocked,5,DLQ,2026-03-20T10:18:55.609Z
notif-3461,sms,msg91,DND_BLOCKED,dnd_blocked,1,DLQ,2026-05-20T09:57:55.609Z
notif-3462,push,fcm,INVALID_RECIPIENT,invalid_recipient,1,FAILED,2026-05-27T08:41:55.609Z
notif-3463,email,nodemailer,NETWORK_ERROR,network_error,4,FAILED,2026-04-14T11:36:55.609Z
notif-3464,in_app,in_app,NETWORK_ERROR,network_error,4,FAILED,2026-05-10T11:28:55.609Z
notif-3465,in_app,in_app,RATE_LIMITED,rate_limited,1,DLQ,2026-06-01T10:55:55.609Z
notif-3466,email,nodemailer,INVALID_TEMPLATE,invalid_template,5,FAILED,2026-06-10T10:15:55.609Z
notif-3467,email,nodemailer,RATE_LIMITED,rate_limited,4,FAILED,2026-05-13T09:38:55.609Z
notif-3468,whatsapp,whatsapp_cloud,NETWORK_ERROR,network_error,1,DLQ,2026-03-20T08:03:55.610Z
notif-3469,email,nodemailer,RATE_LIMITED,rate_limited,5,FAILED,2026-03-20T19:09:55.610Z
notif-3470,push,fcm,INVALID_RECIPIENT,invalid_recipient,5,FAILED,2026-04-14T19:09:55.610Z
notif-3471,email,nodemailer,RATE_LIMITED,rate_limited,2,FAILED,2026-05-17T11:59:55.610Z
notif-3472,whatsapp,whatsapp_cloud,RATE_LIMITED,rate_limited,1,FAILED,2026-04-17T11:30:55.610Z
notif-3473,email,nodemailer,PROVIDER_TIMEOUT,provider_timeout,2,FAILED,2026-04-08T09:41:55.610Z
notif-3474,email,nodemailer,RATE_LIMITED,rate_limited,1,DLQ,2026-05-26T12:01:55.610Z
notif-3475,email,nodemailer,INVALID_TEMPLATE,invalid_template,2,DLQ,2026-03-31T09:15:55.610Z
notif-3476,sms,msg91,NETWORK_ERROR,network_error,1,FAILED,2026-04-19T13:32:55.610Z
notif-3477,push,fcm,INVALID_RECIPIENT,invalid_recipient,1,FAILED,2026-06-04T19:09:55.610Z
notif-3478,push,fcm,PROVIDER_TIMEOUT,provider_timeout,3,FAILED,2026-05-27T09:53:55.610Z
notif-3479,whatsapp,whatsapp_cloud,RATE_LIMITED,rate_limited,5,FAILED,2026-05-01T19:09:55.610Z
notif-3480,in_app,in_app,NETWORK_ERROR,network_error,1,DLQ,2026-05-25T13:03:55.610Z
notif-3481,in_app,in_app,DND_BLOCKED,dnd_blocked,1,FAILED,2026-05-25T19:09:55.610Z
notif-3482,whatsapp,whatsapp_cloud,INVALID_RECIPIENT,invalid_recipient,1,FAILED,2026-04-02T10:40:55.610Z
notif-3483,push,fcm,DND_BLOCKED,dnd_blocked,3,DLQ,2026-05-14T19:09:55.610Z
notif-3484,push,fcm,PROVIDER_TIMEOUT,provider_timeout,5,FAILED,2026-04-27T08:43:55.610Z
notif-3485,in_app,in_app,INVALID_RECIPIENT,invalid_recipient,1,FAILED,2026-05-09T13:15:55.610Z
notif-3486,push,fcm,INVALID_TEMPLATE,invalid_template,3,FAILED,2026-04-06T10:58:55.610Z
notif-3487,push,fcm,RATE_LIMITED,rate_limited,2,FAILED,2026-04-02T13:28:55.610Z
notif-3488,in_app,in_app,NETWORK_ERROR,network_error,4,FAILED,2026-06-08T10:59:55.610Z
notif-3489,push,fcm,INVALID_TEMPLATE,invalid_template,5,FAILED,2026-04-17T11:44:55.610Z
notif-3490,whatsapp,whatsapp_cloud,EXPIRED_TOKEN,expired_token,5,FAILED,2026-05-23T10:51:55.610Z
notif-3491,sms,twilio,PROVIDER_TIMEOUT,provider_timeout,4,FAILED,2026-03-23T12:57:55.610Z
notif-3492,in_app,in_app,EXPIRED_TOKEN,expired_token,2,DLQ,2026-04-09T11:55:55.610Z
notif-3493,whatsapp,whatsapp_cloud,DND_BLOCKED,dnd_blocked,2,FAILED,2026-05-15T19:09:55.610Z
notif-3494,sms,msg91,DND_BLOCKED,dnd_blocked,3,DLQ,2026-05-03T08:49:55.610Z
notif-3495,whatsapp,whatsapp_cloud,RATE_LIMITED,rate_limited,1,FAILED,2026-03-18T08:15:55.610Z
notif-3496,in_app,in_app,PROVIDER_TIMEOUT,provider_timeout,3,FAILED,2026-06-11T10:10:55.610Z
notif-3497,email,nodemailer,INVALID_TEMPLATE,invalid_template,3,FAILED,2026-05-17T11:29:55.610Z
notif-3498,in_app,in_app,RATE_LIMITED,rate_limited,5,FAILED,2026-04-02T08:18:55.610Z
notif-3499,whatsapp,whatsapp_cloud,DND_BLOCKED,dnd_blocked,1,FAILED,2026-06-04T10:10:55.610Z
notif-3500,whatsapp,whatsapp_cloud,INVALID_RECIPIENT,invalid_recipient,2,FAILED,2026-05-09T12:52:55.610Z
notif-3501,in_app,in_app,NETWORK_ERROR,network_error,4,FAILED,2026-04-08T11:34:55.610Z
notif-3502,push,fcm,INVALID_RECIPIENT,invalid_recipient,3,DLQ,2026-05-13T12:18:55.610Z
notif-3503,whatsapp,whatsapp_cloud,INVALID_RECIPIENT,invalid_recipient,4,FAILED,2026-05-02T12:59:55.610Z
notif-3504,email,nodemailer,DND_BLOCKED,dnd_blocked,1,DLQ,2026-05-18T11:27:55.610Z
notif-3505,sms,msg91,INVALID_TEMPLATE,invalid_template,4,FAILED,2026-04-06T11:58:55.610Z
notif-3506,push,fcm,PROVIDER_TIMEOUT,provider_timeout,1,FAILED,2026-05-12T09:52:55.610Z
notif-3507,in_app,in_app,INVALID_TEMPLATE,invalid_template,2,FAILED,2026-05-25T12:02:55.610Z
notif-3508,in_app,in_app,PROVIDER_TIMEOUT,provider_timeout,4,FAILED,2026-04-10T13:17:55.610Z
notif-3509,email,nodemailer,DND_BLOCKED,dnd_blocked,5,DLQ,2026-05-06T12:37:55.610Z
notif-3510,email,nodemailer,INVALID_RECIPIENT,invalid_recipient,5,DLQ,2026-05-02T11:36:55.610Z
notif-3511,push,fcm,PROVIDER_TIMEOUT,provider_timeout,3,FAILED,2026-05-12T11:52:55.610Z
notif-3512,email,nodemailer,INVALID_RECIPIENT,invalid_recipient,3,FAILED,2026-05-22T12:47:55.610Z
notif-3513,sms,msg91,RATE_LIMITED,rate_limited,5,DLQ,2026-05-29T19:09:55.610Z
notif-3514,push,fcm,INVALID_TEMPLATE,invalid_template,1,FAILED,2026-04-22T19:09:55.610Z
notif-3515,sms,twilio,INVALID_RECIPIENT,invalid_recipient,1,FAILED,2026-04-22T19:09:55.610Z
notif-3516,whatsapp,whatsapp_cloud,NETWORK_ERROR,network_error,4,FAILED,2026-04-24T19:09:55.610Z
notif-3517,whatsapp,whatsapp_cloud,EXPIRED_TOKEN,expired_token,1,FAILED,2026-05-30T08:28:55.610Z
notif-3518,whatsapp,whatsapp_cloud,EXPIRED_TOKEN,expired_token,4,DLQ,2026-04-08T08:59:55.610Z
notif-3519,email,nodemailer,EXPIRED_TOKEN,expired_token,1,FAILED,2026-04-18T11:09:55.610Z
notif-3520,in_app,in_app,INVALID_RECIPIENT,invalid_recipient,3,FAILED,2026-05-23T12:21:55.610Z
notif-3521,sms,twilio,DND_BLOCKED,dnd_blocked,4,FAILED,2026-05-28T19:09:55.610Z
notif-3522,whatsapp,whatsapp_cloud,RATE_LIMITED,rate_limited,2,DLQ,2026-06-15T12:26:55.610Z
notif-3523,push,fcm,EXPIRED_TOKEN,expired_token,4,FAILED,2026-06-14T12:06:55.610Z
notif-3524,in_app,in_app,PROVIDER_TIMEOUT,provider_timeout,5,DLQ,2026-05-01T08:16:55.610Z
notif-3525,email,nodemailer,RATE_LIMITED,rate_limited,4,DLQ,2026-06-13T08:18:55.610Z
notif-3526,email,nodemailer,RATE_LIMITED,rate_limited,1,DLQ,2026-04-02T10:31:55.610Z
notif-3527,in_app,in_app,RATE_LIMITED,rate_limited,2,FAILED,2026-05-07T19:09:55.610Z
notif-3528,whatsapp,whatsapp_cloud,RATE_LIMITED,rate_limited,3,DLQ,2026-03-28T10:58:55.610Z
notif-3529,email,nodemailer,PROVIDER_TIMEOUT,provider_timeout,2,FAILED,2026-06-13T19:09:55.610Z
notif-3530,email,nodemailer,INVALID_TEMPLATE,invalid_template,5,FAILED,2026-05-26T09:58:55.610Z
notif-3531,email,nodemailer,DND_BLOCKED,dnd_blocked,3,FAILED,2026-05-10T12:45:55.610Z
notif-3532,push,fcm,PROVIDER_TIMEOUT,provider_timeout,3,FAILED,2026-06-11T09:24:55.610Z
notif-3533,push,fcm,INVALID_RECIPIENT,invalid_recipient,1,DLQ,2026-04-20T13:42:55.610Z
notif-3534,in_app,in_app,RATE_LIMITED,rate_limited,1,FAILED,2026-05-28T09:08:55.610Z
notif-3535,sms,msg91,INVALID_TEMPLATE,invalid_template,5,FAILED,2026-05-04T11:07:55.610Z
notif-3536,whatsapp,whatsapp_cloud,PROVIDER_TIMEOUT,provider_timeout,4,FAILED,2026-04-14T08:06:55.610Z
notif-3537,whatsapp,whatsapp_cloud,RATE_LIMITED,rate_limited,4,DLQ,2026-06-07T13:09:55.610Z
notif-3538,in_app,in_app,NETWORK_ERROR,network_error,5,FAILED,2026-05-01T13:27:55.610Z
notif-3539,sms,msg91,EXPIRED_TOKEN,expired_token,5,DLQ,2026-05-20T09:53:55.610Z
notif-3540,email,nodemailer,INVALID_TEMPLATE,invalid_template,2,DLQ,2026-06-11T13:55:55.610Z
notif-3541,push,fcm,EXPIRED_TOKEN,expired_token,1,DLQ,2026-05-21T13:41:55.610Z
notif-3542,in_app,in_app,EXPIRED_TOKEN,expired_token,1,FAILED,2026-05-19T10:22:55.610Z
notif-3543,whatsapp,whatsapp_cloud,EXPIRED_TOKEN,expired_token,4,DLQ,2026-05-04T10:05:55.610Z
notif-3544,push,fcm,INVALID_RECIPIENT,invalid_recipient,1,FAILED,2026-04-01T09:32:55.610Z
notif-3545,push,fcm,NETWORK_ERROR,network_error,2,FAILED,2026-05-07T19:09:55.610Z
notif-3546,whatsapp,whatsapp_cloud,PROVIDER_TIMEOUT,provider_timeout,5,FAILED,2026-04-25T11:38:55.610Z
notif-3547,email,nodemailer,RATE_LIMITED,rate_limited,4,FAILED,2026-05-27T12:35:55.610Z
notif-3548,email,nodemailer,EXPIRED_TOKEN,expired_token,5,FAILED,2026-05-03T10:29:55.610Z
notif-3549,in_app,in_app,INVALID_RECIPIENT,invalid_recipient,3,FAILED,2026-05-31T13:09:55.610Z
notif-3550,email,nodemailer,INVALID_RECIPIENT,invalid_recipient,4,DLQ,2026-04-24T12:35:55.610Z
notif-3551,push,fcm,INVALID_RECIPIENT,invalid_recipient,1,FAILED,2026-04-17T19:09:55.610Z
notif-3552,sms,twilio,NETWORK_ERROR,network_error,3,FAILED,2026-04-01T19:09:55.610Z
notif-3553,sms,msg91,INVALID_TEMPLATE,invalid_template,5,DLQ,2026-04-23T13:52:55.610Z
notif-3554,email,nodemailer,NETWORK_ERROR,network_error,1,DLQ,2026-05-11T10:44:55.610Z
notif-3555,email,nodemailer,INVALID_TEMPLATE,invalid_template,2,FAILED,2026-04-04T09:12:55.610Z
notif-3556,push,fcm,PROVIDER_TIMEOUT,provider_timeout,5,FAILED,2026-05-31T13:58:55.610Z
notif-3557,sms,msg91,NETWORK_ERROR,network_error,2,FAILED,2026-05-09T12:16:55.610Z
notif-3558,in_app,in_app,DND_BLOCKED,dnd_blocked,1,FAILED,2026-05-23T09:27:55.610Z
notif-3559,sms,msg91,NETWORK_ERROR,network_error,4,FAILED,2026-05-11T12:35:55.610Z
notif-3560,whatsapp,whatsapp_cloud,INVALID_RECIPIENT,invalid_recipient,1,FAILED,2026-04-10T10:51:55.610Z
notif-3561,in_app,in_app,PROVIDER_TIMEOUT,provider_timeout,2,FAILED,2026-06-11T11:31:55.610Z
notif-3562,push,fcm,NETWORK_ERROR,network_error,2,DLQ,2026-05-01T13:31:55.610Z
notif-3563,email,nodemailer,PROVIDER_TIMEOUT,provider_timeout,5,DLQ,2026-05-16T13:31:55.610Z
notif-3564,push,fcm,PROVIDER_TIMEOUT,provider_timeout,4,FAILED,2026-04-17T08:06:55.610Z
notif-3565,email,nodemailer,NETWORK_ERROR,network_error,2,FAILED,2026-06-13T11:54:55.610Z
notif-3566,push,fcm,PROVIDER_TIMEOUT,provider_timeout,5,DLQ,2026-05-13T13:13:55.610Z
notif-3567,whatsapp,whatsapp_cloud,PROVIDER_TIMEOUT,provider_timeout,2,FAILED,2026-04-22T09:40:55.610Z
notif-3568,whatsapp,whatsapp_cloud,INVALID_RECIPIENT,invalid_recipient,4,DLQ,2026-04-23T19:09:55.610Z
notif-3569,sms,twilio,EXPIRED_TOKEN,expired_token,3,DLQ,2026-06-01T09:21:55.610Z
notif-3570,sms,msg91,RATE_LIMITED,rate_limited,2,FAILED,2026-03-20T11:57:55.610Z
notif-3571,in_app,in_app,RATE_LIMITED,rate_limited,4,FAILED,2026-04-19T13:50:55.610Z
notif-3572,whatsapp,whatsapp_cloud,NETWORK_ERROR,network_error,2,FAILED,2026-06-10T19:09:55.610Z
notif-3573,sms,msg91,INVALID_TEMPLATE,invalid_template,1,FAILED,2026-05-05T08:16:55.610Z
notif-3574,push,fcm,RATE_LIMITED,rate_limited,4,FAILED,2026-03-21T08:39:55.610Z
notif-3575,push,fcm,INVALID_TEMPLATE,invalid_template,1,FAILED,2026-06-06T11:01:55.610Z
notif-3576,push,fcm,INVALID_TEMPLATE,invalid_template,1,DLQ,2026-04-19T12:44:55.610Z
notif-3577,whatsapp,whatsapp_cloud,DND_BLOCKED,dnd_blocked,5,FAILED,2026-05-11T19:09:55.610Z
notif-3578,whatsapp,whatsapp_cloud,INVALID_TEMPLATE,invalid_template,3,DLQ,2026-04-29T19:09:55.610Z
notif-3579,push,fcm,EXPIRED_TOKEN,expired_token,3,FAILED,2026-05-20T09:34:55.610Z
notif-3580,sms,twilio,INVALID_RECIPIENT,invalid_recipient,3,FAILED,2026-04-03T09:39:55.610Z
notif-3581,whatsapp,whatsapp_cloud,PROVIDER_TIMEOUT,provider_timeout,1,FAILED,2026-05-12T08:28:55.610Z
notif-3582,push,fcm,PROVIDER_TIMEOUT,provider_timeout,2,DLQ,2026-04-28T13:02:55.610Z
notif-3583,push,fcm,INVALID_RECIPIENT,invalid_recipient,5,DLQ,2026-05-29T12:29:55.610Z
notif-3584,sms,twilio,PROVIDER_TIMEOUT,provider_timeout,4,FAILED,2026-04-09T19:09:55.610Z
notif-3585,email,nodemailer,DND_BLOCKED,dnd_blocked,3,FAILED,2026-04-04T19:09:55.610Z
notif-3586,sms,twilio,INVALID_TEMPLATE,invalid_template,2,FAILED,2026-05-26T10:10:55.610Z
notif-3587,sms,msg91,DND_BLOCKED,dnd_blocked,1,FAILED,2026-04-29T09:24:55.610Z
notif-3588,in_app,in_app,RATE_LIMITED,rate_limited,5,FAILED,2026-04-11T09:37:55.610Z
notif-3589,push,fcm,PROVIDER_TIMEOUT,provider_timeout,5,DLQ,2026-04-18T13:26:55.610Z
notif-3590,email,nodemailer,PROVIDER_TIMEOUT,provider_timeout,1,FAILED,2026-06-12T11:01:55.610Z
notif-3591,email,nodemailer,NETWORK_ERROR,network_error,4,DLQ,2026-04-12T09:56:55.610Z
notif-3592,email,nodemailer,DND_BLOCKED,dnd_blocked,4,DLQ,2026-04-07T19:09:55.610Z
notif-3593,push,fcm,EXPIRED_TOKEN,expired_token,3,FAILED,2026-03-30T19:09:55.610Z
notif-3594,in_app,in_app,INVALID_RECIPIENT,invalid_recipient,2,DLQ,2026-04-12T08:29:55.610Z
notif-3595,push,fcm,RATE_LIMITED,rate_limited,1,FAILED,2026-04-20T11:03:55.610Z
notif-3596,whatsapp,whatsapp_cloud,NETWORK_ERROR,network_error,2,FAILED,2026-04-14T09:46:55.610Z
notif-3597,push,fcm,NETWORK_ERROR,network_error,3,DLQ,2026-05-30T11:31:55.610Z
notif-3598,in_app,in_app,NETWORK_ERROR,network_error,5,FAILED,2026-05-22T19:09:55.610Z
notif-3599,email,nodemailer,DND_BLOCKED,dnd_blocked,1,FAILED,2026-06-04T08:02:55.610Z
notif-3600,in_app,in_app,PROVIDER_TIMEOUT,provider_timeout,2,FAILED,2026-06-15T19:09:55.610Z
notif-3601,email,nodemailer,DND_BLOCKED,dnd_blocked,5,DLQ,2026-04-26T19:09:55.610Z
notif-3602,sms,msg91,INVALID_RECIPIENT,invalid_recipient,2,DLQ,2026-05-07T10:48:55.610Z
notif-3603,email,nodemailer,EXPIRED_TOKEN,expired_token,2,FAILED,2026-06-10T09:59:55.610Z
notif-3604,whatsapp,whatsapp_cloud,NETWORK_ERROR,network_error,2,DLQ,2026-04-18T12:57:55.610Z
notif-3605,push,fcm,DND_BLOCKED,dnd_blocked,1,FAILED,2026-05-19T19:09:55.610Z
notif-3606,push,fcm,INVALID_RECIPIENT,invalid_recipient,5,DLQ,2026-04-13T10:10:55.610Z
notif-3607,in_app,in_app,EXPIRED_TOKEN,expired_token,3,FAILED,2026-06-03T12:28:55.610Z
notif-3608,push,fcm,RATE_LIMITED,rate_limited,1,FAILED,2026-05-26T10:04:55.610Z
notif-3609,in_app,in_app,INVALID_RECIPIENT,invalid_recipient,2,FAILED,2026-06-03T10:48:55.610Z
notif-3610,whatsapp,whatsapp_cloud,INVALID_TEMPLATE,invalid_template,1,FAILED,2026-05-29T12:26:55.610Z
notif-3611,push,fcm,PROVIDER_TIMEOUT,provider_timeout,2,FAILED,2026-03-24T10:17:55.610Z
notif-3612,push,fcm,INVALID_RECIPIENT,invalid_recipient,5,DLQ,2026-06-14T10:10:55.610Z
notif-3613,in_app,in_app,INVALID_RECIPIENT,invalid_recipient,1,FAILED,2026-06-01T12:35:55.610Z
notif-3614,whatsapp,whatsapp_cloud,NETWORK_ERROR,network_error,1,DLQ,2026-05-12T12:44:55.610Z
notif-3615,whatsapp,whatsapp_cloud,INVALID_TEMPLATE,invalid_template,3,FAILED,2026-04-03T08:20:55.610Z
notif-3616,sms,msg91,DND_BLOCKED,dnd_blocked,5,FAILED,2026-05-23T11:00:55.610Z
notif-3617,sms,twilio,RATE_LIMITED,rate_limited,1,DLQ,2026-06-10T12:45:55.610Z
notif-3618,sms,msg91,EXPIRED_TOKEN,expired_token,3,FAILED,2026-05-17T11:09:55.610Z
notif-3619,whatsapp,whatsapp_cloud,RATE_LIMITED,rate_limited,3,FAILED,2026-03-29T11:58:55.610Z
notif-3620,push,fcm,RATE_LIMITED,rate_limited,3,FAILED,2026-05-19T12:18:55.610Z
notif-3621,sms,twilio,DND_BLOCKED,dnd_blocked,2,FAILED,2026-05-16T13:20:55.610Z
notif-3622,in_app,in_app,RATE_LIMITED,rate_limited,1,DLQ,2026-03-29T09:14:55.610Z
notif-3623,whatsapp,whatsapp_cloud,DND_BLOCKED,dnd_blocked,3,DLQ,2026-04-07T12:49:55.610Z
notif-3624,whatsapp,whatsapp_cloud,RATE_LIMITED,rate_limited,4,FAILED,2026-03-27T10:43:55.610Z
notif-3625,email,nodemailer,RATE_LIMITED,rate_limited,3,FAILED,2026-03-23T13:09:55.610Z
notif-3626,push,fcm,INVALID_TEMPLATE,invalid_template,1,FAILED,2026-05-12T19:09:55.610Z
notif-3627,push,fcm,NETWORK_ERROR,network_error,1,FAILED,2026-03-25T09:55:55.610Z
notif-3628,in_app,in_app,NETWORK_ERROR,network_error,3,FAILED,2026-05-09T08:29:55.610Z
notif-3629,whatsapp,whatsapp_cloud,EXPIRED_TOKEN,expired_token,5,FAILED,2026-05-19T19:09:55.610Z
notif-3630,sms,msg91,RATE_LIMITED,rate_limited,3,FAILED,2026-04-12T13:47:55.610Z
notif-3631,in_app,in_app,DND_BLOCKED,dnd_blocked,1,FAILED,2026-06-04T11:20:55.610Z
notif-3632,push,fcm,DND_BLOCKED,dnd_blocked,3,FAILED,2026-05-06T12:30:55.610Z
notif-3633,push,fcm,DND_BLOCKED,dnd_blocked,5,DLQ,2026-04-12T08:24:55.610Z
notif-3634,in_app,in_app,EXPIRED_TOKEN,expired_token,1,DLQ,2026-03-28T13:12:55.610Z
notif-3635,push,fcm,PROVIDER_TIMEOUT,provider_timeout,1,FAILED,2026-04-25T19:09:55.610Z
notif-3636,in_app,in_app,INVALID_TEMPLATE,invalid_template,1,FAILED,2026-03-28T09:23:55.610Z
notif-3637,in_app,in_app,RATE_LIMITED,rate_limited,4,FAILED,2026-03-29T11:54:55.610Z
notif-3638,sms,msg91,INVALID_TEMPLATE,invalid_template,1,FAILED,2026-05-18T11:08:55.610Z
notif-3639,in_app,in_app,EXPIRED_TOKEN,expired_token,4,FAILED,2026-05-02T11:00:55.610Z
notif-3640,in_app,in_app,DND_BLOCKED,dnd_blocked,5,DLQ,2026-04-02T11:12:55.610Z
notif-3641,push,fcm,NETWORK_ERROR,network_error,1,FAILED,2026-04-02T12:47:55.610Z
notif-3642,whatsapp,whatsapp_cloud,PROVIDER_TIMEOUT,provider_timeout,2,DLQ,2026-04-02T19:09:55.610Z
notif-3643,whatsapp,whatsapp_cloud,NETWORK_ERROR,network_error,1,FAILED,2026-06-15T11:58:55.610Z
notif-3644,whatsapp,whatsapp_cloud,RATE_LIMITED,rate_limited,1,DLQ,2026-04-08T10:38:55.610Z
notif-3645,push,fcm,INVALID_TEMPLATE,invalid_template,3,FAILED,2026-04-16T08:26:55.610Z
notif-3646,whatsapp,whatsapp_cloud,RATE_LIMITED,rate_limited,2,FAILED,2026-05-21T13:26:55.610Z
notif-3647,in_app,in_app,INVALID_TEMPLATE,invalid_template,2,FAILED,2026-05-13T10:27:55.610Z
notif-3648,sms,twilio,RATE_LIMITED,rate_limited,2,DLQ,2026-04-18T10:15:55.610Z
notif-3649,in_app,in_app,INVALID_TEMPLATE,invalid_template,2,DLQ,2026-05-14T13:19:55.610Z
notif-3650,email,nodemailer,EXPIRED_TOKEN,expired_token,1,DLQ,2026-04-09T12:34:55.610Z
notif-3651,email,nodemailer,INVALID_RECIPIENT,invalid_recipient,1,DLQ,2026-03-18T19:09:55.610Z
notif-3652,push,fcm,NETWORK_ERROR,network_error,2,FAILED,2026-05-11T08:36:55.610Z
notif-3653,push,fcm,NETWORK_ERROR,network_error,4,DLQ,2026-03-19T12:01:55.610Z
notif-3654,sms,msg91,EXPIRED_TOKEN,expired_token,4,DLQ,2026-03-24T11:48:55.610Z
notif-3655,sms,twilio,INVALID_RECIPIENT,invalid_recipient,2,DLQ,2026-05-01T12:44:55.610Z
notif-3656,email,nodemailer,INVALID_TEMPLATE,invalid_template,3,FAILED,2026-05-10T19:09:55.610Z
notif-3657,sms,twilio,DND_BLOCKED,dnd_blocked,4,DLQ,2026-04-14T13:15:55.610Z
notif-3658,email,nodemailer,NETWORK_ERROR,network_error,3,FAILED,2026-06-02T09:09:55.610Z
notif-3659,in_app,in_app,RATE_LIMITED,rate_limited,1,DLQ,2026-05-10T09:25:55.610Z
notif-3660,push,fcm,EXPIRED_TOKEN,expired_token,1,DLQ,2026-05-28T19:09:55.610Z
notif-3661,sms,twilio,INVALID_TEMPLATE,invalid_template,1,DLQ,2026-04-02T19:09:55.610Z
notif-3662,email,nodemailer,INVALID_TEMPLATE,invalid_template,5,FAILED,2026-06-07T19:09:55.610Z
notif-3663,whatsapp,whatsapp_cloud,EXPIRED_TOKEN,expired_token,1,FAILED,2026-04-09T19:09:55.610Z
notif-3664,in_app,in_app,PROVIDER_TIMEOUT,provider_timeout,2,FAILED,2026-06-14T09:10:55.610Z
notif-3665,in_app,in_app,RATE_LIMITED,rate_limited,2,DLQ,2026-04-22T10:23:55.610Z
notif-3666,push,fcm,RATE_LIMITED,rate_limited,4,FAILED,2026-05-19T08:25:55.610Z
notif-3667,in_app,in_app,INVALID_RECIPIENT,invalid_recipient,1,FAILED,2026-04-30T11:58:55.610Z
notif-3668,in_app,in_app,INVALID_TEMPLATE,invalid_template,1,DLQ,2026-06-14T13:22:55.610Z
notif-3669,in_app,in_app,EXPIRED_TOKEN,expired_token,4,FAILED,2026-06-05T09:38:55.610Z
notif-3670,email,nodemailer,PROVIDER_TIMEOUT,provider_timeout,2,DLQ,2026-04-10T11:17:55.610Z
notif-3671,whatsapp,whatsapp_cloud,INVALID_RECIPIENT,invalid_recipient,5,FAILED,2026-05-07T11:52:55.610Z
notif-3672,in_app,in_app,RATE_LIMITED,rate_limited,4,FAILED,2026-05-09T10:32:55.610Z
notif-3673,whatsapp,whatsapp_cloud,INVALID_RECIPIENT,invalid_recipient,3,FAILED,2026-04-13T10:29:55.610Z
notif-3674,email,nodemailer,DND_BLOCKED,dnd_blocked,2,FAILED,2026-05-05T12:28:55.610Z
notif-3675,in_app,in_app,INVALID_TEMPLATE,invalid_template,5,FAILED,2026-05-27T19:09:55.610Z
notif-3676,email,nodemailer,INVALID_TEMPLATE,invalid_template,1,FAILED,2026-03-23T09:05:55.610Z
notif-3677,push,fcm,EXPIRED_TOKEN,expired_token,1,FAILED,2026-05-25T11:02:55.610Z
notif-3678,whatsapp,whatsapp_cloud,PROVIDER_TIMEOUT,provider_timeout,5,FAILED,2026-04-28T09:23:55.610Z
notif-3679,sms,twilio,PROVIDER_TIMEOUT,provider_timeout,4,FAILED,2026-05-10T08:47:55.610Z
notif-3680,sms,twilio,INVALID_TEMPLATE,invalid_template,4,FAILED,2026-05-15T08:33:55.610Z
notif-3681,email,nodemailer,NETWORK_ERROR,network_error,5,DLQ,2026-05-12T11:39:55.610Z
notif-3682,sms,msg91,NETWORK_ERROR,network_error,2,FAILED,2026-03-21T11:47:55.610Z
notif-3683,email,nodemailer,DND_BLOCKED,dnd_blocked,2,FAILED,2026-03-29T09:56:55.610Z
notif-3684,push,fcm,DND_BLOCKED,dnd_blocked,4,FAILED,2026-03-21T13:43:55.610Z
notif-3685,whatsapp,whatsapp_cloud,INVALID_TEMPLATE,invalid_template,4,FAILED,2026-06-08T10:27:55.610Z
notif-3686,email,nodemailer,INVALID_RECIPIENT,invalid_recipient,3,DLQ,2026-05-26T08:05:55.610Z
notif-3687,email,nodemailer,INVALID_RECIPIENT,invalid_recipient,1,FAILED,2026-04-21T13:37:55.610Z
notif-3688,whatsapp,whatsapp_cloud,DND_BLOCKED,dnd_blocked,1,FAILED,2026-04-18T08:58:55.610Z
notif-3689,sms,twilio,NETWORK_ERROR,network_error,3,FAILED,2026-05-03T12:13:55.610Z
notif-3690,whatsapp,whatsapp_cloud,PROVIDER_TIMEOUT,provider_timeout,3,DLQ,2026-05-10T09:47:55.610Z
notif-3691,push,fcm,RATE_LIMITED,rate_limited,1,FAILED,2026-04-28T09:46:55.610Z
notif-3692,in_app,in_app,PROVIDER_TIMEOUT,provider_timeout,3,FAILED,2026-06-15T13:25:55.610Z
notif-3693,in_app,in_app,DND_BLOCKED,dnd_blocked,5,FAILED,2026-06-04T19:09:55.610Z
notif-3694,sms,twilio,DND_BLOCKED,dnd_blocked,5,FAILED,2026-04-07T08:43:55.610Z
notif-3695,in_app,in_app,EXPIRED_TOKEN,expired_token,5,FAILED,2026-04-16T11:42:55.610Z
notif-3696,in_app,in_app,PROVIDER_TIMEOUT,provider_timeout,3,FAILED,2026-04-14T08:32:55.610Z
notif-3697,sms,msg91,EXPIRED_TOKEN,expired_token,2,FAILED,2026-04-07T09:47:55.610Z
notif-3698,email,nodemailer,INVALID_RECIPIENT,invalid_recipient,5,DLQ,2026-04-20T10:37:55.610Z
notif-3699,in_app,in_app,NETWORK_ERROR,network_error,1,FAILED,2026-03-18T10:34:55.610Z
notif-3700,sms,twilio,EXPIRED_TOKEN,expired_token,1,FAILED,2026-05-20T13:42:55.610Z
notif-3701,sms,msg91,INVALID_TEMPLATE,invalid_template,4,FAILED,2026-04-17T19:09:55.610Z
notif-3702,push,fcm,NETWORK_ERROR,network_error,5,FAILED,2026-06-11T13:52:55.610Z
notif-3703,in_app,in_app,INVALID_TEMPLATE,invalid_template,1,FAILED,2026-05-16T12:37:55.610Z
notif-3704,whatsapp,whatsapp_cloud,PROVIDER_TIMEOUT,provider_timeout,3,FAILED,2026-04-10T12:01:55.610Z
notif-3705,in_app,in_app,PROVIDER_TIMEOUT,provider_timeout,4,FAILED,2026-06-10T19:09:55.610Z
notif-3706,in_app,in_app,EXPIRED_TOKEN,expired_token,1,FAILED,2026-03-29T12:55:55.610Z
notif-3707,sms,twilio,DND_BLOCKED,dnd_blocked,3,FAILED,2026-06-15T09:39:55.610Z
notif-3708,sms,twilio,EXPIRED_TOKEN,expired_token,2,FAILED,2026-05-07T09:00:55.610Z
notif-3709,email,nodemailer,INVALID_TEMPLATE,invalid_template,1,DLQ,2026-04-06T08:51:55.610Z
notif-3710,push,fcm,INVALID_RECIPIENT,invalid_recipient,1,FAILED,2026-06-10T09:47:55.610Z
notif-3711,push,fcm,INVALID_RECIPIENT,invalid_recipient,1,FAILED,2026-05-07T19:09:55.610Z
notif-3712,sms,msg91,NETWORK_ERROR,network_error,2,FAILED,2026-06-03T10:37:55.610Z
notif-3713,email,nodemailer,RATE_LIMITED,rate_limited,4,FAILED,2026-05-14T19:09:55.610Z
notif-3714,push,fcm,INVALID_TEMPLATE,invalid_template,5,FAILED,2026-03-21T09:10:55.610Z
notif-3715,in_app,in_app,DND_BLOCKED,dnd_blocked,4,DLQ,2026-05-19T08:45:55.610Z
notif-3716,sms,msg91,EXPIRED_TOKEN,expired_token,2,DLQ,2026-05-10T08:36:55.610Z
notif-3717,email,nodemailer,INVALID_RECIPIENT,invalid_recipient,4,FAILED,2026-04-06T10:09:55.610Z
notif-3718,in_app,in_app,INVALID_TEMPLATE,invalid_template,1,FAILED,2026-04-29T12:13:55.610Z
notif-3719,sms,twilio,INVALID_TEMPLATE,invalid_template,2,FAILED,2026-03-25T19:09:55.610Z
notif-3720,whatsapp,whatsapp_cloud,DND_BLOCKED,dnd_blocked,4,FAILED,2026-05-01T19:09:55.610Z
notif-3721,push,fcm,EXPIRED_TOKEN,expired_token,5,DLQ,2026-04-28T12:42:55.610Z
notif-3722,in_app,in_app,PROVIDER_TIMEOUT,provider_timeout,5,FAILED,2026-03-21T19:09:55.610Z
notif-3723,email,nodemailer,RATE_LIMITED,rate_limited,4,FAILED,2026-03-24T10:54:55.610Z
notif-3724,in_app,in_app,RATE_LIMITED,rate_limited,1,DLQ,2026-05-28T10:39:55.610Z
notif-3725,whatsapp,whatsapp_cloud,NETWORK_ERROR,network_error,1,DLQ,2026-04-01T19:09:55.610Z
notif-3726,in_app,in_app,NETWORK_ERROR,network_error,1,FAILED,2026-05-05T13:52:55.610Z
notif-3727,email,nodemailer,INVALID_RECIPIENT,invalid_recipient,1,FAILED,2026-03-20T19:09:55.610Z
notif-3728,email,nodemailer,NETWORK_ERROR,network_error,5,FAILED,2026-05-13T10:14:55.610Z
notif-3729,push,fcm,PROVIDER_TIMEOUT,provider_timeout,1,FAILED,2026-05-04T19:09:55.610Z
notif-3730,email,nodemailer,PROVIDER_TIMEOUT,provider_timeout,3,FAILED,2026-04-14T08:35:55.610Z
notif-3731,whatsapp,whatsapp_cloud,RATE_LIMITED,rate_limited,2,FAILED,2026-05-23T19:09:55.610Z
notif-3732,push,fcm,DND_BLOCKED,dnd_blocked,2,FAILED,2026-06-11T19:09:55.610Z
notif-3733,push,fcm,RATE_LIMITED,rate_limited,1,FAILED,2026-06-15T10:50:55.610Z
notif-3734,whatsapp,whatsapp_cloud,INVALID_TEMPLATE,invalid_template,4,FAILED,2026-04-16T13:36:55.610Z
notif-3735,whatsapp,whatsapp_cloud,RATE_LIMITED,rate_limited,4,FAILED,2026-05-28T08:37:55.610Z
notif-3736,in_app,in_app,EXPIRED_TOKEN,expired_token,3,DLQ,2026-04-24T13:32:55.610Z
notif-3737,sms,msg91,EXPIRED_TOKEN,expired_token,4,FAILED,2026-04-23T19:09:55.610Z
notif-3738,whatsapp,whatsapp_cloud,INVALID_RECIPIENT,invalid_recipient,2,FAILED,2026-04-11T19:09:55.610Z
notif-3739,email,nodemailer,INVALID_RECIPIENT,invalid_recipient,1,FAILED,2026-05-06T10:01:55.610Z
notif-3740,email,nodemailer,RATE_LIMITED,rate_limited,4,FAILED,2026-05-24T08:52:55.610Z
notif-3741,email,nodemailer,INVALID_RECIPIENT,invalid_recipient,4,FAILED,2026-05-03T11:00:55.610Z
notif-3742,sms,twilio,DND_BLOCKED,dnd_blocked,1,FAILED,2026-03-28T10:33:55.610Z
notif-3743,email,nodemailer,NETWORK_ERROR,network_error,3,FAILED,2026-04-12T19:09:55.610Z
notif-3744,sms,msg91,EXPIRED_TOKEN,expired_token,3,FAILED,2026-04-15T11:36:55.610Z
notif-3745,sms,twilio,RATE_LIMITED,rate_limited,4,FAILED,2026-05-03T08:16:55.610Z
notif-3746,push,fcm,PROVIDER_TIMEOUT,provider_timeout,5,FAILED,2026-06-12T12:46:55.610Z
notif-3747,whatsapp,whatsapp_cloud,INVALID_RECIPIENT,invalid_recipient,1,FAILED,2026-06-06T09:30:55.610Z
notif-3748,whatsapp,whatsapp_cloud,PROVIDER_TIMEOUT,provider_timeout,3,DLQ,2026-06-15T08:14:55.610Z
notif-3749,email,nodemailer,NETWORK_ERROR,network_error,3,FAILED,2026-05-03T19:09:55.610Z
notif-3750,sms,msg91,EXPIRED_TOKEN,expired_token,2,DLQ,2026-04-06T13:00:55.610Z
notif-3751,in_app,in_app,EXPIRED_TOKEN,expired_token,1,FAILED,2026-04-29T12:07:55.610Z
notif-3752,push,fcm,INVALID_TEMPLATE,invalid_template,5,DLQ,2026-04-07T19:09:55.610Z
notif-3753,sms,msg91,PROVIDER_TIMEOUT,provider_timeout,3,FAILED,2026-06-06T10:34:55.610Z
notif-3754,whatsapp,whatsapp_cloud,PROVIDER_TIMEOUT,provider_timeout,5,FAILED,2026-05-18T13:41:55.610Z
notif-3755,email,nodemailer,INVALID_TEMPLATE,invalid_template,1,DLQ,2026-05-07T11:39:55.610Z
notif-3756,email,nodemailer,INVALID_TEMPLATE,invalid_template,5,DLQ,2026-04-03T19:09:55.610Z
notif-3757,push,fcm,RATE_LIMITED,rate_limited,4,FAILED,2026-05-02T19:09:55.610Z
notif-3758,whatsapp,whatsapp_cloud,PROVIDER_TIMEOUT,provider_timeout,3,FAILED,2026-04-17T19:09:55.610Z
notif-3759,in_app,in_app,INVALID_TEMPLATE,invalid_template,5,DLQ,2026-03-20T19:09:55.610Z
notif-3760,whatsapp,whatsapp_cloud,INVALID_TEMPLATE,invalid_template,3,FAILED,2026-03-25T13:46:55.610Z
notif-3761,email,nodemailer,EXPIRED_TOKEN,expired_token,4,FAILED,2026-06-02T19:09:55.610Z
notif-3762,sms,twilio,PROVIDER_TIMEOUT,provider_timeout,1,DLQ,2026-06-07T10:26:55.610Z
notif-3763,push,fcm,INVALID_RECIPIENT,invalid_recipient,4,FAILED,2026-05-26T08:12:55.610Z
notif-3764,sms,msg91,NETWORK_ERROR,network_error,4,FAILED,2026-05-17T19:09:55.610Z
notif-3765,sms,twilio,DND_BLOCKED,dnd_blocked,2,FAILED,2026-05-02T08:04:55.610Z
notif-3766,push,fcm,INVALID_TEMPLATE,invalid_template,2,FAILED,2026-06-06T11:25:55.610Z
notif-3767,whatsapp,whatsapp_cloud,RATE_LIMITED,rate_limited,2,FAILED,2026-04-24T11:01:55.610Z
notif-3768,email,nodemailer,DND_BLOCKED,dnd_blocked,1,DLQ,2026-06-02T13:37:55.610Z
notif-3769,email,nodemailer,DND_BLOCKED,dnd_blocked,3,FAILED,2026-04-02T19:09:55.610Z
notif-3770,email,nodemailer,RATE_LIMITED,rate_limited,1,FAILED,2026-04-04T11:56:55.610Z
notif-3771,push,fcm,RATE_LIMITED,rate_limited,3,FAILED,2026-05-05T10:37:55.610Z
notif-3772,in_app,in_app,RATE_LIMITED,rate_limited,1,DLQ,2026-06-14T12:27:55.610Z
notif-3773,sms,msg91,INVALID_TEMPLATE,invalid_template,2,FAILED,2026-05-09T11:03:55.610Z
notif-3774,push,fcm,DND_BLOCKED,dnd_blocked,1,FAILED,2026-06-05T12:41:55.610Z
notif-3775,in_app,in_app,INVALID_RECIPIENT,invalid_recipient,1,DLQ,2026-05-02T09:35:55.610Z
notif-3776,whatsapp,whatsapp_cloud,DND_BLOCKED,dnd_blocked,5,FAILED,2026-04-23T13:10:55.610Z
notif-3777,whatsapp,whatsapp_cloud,DND_BLOCKED,dnd_blocked,5,DLQ,2026-03-24T19:09:55.610Z
notif-3778,whatsapp,whatsapp_cloud,DND_BLOCKED,dnd_blocked,4,FAILED,2026-06-09T12:19:55.610Z
notif-3779,whatsapp,whatsapp_cloud,PROVIDER_TIMEOUT,provider_timeout,3,FAILED,2026-05-13T08:29:55.610Z
notif-3780,email,nodemailer,PROVIDER_TIMEOUT,provider_timeout,4,FAILED,2026-05-01T11:09:55.610Z
notif-3781,email,nodemailer,RATE_LIMITED,rate_limited,5,DLQ,2026-04-28T10:18:55.610Z
notif-3782,email,nodemailer,PROVIDER_TIMEOUT,provider_timeout,2,DLQ,2026-04-21T08:24:55.610Z
notif-3783,email,nodemailer,INVALID_TEMPLATE,invalid_template,2,FAILED,2026-06-14T19:09:55.610Z
notif-3784,email,nodemailer,NETWORK_ERROR,network_error,4,FAILED,2026-05-01T09:12:55.610Z
notif-3785,email,nodemailer,EXPIRED_TOKEN,expired_token,5,FAILED,2026-05-18T12:24:55.610Z
notif-3786,whatsapp,whatsapp_cloud,INVALID_RECIPIENT,invalid_recipient,5,FAILED,2026-04-29T19:09:55.610Z
notif-3787,whatsapp,whatsapp_cloud,INVALID_TEMPLATE,invalid_template,2,FAILED,2026-05-19T08:13:55.610Z
notif-3788,whatsapp,whatsapp_cloud,INVALID_RECIPIENT,invalid_recipient,2,FAILED,2026-04-09T11:32:55.610Z
notif-3789,in_app,in_app,NETWORK_ERROR,network_error,3,FAILED,2026-05-03T19:09:55.610Z
notif-3790,whatsapp,whatsapp_cloud,INVALID_RECIPIENT,invalid_recipient,4,DLQ,2026-04-08T11:17:55.610Z
notif-3791,push,fcm,EXPIRED_TOKEN,expired_token,4,FAILED,2026-03-30T19:09:55.610Z
notif-3792,email,nodemailer,INVALID_TEMPLATE,invalid_template,5,FAILED,2026-04-09T09:34:55.610Z
notif-3793,push,fcm,NETWORK_ERROR,network_error,5,DLQ,2026-06-05T10:24:55.610Z
notif-3794,sms,msg91,EXPIRED_TOKEN,expired_token,1,DLQ,2026-04-02T12:59:55.610Z
notif-3795,whatsapp,whatsapp_cloud,NETWORK_ERROR,network_error,1,FAILED,2026-04-29T11:45:55.610Z
notif-3796,whatsapp,whatsapp_cloud,INVALID_TEMPLATE,invalid_template,5,FAILED,2026-04-07T11:07:55.610Z
notif-3797,whatsapp,whatsapp_cloud,RATE_LIMITED,rate_limited,5,DLQ,2026-03-29T10:59:55.610Z
notif-3798,push,fcm,PROVIDER_TIMEOUT,provider_timeout,5,FAILED,2026-05-02T09:52:55.610Z
notif-3799,whatsapp,whatsapp_cloud,DND_BLOCKED,dnd_blocked,2,FAILED,2026-03-23T13:32:55.610Z
notif-3800,email,nodemailer,DND_BLOCKED,dnd_blocked,2,DLQ,2026-03-28T12:00:55.610Z
notif-3801,whatsapp,whatsapp_cloud,PROVIDER_TIMEOUT,provider_timeout,1,DLQ,2026-04-12T19:09:55.610Z
notif-3802,email,nodemailer,INVALID_RECIPIENT,invalid_recipient,3,DLQ,2026-03-25T10:14:55.610Z
notif-3803,email,nodemailer,NETWORK_ERROR,network_error,4,FAILED,2026-04-03T19:09:55.610Z
notif-3804,push,fcm,INVALID_TEMPLATE,invalid_template,1,FAILED,2026-05-15T11:06:55.610Z
notif-3805,in_app,in_app,NETWORK_ERROR,network_error,1,FAILED,2026-05-24T11:36:55.610Z
notif-3806,sms,twilio,EXPIRED_TOKEN,expired_token,1,FAILED,2026-06-15T19:09:55.610Z
notif-3807,whatsapp,whatsapp_cloud,INVALID_TEMPLATE,invalid_template,3,FAILED,2026-04-20T11:30:55.610Z
notif-3808,push,fcm,PROVIDER_TIMEOUT,provider_timeout,5,FAILED,2026-05-08T13:14:55.610Z
notif-3809,whatsapp,whatsapp_cloud,NETWORK_ERROR,network_error,2,FAILED,2026-03-29T09:19:55.610Z
notif-3810,sms,msg91,INVALID_TEMPLATE,invalid_template,3,DLQ,2026-04-25T13:33:55.610Z
notif-3811,sms,msg91,PROVIDER_TIMEOUT,provider_timeout,5,FAILED,2026-05-11T09:16:55.610Z
notif-3812,whatsapp,whatsapp_cloud,EXPIRED_TOKEN,expired_token,5,FAILED,2026-04-16T09:32:55.610Z
notif-3813,whatsapp,whatsapp_cloud,INVALID_TEMPLATE,invalid_template,3,FAILED,2026-05-23T08:54:55.610Z
notif-3814,whatsapp,whatsapp_cloud,DND_BLOCKED,dnd_blocked,5,FAILED,2026-04-22T12:23:55.611Z
notif-3815,email,nodemailer,INVALID_TEMPLATE,invalid_template,4,FAILED,2026-05-01T09:09:55.611Z
notif-3816,push,fcm,RATE_LIMITED,rate_limited,2,FAILED,2026-03-25T08:24:55.611Z
notif-3817,sms,twilio,NETWORK_ERROR,network_error,3,DLQ,2026-04-24T13:29:55.611Z
notif-3818,whatsapp,whatsapp_cloud,NETWORK_ERROR,network_error,5,FAILED,2026-05-18T10:12:55.611Z
notif-3819,push,fcm,DND_BLOCKED,dnd_blocked,2,FAILED,2026-04-27T13:44:55.611Z
notif-3820,push,fcm,INVALID_RECIPIENT,invalid_recipient,3,FAILED,2026-05-15T11:45:55.611Z
notif-3821,sms,twilio,RATE_LIMITED,rate_limited,2,FAILED,2026-03-23T08:39:55.611Z
notif-3822,push,fcm,PROVIDER_TIMEOUT,provider_timeout,2,FAILED,2026-04-10T11:13:55.611Z
notif-3823,in_app,in_app,EXPIRED_TOKEN,expired_token,4,DLQ,2026-06-13T13:41:55.611Z
notif-3824,sms,twilio,NETWORK_ERROR,network_error,1,FAILED,2026-05-23T13:11:55.611Z
notif-3825,in_app,in_app,EXPIRED_TOKEN,expired_token,2,FAILED,2026-04-21T19:09:55.611Z
notif-3826,whatsapp,whatsapp_cloud,RATE_LIMITED,rate_limited,5,FAILED,2026-04-27T11:58:55.611Z
notif-3827,push,fcm,PROVIDER_TIMEOUT,provider_timeout,1,FAILED,2026-05-15T19:09:55.611Z
notif-3828,in_app,in_app,INVALID_TEMPLATE,invalid_template,5,DLQ,2026-03-31T09:39:55.611Z
notif-3829,email,nodemailer,DND_BLOCKED,dnd_blocked,1,DLQ,2026-05-18T08:01:55.611Z
notif-3830,whatsapp,whatsapp_cloud,EXPIRED_TOKEN,expired_token,3,FAILED,2026-03-30T19:09:55.611Z
notif-3831,whatsapp,whatsapp_cloud,INVALID_RECIPIENT,invalid_recipient,4,FAILED,2026-05-09T08:05:55.611Z
notif-3832,in_app,in_app,RATE_LIMITED,rate_limited,2,FAILED,2026-06-05T08:01:55.611Z
notif-3833,in_app,in_app,EXPIRED_TOKEN,expired_token,2,FAILED,2026-04-02T08:59:55.611Z
notif-3834,email,nodemailer,DND_BLOCKED,dnd_blocked,5,FAILED,2026-05-17T09:23:55.611Z
notif-3835,sms,msg91,INVALID_RECIPIENT,invalid_recipient,1,DLQ,2026-04-01T10:48:55.611Z
notif-3836,sms,twilio,NETWORK_ERROR,network_error,5,FAILED,2026-05-23T09:32:55.611Z
notif-3837,whatsapp,whatsapp_cloud,EXPIRED_TOKEN,expired_token,3,DLQ,2026-04-14T13:49:55.611Z
notif-3838,whatsapp,whatsapp_cloud,INVALID_RECIPIENT,invalid_recipient,3,FAILED,2026-04-02T13:11:55.611Z
notif-3839,whatsapp,whatsapp_cloud,RATE_LIMITED,rate_limited,3,FAILED,2026-05-08T08:57:55.611Z
notif-3840,in_app,in_app,EXPIRED_TOKEN,expired_token,4,FAILED,2026-04-17T11:44:55.611Z
notif-3841,email,nodemailer,EXPIRED_TOKEN,expired_token,1,DLQ,2026-05-27T10:29:55.611Z
notif-3842,in_app,in_app,RATE_LIMITED,rate_limited,5,DLQ,2026-05-14T11:38:55.611Z
notif-3843,sms,twilio,RATE_LIMITED,rate_limited,2,FAILED,2026-03-20T13:22:55.611Z
notif-3844,in_app,in_app,PROVIDER_TIMEOUT,provider_timeout,2,DLQ,2026-06-02T09:36:55.611Z
notif-3845,whatsapp,whatsapp_cloud,INVALID_RECIPIENT,invalid_recipient,3,FAILED,2026-06-06T10:03:55.611Z
notif-3846,in_app,in_app,NETWORK_ERROR,network_error,3,DLQ,2026-05-09T19:09:55.611Z
notif-3847,whatsapp,whatsapp_cloud,INVALID_TEMPLATE,invalid_template,3,FAILED,2026-03-29T12:50:55.611Z
notif-3848,sms,twilio,INVALID_RECIPIENT,invalid_recipient,2,FAILED,2026-05-28T11:34:55.611Z
notif-3849,email,nodemailer,NETWORK_ERROR,network_error,1,DLQ,2026-03-22T19:09:55.611Z
notif-3850,sms,twilio,EXPIRED_TOKEN,expired_token,1,DLQ,2026-05-16T19:09:55.611Z
notif-3851,sms,msg91,PROVIDER_TIMEOUT,provider_timeout,5,FAILED,2026-03-28T12:43:55.611Z
notif-3852,email,nodemailer,PROVIDER_TIMEOUT,provider_timeout,4,FAILED,2026-05-13T08:22:55.611Z
notif-3853,whatsapp,whatsapp_cloud,RATE_LIMITED,rate_limited,2,DLQ,2026-06-10T19:09:55.611Z
notif-3854,email,nodemailer,NETWORK_ERROR,network_error,4,FAILED,2026-05-17T13:37:55.611Z
notif-3855,push,fcm,EXPIRED_TOKEN,expired_token,3,FAILED,2026-05-24T09:54:55.611Z
notif-3856,sms,twilio,NETWORK_ERROR,network_error,4,FAILED,2026-03-31T09:17:55.611Z
notif-3857,whatsapp,whatsapp_cloud,RATE_LIMITED,rate_limited,1,DLQ,2026-05-22T11:13:55.611Z
notif-3858,email,nodemailer,EXPIRED_TOKEN,expired_token,5,DLQ,2026-05-19T08:03:55.611Z
notif-3859,whatsapp,whatsapp_cloud,NETWORK_ERROR,network_error,4,DLQ,2026-05-16T09:19:55.611Z
notif-3860,push,fcm,PROVIDER_TIMEOUT,provider_timeout,1,FAILED,2026-06-08T08:14:55.611Z
notif-3861,whatsapp,whatsapp_cloud,INVALID_TEMPLATE,invalid_template,4,FAILED,2026-05-18T19:09:55.611Z
notif-3862,sms,msg91,RATE_LIMITED,rate_limited,1,DLQ,2026-06-13T11:36:55.611Z
notif-3863,push,fcm,INVALID_RECIPIENT,invalid_recipient,5,DLQ,2026-05-03T08:40:55.611Z
notif-3864,whatsapp,whatsapp_cloud,NETWORK_ERROR,network_error,4,FAILED,2026-03-20T11:41:55.611Z
notif-3865,push,fcm,PROVIDER_TIMEOUT,provider_timeout,4,FAILED,2026-06-07T08:38:55.611Z
notif-3866,push,fcm,INVALID_TEMPLATE,invalid_template,4,FAILED,2026-06-07T19:09:55.611Z
notif-3867,push,fcm,EXPIRED_TOKEN,expired_token,3,FAILED,2026-03-27T08:17:55.611Z
notif-3868,email,nodemailer,NETWORK_ERROR,network_error,4,DLQ,2026-04-02T10:33:55.611Z
notif-3869,in_app,in_app,INVALID_TEMPLATE,invalid_template,1,DLQ,2026-06-03T19:09:55.611Z
notif-3870,push,fcm,RATE_LIMITED,rate_limited,1,DLQ,2026-04-20T12:16:55.611Z
notif-3871,push,fcm,INVALID_RECIPIENT,invalid_recipient,3,FAILED,2026-03-20T10:20:55.611Z
notif-3872,whatsapp,whatsapp_cloud,NETWORK_ERROR,network_error,5,FAILED,2026-05-01T19:09:55.611Z
notif-3873,in_app,in_app,DND_BLOCKED,dnd_blocked,4,FAILED,2026-06-14T08:37:55.611Z
notif-3874,sms,msg91,PROVIDER_TIMEOUT,provider_timeout,4,FAILED,2026-03-28T09:18:55.611Z
notif-3875,in_app,in_app,DND_BLOCKED,dnd_blocked,1,FAILED,2026-04-06T12:24:55.611Z
notif-3876,sms,twilio,INVALID_TEMPLATE,invalid_template,3,FAILED,2026-05-25T13:30:55.611Z
notif-3877,email,nodemailer,INVALID_TEMPLATE,invalid_template,4,FAILED,2026-03-30T08:50:55.611Z
notif-3878,email,nodemailer,PROVIDER_TIMEOUT,provider_timeout,1,FAILED,2026-05-17T08:38:55.611Z
notif-3879,sms,twilio,EXPIRED_TOKEN,expired_token,1,FAILED,2026-04-23T13:43:55.611Z
notif-3880,whatsapp,whatsapp_cloud,INVALID_RECIPIENT,invalid_recipient,4,FAILED,2026-05-03T08:21:55.611Z
notif-3881,push,fcm,INVALID_TEMPLATE,invalid_template,5,DLQ,2026-03-19T09:22:55.611Z
notif-3882,sms,twilio,PROVIDER_TIMEOUT,provider_timeout,2,FAILED,2026-04-14T13:22:55.611Z
notif-3883,whatsapp,whatsapp_cloud,RATE_LIMITED,rate_limited,3,DLQ,2026-06-03T09:45:55.611Z
notif-3884,whatsapp,whatsapp_cloud,DND_BLOCKED,dnd_blocked,2,FAILED,2026-06-09T19:09:55.611Z
notif-3885,push,fcm,INVALID_TEMPLATE,invalid_template,5,FAILED,2026-03-20T12:12:55.611Z
notif-3886,push,fcm,NETWORK_ERROR,network_error,3,DLQ,2026-05-14T19:09:55.611Z
notif-3887,sms,twilio,RATE_LIMITED,rate_limited,1,DLQ,2026-05-02T19:09:55.611Z
notif-3888,sms,msg91,NETWORK_ERROR,network_error,3,FAILED,2026-06-06T10:17:55.611Z
notif-3889,sms,twilio,EXPIRED_TOKEN,expired_token,2,DLQ,2026-05-28T13:04:55.611Z
notif-3890,in_app,in_app,PROVIDER_TIMEOUT,provider_timeout,1,FAILED,2026-05-24T19:09:55.611Z
notif-3891,sms,msg91,INVALID_RECIPIENT,invalid_recipient,4,DLQ,2026-04-30T10:43:55.611Z
notif-3892,whatsapp,whatsapp_cloud,NETWORK_ERROR,network_error,1,FAILED,2026-04-11T13:13:55.611Z
notif-3893,push,fcm,EXPIRED_TOKEN,expired_token,2,FAILED,2026-05-30T08:39:55.611Z
notif-3894,in_app,in_app,INVALID_TEMPLATE,invalid_template,5,DLQ,2026-04-08T11:54:55.611Z
notif-3895,push,fcm,NETWORK_ERROR,network_error,2,FAILED,2026-05-13T12:17:55.611Z
notif-3896,email,nodemailer,RATE_LIMITED,rate_limited,4,DLQ,2026-05-01T08:13:55.611Z
notif-3897,in_app,in_app,INVALID_TEMPLATE,invalid_template,3,FAILED,2026-04-03T09:21:55.611Z
notif-3898,sms,msg91,EXPIRED_TOKEN,expired_token,5,FAILED,2026-05-17T11:28:55.611Z
notif-3899,whatsapp,whatsapp_cloud,DND_BLOCKED,dnd_blocked,3,FAILED,2026-03-30T10:19:55.611Z
notif-3900,sms,twilio,DND_BLOCKED,dnd_blocked,1,FAILED,2026-06-06T19:09:55.611Z
notif-3901,push,fcm,EXPIRED_TOKEN,expired_token,5,FAILED,2026-05-11T12:08:55.611Z
notif-3902,whatsapp,whatsapp_cloud,RATE_LIMITED,rate_limited,4,FAILED,2026-03-28T12:50:55.611Z
notif-3903,email,nodemailer,PROVIDER_TIMEOUT,provider_timeout,4,FAILED,2026-05-20T12:58:55.611Z
notif-3904,whatsapp,whatsapp_cloud,EXPIRED_TOKEN,expired_token,1,DLQ,2026-05-12T08:49:55.611Z
notif-3905,push,fcm,EXPIRED_TOKEN,expired_token,3,FAILED,2026-04-02T11:47:55.611Z
notif-3906,sms,twilio,INVALID_TEMPLATE,invalid_template,5,DLQ,2026-03-26T08:58:55.611Z
notif-3907,push,fcm,RATE_LIMITED,rate_limited,2,DLQ,2026-03-30T11:20:55.611Z
notif-3908,push,fcm,RATE_LIMITED,rate_limited,2,FAILED,2026-04-27T10:17:55.611Z
notif-3909,in_app,in_app,EXPIRED_TOKEN,expired_token,1,DLQ,2026-05-18T08:23:55.611Z
notif-3910,in_app,in_app,EXPIRED_TOKEN,expired_token,2,FAILED,2026-06-07T09:36:55.611Z
notif-3911,push,fcm,EXPIRED_TOKEN,expired_token,4,DLQ,2026-04-30T09:24:55.611Z
notif-3912,in_app,in_app,NETWORK_ERROR,network_error,4,FAILED,2026-04-14T19:09:55.611Z
notif-3913,email,nodemailer,PROVIDER_TIMEOUT,provider_timeout,2,DLQ,2026-05-25T19:09:55.611Z
notif-3914,push,fcm,PROVIDER_TIMEOUT,provider_timeout,3,FAILED,2026-05-26T12:27:55.611Z
notif-3915,whatsapp,whatsapp_cloud,DND_BLOCKED,dnd_blocked,4,FAILED,2026-06-07T19:09:55.611Z
notif-3916,in_app,in_app,EXPIRED_TOKEN,expired_token,2,FAILED,2026-04-01T11:05:55.611Z
notif-3917,in_app,in_app,PROVIDER_TIMEOUT,provider_timeout,2,FAILED,2026-04-25T19:09:55.611Z
notif-3918,push,fcm,DND_BLOCKED,dnd_blocked,4,FAILED,2026-06-05T13:52:55.611Z
notif-3919,push,fcm,RATE_LIMITED,rate_limited,4,FAILED,2026-03-28T09:07:55.611Z
notif-3920,push,fcm,INVALID_RECIPIENT,invalid_recipient,4,FAILED,2026-04-10T10:12:55.611Z
notif-3921,in_app,in_app,PROVIDER_TIMEOUT,provider_timeout,5,FAILED,2026-03-20T19:09:55.611Z
notif-3922,in_app,in_app,NETWORK_ERROR,network_error,3,FAILED,2026-04-08T19:09:55.611Z
notif-3923,whatsapp,whatsapp_cloud,DND_BLOCKED,dnd_blocked,2,DLQ,2026-03-30T08:39:55.611Z
notif-3924,whatsapp,whatsapp_cloud,INVALID_RECIPIENT,invalid_recipient,2,FAILED,2026-04-25T09:48:55.611Z
notif-3925,email,nodemailer,INVALID_RECIPIENT,invalid_recipient,5,FAILED,2026-06-02T13:30:55.611Z
notif-3926,email,nodemailer,NETWORK_ERROR,network_error,4,FAILED,2026-05-22T08:16:55.611Z
notif-3927,sms,twilio,EXPIRED_TOKEN,expired_token,5,DLQ,2026-06-15T11:59:55.611Z
notif-3928,push,fcm,DND_BLOCKED,dnd_blocked,1,FAILED,2026-05-09T09:12:55.611Z
notif-3929,email,nodemailer,NETWORK_ERROR,network_error,3,FAILED,2026-06-11T08:22:55.611Z
notif-3930,sms,twilio,INVALID_RECIPIENT,invalid_recipient,2,FAILED,2026-04-12T19:09:55.611Z
notif-3931,whatsapp,whatsapp_cloud,INVALID_RECIPIENT,invalid_recipient,5,DLQ,2026-06-05T12:40:55.611Z
notif-3932,whatsapp,whatsapp_cloud,NETWORK_ERROR,network_error,4,FAILED,2026-03-25T19:09:55.611Z
notif-3933,push,fcm,PROVIDER_TIMEOUT,provider_timeout,4,DLQ,2026-04-23T11:54:55.611Z
notif-3934,in_app,in_app,DND_BLOCKED,dnd_blocked,3,FAILED,2026-03-24T10:35:55.611Z
notif-3935,push,fcm,INVALID_RECIPIENT,invalid_recipient,4,DLQ,2026-05-13T11:16:55.611Z
notif-3936,in_app,in_app,RATE_LIMITED,rate_limited,1,DLQ,2026-06-15T19:09:55.611Z
notif-3937,sms,msg91,DND_BLOCKED,dnd_blocked,1,FAILED,2026-04-23T13:31:55.611Z
notif-3938,whatsapp,whatsapp_cloud,DND_BLOCKED,dnd_blocked,3,DLQ,2026-03-26T13:47:55.611Z
notif-3939,email,nodemailer,RATE_LIMITED,rate_limited,5,FAILED,2026-04-21T19:09:55.611Z
notif-3940,push,fcm,EXPIRED_TOKEN,expired_token,2,FAILED,2026-05-09T12:52:55.611Z
notif-3941,email,nodemailer,EXPIRED_TOKEN,expired_token,4,FAILED,2026-06-13T19:09:55.611Z
notif-3942,email,nodemailer,PROVIDER_TIMEOUT,provider_timeout,1,DLQ,2026-03-26T11:48:55.611Z
notif-3943,in_app,in_app,RATE_LIMITED,rate_limited,2,DLQ,2026-05-15T09:00:55.611Z
notif-3944,push,fcm,EXPIRED_TOKEN,expired_token,1,FAILED,2026-03-20T13:45:55.611Z
notif-3945,sms,twilio,NETWORK_ERROR,network_error,4,FAILED,2026-04-19T11:21:55.611Z
notif-3946,email,nodemailer,NETWORK_ERROR,network_error,3,FAILED,2026-03-26T09:20:55.611Z
notif-3947,in_app,in_app,RATE_LIMITED,rate_limited,4,DLQ,2026-05-15T12:36:55.611Z
notif-3948,in_app,in_app,DND_BLOCKED,dnd_blocked,2,FAILED,2026-04-17T19:09:55.611Z
notif-3949,sms,twilio,PROVIDER_TIMEOUT,provider_timeout,4,DLQ,2026-05-06T12:54:55.611Z
notif-3950,in_app,in_app,EXPIRED_TOKEN,expired_token,1,FAILED,2026-06-04T19:09:55.611Z
notif-3951,in_app,in_app,INVALID_TEMPLATE,invalid_template,2,FAILED,2026-06-13T11:45:55.611Z
notif-3952,whatsapp,whatsapp_cloud,RATE_LIMITED,rate_limited,3,FAILED,2026-05-27T09:23:55.611Z
notif-3953,email,nodemailer,INVALID_RECIPIENT,invalid_recipient,1,FAILED,2026-05-18T10:52:55.611Z
notif-3954,push,fcm,EXPIRED_TOKEN,expired_token,4,FAILED,2026-05-24T11:00:55.611Z
notif-3955,email,nodemailer,RATE_LIMITED,rate_limited,1,FAILED,2026-05-20T13:08:55.611Z
notif-3956,push,fcm,EXPIRED_TOKEN,expired_token,2,DLQ,2026-03-25T11:52:55.611Z
notif-3957,email,nodemailer,PROVIDER_TIMEOUT,provider_timeout,3,DLQ,2026-05-02T19:09:55.611Z
notif-3958,whatsapp,whatsapp_cloud,PROVIDER_TIMEOUT,provider_timeout,4,DLQ,2026-03-24T08:26:55.611Z
notif-3959,whatsapp,whatsapp_cloud,INVALID_RECIPIENT,invalid_recipient,3,FAILED,2026-05-05T19:09:55.611Z
notif-3960,push,fcm,EXPIRED_TOKEN,expired_token,2,FAILED,2026-05-11T19:09:55.611Z
notif-3961,in_app,in_app,INVALID_TEMPLATE,invalid_template,2,FAILED,2026-04-08T08:07:55.611Z
notif-3962,sms,msg91,PROVIDER_TIMEOUT,provider_timeout,4,FAILED,2026-04-08T11:17:55.611Z
notif-3963,whatsapp,whatsapp_cloud,INVALID_RECIPIENT,invalid_recipient,3,FAILED,2026-03-24T19:09:55.611Z
notif-3964,whatsapp,whatsapp_cloud,PROVIDER_TIMEOUT,provider_timeout,5,FAILED,2026-06-13T12:16:55.611Z
notif-3965,email,nodemailer,INVALID_RECIPIENT,invalid_recipient,2,DLQ,2026-04-20T09:10:55.611Z
notif-3966,email,nodemailer,DND_BLOCKED,dnd_blocked,4,FAILED,2026-04-28T13:08:55.611Z
notif-3967,whatsapp,whatsapp_cloud,PROVIDER_TIMEOUT,provider_timeout,1,FAILED,2026-05-26T08:45:55.611Z
notif-3968,sms,twilio,DND_BLOCKED,dnd_blocked,5,FAILED,2026-05-12T09:34:55.611Z
notif-3969,sms,twilio,NETWORK_ERROR,network_error,3,FAILED,2026-05-13T10:05:55.611Z
notif-3970,whatsapp,whatsapp_cloud,NETWORK_ERROR,network_error,4,FAILED,2026-05-06T11:25:55.611Z
notif-3971,sms,twilio,INVALID_TEMPLATE,invalid_template,5,FAILED,2026-06-05T19:09:55.611Z
notif-3972,whatsapp,whatsapp_cloud,INVALID_TEMPLATE,invalid_template,3,FAILED,2026-04-07T08:09:55.611Z
notif-3973,email,nodemailer,RATE_LIMITED,rate_limited,5,FAILED,2026-06-04T10:13:55.611Z
notif-3974,sms,msg91,EXPIRED_TOKEN,expired_token,3,FAILED,2026-05-04T12:41:55.611Z
notif-3975,in_app,in_app,INVALID_TEMPLATE,invalid_template,5,FAILED,2026-04-17T10:12:55.611Z
notif-3976,whatsapp,whatsapp_cloud,DND_BLOCKED,dnd_blocked,1,FAILED,2026-05-11T10:24:55.611Z
notif-3977,sms,twilio,DND_BLOCKED,dnd_blocked,1,FAILED,2026-04-14T12:37:55.611Z
notif-3978,whatsapp,whatsapp_cloud,RATE_LIMITED,rate_limited,3,FAILED,2026-04-02T11:58:55.611Z
notif-3979,push,fcm,NETWORK_ERROR,network_error,4,FAILED,2026-05-15T08:53:55.611Z
notif-3980,whatsapp,whatsapp_cloud,RATE_LIMITED,rate_limited,2,FAILED,2026-03-26T19:09:55.611Z
notif-3981,email,nodemailer,PROVIDER_TIMEOUT,provider_timeout,2,FAILED,2026-04-17T12:25:55.611Z
notif-3982,push,fcm,INVALID_TEMPLATE,invalid_template,1,DLQ,2026-05-13T19:09:55.611Z
notif-3983,whatsapp,whatsapp_cloud,PROVIDER_TIMEOUT,provider_timeout,1,DLQ,2026-05-23T12:15:55.611Z
notif-3984,push,fcm,PROVIDER_TIMEOUT,provider_timeout,4,FAILED,2026-04-24T10:41:55.611Z
notif-3985,in_app,in_app,INVALID_TEMPLATE,invalid_template,2,DLQ,2026-06-03T13:36:55.611Z
notif-3986,email,nodemailer,EXPIRED_TOKEN,expired_token,3,DLQ,2026-03-31T19:09:55.611Z
notif-3987,push,fcm,INVALID_RECIPIENT,invalid_recipient,2,FAILED,2026-04-02T11:44:55.611Z
notif-3988,push,fcm,EXPIRED_TOKEN,expired_token,3,FAILED,2026-04-23T10:27:55.611Z
notif-3989,sms,msg91,INVALID_RECIPIENT,invalid_recipient,5,FAILED,2026-04-07T12:21:55.611Z
notif-3990,email,nodemailer,RATE_LIMITED,rate_limited,4,FAILED,2026-04-29T09:25:55.611Z
notif-3991,in_app,in_app,DND_BLOCKED,dnd_blocked,4,FAILED,2026-03-21T19:09:55.611Z
notif-3992,email,nodemailer,EXPIRED_TOKEN,expired_token,4,DLQ,2026-06-14T12:36:55.611Z
notif-3993,email,nodemailer,RATE_LIMITED,rate_limited,3,FAILED,2026-04-17T13:09:55.611Z
notif-3994,email,nodemailer,RATE_LIMITED,rate_limited,2,DLQ,2026-05-18T13:25:55.611Z
notif-3995,whatsapp,whatsapp_cloud,DND_BLOCKED,dnd_blocked,3,FAILED,2026-05-13T19:09:55.611Z
notif-3996,email,nodemailer,DND_BLOCKED,dnd_blocked,2,DLQ,2026-04-22T09:08:55.611Z
notif-3997,whatsapp,whatsapp_cloud,DND_BLOCKED,dnd_blocked,3,DLQ,2026-06-05T12:29:55.611Z
notif-3998,sms,twilio,EXPIRED_TOKEN,expired_token,3,DLQ,2026-04-17T11:29:55.611Z
notif-3999,whatsapp,whatsapp_cloud,PROVIDER_TIMEOUT,provider_timeout,5,DLQ,2026-05-06T10:57:55.611Z
notif-4000,whatsapp,whatsapp_cloud,RATE_LIMITED,rate_limited,2,FAILED,2026-03-21T19:09:55.611Z
notif-4001,whatsapp,whatsapp_cloud,RATE_LIMITED,rate_limited,3,FAILED,2026-05-29T12:46:55.611Z
notif-4002,whatsapp,whatsapp_cloud,PROVIDER_TIMEOUT,provider_timeout,1,FAILED,2026-04-27T10:37:55.611Z
notif-4003,whatsapp,whatsapp_cloud,NETWORK_ERROR,network_error,4,FAILED,2026-04-04T12:03:55.611Z
notif-4004,whatsapp,whatsapp_cloud,INVALID_RECIPIENT,invalid_recipient,3,FAILED,2026-05-22T10:17:55.611Z
notif-4005,email,nodemailer,DND_BLOCKED,dnd_blocked,4,FAILED,2026-04-20T10:22:55.611Z
notif-4006,in_app,in_app,EXPIRED_TOKEN,expired_token,4,FAILED,2026-04-17T12:51:55.611Z
notif-4007,whatsapp,whatsapp_cloud,INVALID_RECIPIENT,invalid_recipient,4,FAILED,2026-03-31T11:48:55.611Z
notif-4008,push,fcm,NETWORK_ERROR,network_error,1,DLQ,2026-06-02T10:57:55.611Z
notif-4009,email,nodemailer,INVALID_RECIPIENT,invalid_recipient,3,FAILED,2026-06-14T19:09:55.611Z
notif-4010,push,fcm,EXPIRED_TOKEN,expired_token,5,FAILED,2026-05-14T13:42:55.611Z
notif-4011,push,fcm,RATE_LIMITED,rate_limited,4,FAILED,2026-05-04T11:54:55.611Z
notif-4012,in_app,in_app,EXPIRED_TOKEN,expired_token,2,FAILED,2026-03-30T11:43:55.611Z
notif-4013,email,nodemailer,DND_BLOCKED,dnd_blocked,2,FAILED,2026-04-01T12:49:55.611Z
notif-4014,email,nodemailer,NETWORK_ERROR,network_error,5,FAILED,2026-05-08T11:42:55.611Z
notif-4015,whatsapp,whatsapp_cloud,INVALID_RECIPIENT,invalid_recipient,2,FAILED,2026-03-29T09:20:55.611Z
notif-4016,email,nodemailer,PROVIDER_TIMEOUT,provider_timeout,5,FAILED,2026-05-08T08:33:55.611Z
notif-4017,email,nodemailer,NETWORK_ERROR,network_error,2,FAILED,2026-04-15T13:25:55.611Z
notif-4018,sms,msg91,INVALID_RECIPIENT,invalid_recipient,1,DLQ,2026-05-17T11:23:55.611Z
notif-4019,whatsapp,whatsapp_cloud,PROVIDER_TIMEOUT,provider_timeout,2,FAILED,2026-04-14T12:40:55.611Z
notif-4020,whatsapp,whatsapp_cloud,PROVIDER_TIMEOUT,provider_timeout,1,DLQ,2026-04-26T08:33:55.611Z
notif-4021,in_app,in_app,PROVIDER_TIMEOUT,provider_timeout,1,DLQ,2026-04-14T09:53:55.611Z
notif-4022,whatsapp,whatsapp_cloud,EXPIRED_TOKEN,expired_token,4,FAILED,2026-03-19T19:09:55.611Z
notif-4023,in_app,in_app,INVALID_RECIPIENT,invalid_recipient,3,FAILED,2026-06-06T10:36:55.611Z
notif-4024,sms,msg91,NETWORK_ERROR,network_error,1,DLQ,2026-06-14T12:12:55.611Z
notif-4025,push,fcm,RATE_LIMITED,rate_limited,1,FAILED,2026-04-03T09:14:55.611Z
notif-4026,push,fcm,INVALID_TEMPLATE,invalid_template,3,FAILED,2026-05-29T19:09:55.611Z
notif-4027,push,fcm,EXPIRED_TOKEN,expired_token,2,DLQ,2026-06-03T19:09:55.611Z
notif-4028,sms,msg91,INVALID_TEMPLATE,invalid_template,3,FAILED,2026-05-17T08:47:55.611Z
notif-4029,email,nodemailer,DND_BLOCKED,dnd_blocked,2,DLQ,2026-03-31T13:19:55.611Z
notif-4030,whatsapp,whatsapp_cloud,NETWORK_ERROR,network_error,1,FAILED,2026-05-30T12:31:55.611Z
notif-4031,whatsapp,whatsapp_cloud,INVALID_RECIPIENT,invalid_recipient,1,FAILED,2026-04-27T11:27:55.611Z
notif-4032,sms,msg91,NETWORK_ERROR,network_error,3,FAILED,2026-04-07T19:09:55.611Z
notif-4033,email,nodemailer,RATE_LIMITED,rate_limited,3,DLQ,2026-03-25T19:09:55.611Z
notif-4034,push,fcm,INVALID_RECIPIENT,invalid_recipient,4,FAILED,2026-03-23T09:38:55.611Z
notif-4035,in_app,in_app,INVALID_RECIPIENT,invalid_recipient,2,FAILED,2026-04-17T12:23:55.611Z
notif-4036,email,nodemailer,INVALID_TEMPLATE,invalid_template,5,DLQ,2026-03-30T09:12:55.611Z
notif-4037,sms,msg91,INVALID_TEMPLATE,invalid_template,5,FAILED,2026-03-21T19:09:55.611Z
notif-4038,push,fcm,EXPIRED_TOKEN,expired_token,2,FAILED,2026-05-23T19:09:55.611Z
notif-4039,whatsapp,whatsapp_cloud,DND_BLOCKED,dnd_blocked,2,DLQ,2026-05-19T09:53:55.611Z
notif-4040,whatsapp,whatsapp_cloud,RATE_LIMITED,rate_limited,2,FAILED,2026-05-11T09:56:55.611Z
notif-4041,sms,twilio,PROVIDER_TIMEOUT,provider_timeout,5,FAILED,2026-05-28T12:34:55.611Z
notif-4042,sms,msg91,INVALID_TEMPLATE,invalid_template,1,FAILED,2026-05-18T09:21:55.611Z
notif-4043,in_app,in_app,RATE_LIMITED,rate_limited,4,FAILED,2026-05-03T09:34:55.611Z
notif-4044,whatsapp,whatsapp_cloud,PROVIDER_TIMEOUT,provider_timeout,3,FAILED,2026-04-05T19:09:55.611Z
notif-4045,push,fcm,EXPIRED_TOKEN,expired_token,5,FAILED,2026-05-22T13:30:55.611Z
notif-4046,whatsapp,whatsapp_cloud,NETWORK_ERROR,network_error,4,DLQ,2026-05-05T13:50:55.611Z
notif-4047,email,nodemailer,INVALID_RECIPIENT,invalid_recipient,2,FAILED,2026-05-08T12:34:55.611Z
notif-4048,whatsapp,whatsapp_cloud,INVALID_TEMPLATE,invalid_template,3,FAILED,2026-06-10T09:38:55.611Z
notif-4049,whatsapp,whatsapp_cloud,RATE_LIMITED,rate_limited,2,FAILED,2026-04-12T12:01:55.611Z
notif-4050,whatsapp,whatsapp_cloud,RATE_LIMITED,rate_limited,2,FAILED,2026-05-05T08:41:55.611Z
notif-4051,email,nodemailer,EXPIRED_TOKEN,expired_token,1,DLQ,2026-03-23T19:09:55.611Z
notif-4052,push,fcm,EXPIRED_TOKEN,expired_token,3,FAILED,2026-03-21T12:23:55.611Z
notif-4053,email,nodemailer,INVALID_RECIPIENT,invalid_recipient,3,DLQ,2026-05-14T10:21:55.611Z
notif-4054,push,fcm,RATE_LIMITED,rate_limited,2,FAILED,2026-04-01T19:09:55.611Z
notif-4055,sms,twilio,NETWORK_ERROR,network_error,1,FAILED,2026-05-22T09:10:55.611Z
notif-4056,email,nodemailer,INVALID_TEMPLATE,invalid_template,3,DLQ,2026-05-20T13:36:55.611Z
notif-4057,in_app,in_app,DND_BLOCKED,dnd_blocked,2,FAILED,2026-06-15T19:09:55.611Z
notif-4058,whatsapp,whatsapp_cloud,INVALID_TEMPLATE,invalid_template,5,FAILED,2026-04-10T12:39:55.611Z
notif-4059,push,fcm,NETWORK_ERROR,network_error,5,FAILED,2026-05-08T12:55:55.611Z
notif-4060,whatsapp,whatsapp_cloud,INVALID_TEMPLATE,invalid_template,2,FAILED,2026-04-14T12:18:55.611Z
notif-4061,push,fcm,DND_BLOCKED,dnd_blocked,5,DLQ,2026-06-11T12:32:55.611Z
notif-4062,push,fcm,EXPIRED_TOKEN,expired_token,5,FAILED,2026-06-15T19:09:55.611Z
notif-4063,email,nodemailer,DND_BLOCKED,dnd_blocked,2,FAILED,2026-05-06T13:35:55.611Z
notif-4064,sms,msg91,DND_BLOCKED,dnd_blocked,4,FAILED,2026-04-20T13:37:55.611Z
notif-4065,push,fcm,EXPIRED_TOKEN,expired_token,2,DLQ,2026-04-06T09:44:55.611Z
notif-4066,whatsapp,whatsapp_cloud,RATE_LIMITED,rate_limited,4,DLQ,2026-04-15T19:09:55.611Z
notif-4067,whatsapp,whatsapp_cloud,DND_BLOCKED,dnd_blocked,2,FAILED,2026-04-05T13:51:55.611Z
notif-4068,push,fcm,DND_BLOCKED,dnd_blocked,4,FAILED,2026-06-07T12:57:55.611Z
notif-4069,push,fcm,PROVIDER_TIMEOUT,provider_timeout,4,FAILED,2026-04-23T10:07:55.611Z
notif-4070,whatsapp,whatsapp_cloud,NETWORK_ERROR,network_error,1,FAILED,2026-04-22T13:30:55.611Z
notif-4071,in_app,in_app,INVALID_TEMPLATE,invalid_template,1,FAILED,2026-05-11T09:34:55.611Z
notif-4072,whatsapp,whatsapp_cloud,PROVIDER_TIMEOUT,provider_timeout,5,FAILED,2026-05-18T19:09:55.611Z
notif-4073,sms,twilio,RATE_LIMITED,rate_limited,5,DLQ,2026-05-31T09:54:55.611Z
notif-4074,whatsapp,whatsapp_cloud,DND_BLOCKED,dnd_blocked,4,DLQ,2026-03-25T13:16:55.611Z
notif-4075,whatsapp,whatsapp_cloud,INVALID_TEMPLATE,invalid_template,2,DLQ,2026-05-31T08:16:55.611Z
notif-4076,in_app,in_app,INVALID_RECIPIENT,invalid_recipient,4,DLQ,2026-06-01T09:17:55.611Z
notif-4077,whatsapp,whatsapp_cloud,NETWORK_ERROR,network_error,1,FAILED,2026-04-10T13:07:55.611Z
notif-4078,whatsapp,whatsapp_cloud,INVALID_RECIPIENT,invalid_recipient,2,DLQ,2026-05-04T12:07:55.611Z
notif-4079,sms,msg91,INVALID_TEMPLATE,invalid_template,4,DLQ,2026-05-19T13:19:55.611Z
notif-4080,whatsapp,whatsapp_cloud,INVALID_RECIPIENT,invalid_recipient,1,FAILED,2026-05-08T12:16:55.611Z
notif-4081,sms,twilio,EXPIRED_TOKEN,expired_token,4,FAILED,2026-04-26T19:09:55.611Z
notif-4082,sms,twilio,PROVIDER_TIMEOUT,provider_timeout,3,FAILED,2026-05-12T11:48:55.611Z
notif-4083,in_app,in_app,PROVIDER_TIMEOUT,provider_timeout,2,FAILED,2026-05-19T13:07:55.611Z
notif-4084,sms,msg91,INVALID_TEMPLATE,invalid_template,3,FAILED,2026-04-28T11:06:55.611Z
notif-4085,sms,msg91,DND_BLOCKED,dnd_blocked,5,FAILED,2026-06-11T19:09:55.611Z
notif-4086,sms,msg91,DND_BLOCKED,dnd_blocked,3,FAILED,2026-06-07T10:42:55.611Z
notif-4087,in_app,in_app,INVALID_RECIPIENT,invalid_recipient,4,FAILED,2026-06-13T13:00:55.611Z
notif-4088,sms,msg91,INVALID_TEMPLATE,invalid_template,1,FAILED,2026-03-30T12:36:55.611Z
notif-4089,in_app,in_app,PROVIDER_TIMEOUT,provider_timeout,5,DLQ,2026-05-09T10:35:55.611Z
notif-4090,whatsapp,whatsapp_cloud,EXPIRED_TOKEN,expired_token,3,FAILED,2026-05-31T08:25:55.611Z
notif-4091,sms,msg91,PROVIDER_TIMEOUT,provider_timeout,3,FAILED,2026-04-09T19:09:55.611Z
notif-4092,push,fcm,RATE_LIMITED,rate_limited,5,FAILED,2026-05-16T19:09:55.611Z
notif-4093,push,fcm,RATE_LIMITED,rate_limited,3,DLQ,2026-05-25T10:42:55.611Z
notif-4094,push,fcm,INVALID_RECIPIENT,invalid_recipient,3,FAILED,2026-05-09T08:17:55.611Z
notif-4095,whatsapp,whatsapp_cloud,INVALID_RECIPIENT,invalid_recipient,3,FAILED,2026-04-09T19:09:55.611Z
notif-4096,in_app,in_app,INVALID_TEMPLATE,invalid_template,2,FAILED,2026-06-03T13:21:55.611Z
notif-4097,in_app,in_app,DND_BLOCKED,dnd_blocked,2,FAILED,2026-05-17T08:53:55.611Z
notif-4098,email,nodemailer,PROVIDER_TIMEOUT,provider_timeout,2,FAILED,2026-03-23T19:09:55.611Z
notif-4099,email,nodemailer,EXPIRED_TOKEN,expired_token,2,FAILED,2026-04-28T11:38:55.611Z
notif-4100,whatsapp,whatsapp_cloud,INVALID_RECIPIENT,invalid_recipient,3,FAILED,2026-05-15T12:17:55.611Z
notif-4101,in_app,in_app,EXPIRED_TOKEN,expired_token,3,FAILED,2026-03-21T11:45:55.611Z
notif-4102,push,fcm,NETWORK_ERROR,network_error,5,FAILED,2026-05-14T19:09:55.611Z
notif-4103,in_app,in_app,RATE_LIMITED,rate_limited,4,DLQ,2026-05-01T19:09:55.611Z
notif-4104,email,nodemailer,DND_BLOCKED,dnd_blocked,4,FAILED,2026-06-11T11:13:55.611Z
notif-4105,email,nodemailer,DND_BLOCKED,dnd_blocked,3,DLQ,2026-06-06T12:47:55.611Z
notif-4106,in_app,in_app,INVALID_RECIPIENT,invalid_recipient,5,FAILED,2026-03-28T11:12:55.611Z
notif-4107,sms,msg91,NETWORK_ERROR,network_error,2,FAILED,2026-04-20T12:44:55.611Z
notif-4108,email,nodemailer,INVALID_TEMPLATE,invalid_template,2,FAILED,2026-05-12T10:58:55.611Z
notif-4109,sms,twilio,RATE_LIMITED,rate_limited,1,FAILED,2026-05-22T10:52:55.611Z
notif-4110,push,fcm,RATE_LIMITED,rate_limited,2,FAILED,2026-05-27T11:22:55.611Z
notif-4111,in_app,in_app,INVALID_TEMPLATE,invalid_template,5,FAILED,2026-06-12T10:34:55.611Z
notif-4112,in_app,in_app,DND_BLOCKED,dnd_blocked,4,FAILED,2026-03-23T12:25:55.611Z
notif-4113,in_app,in_app,INVALID_TEMPLATE,invalid_template,3,FAILED,2026-04-15T08:10:55.611Z
notif-4114,sms,msg91,PROVIDER_TIMEOUT,provider_timeout,2,FAILED,2026-04-16T19:09:55.611Z
notif-4115,whatsapp,whatsapp_cloud,PROVIDER_TIMEOUT,provider_timeout,2,FAILED,2026-04-01T19:09:55.611Z
notif-4116,whatsapp,whatsapp_cloud,EXPIRED_TOKEN,expired_token,4,FAILED,2026-04-16T19:09:55.611Z
notif-4117,in_app,in_app,EXPIRED_TOKEN,expired_token,5,DLQ,2026-06-01T12:09:55.612Z
notif-4118,whatsapp,whatsapp_cloud,EXPIRED_TOKEN,expired_token,5,DLQ,2026-05-07T11:50:55.612Z
notif-4119,in_app,in_app,NETWORK_ERROR,network_error,5,DLQ,2026-04-27T10:06:55.612Z
notif-4120,whatsapp,whatsapp_cloud,RATE_LIMITED,rate_limited,1,FAILED,2026-04-21T09:35:55.612Z
notif-4121,sms,msg91,NETWORK_ERROR,network_error,1,DLQ,2026-06-14T10:22:55.612Z
notif-4122,sms,twilio,RATE_LIMITED,rate_limited,2,DLQ,2026-06-04T19:09:55.612Z
notif-4123,in_app,in_app,EXPIRED_TOKEN,expired_token,3,DLQ,2026-05-16T09:20:55.612Z
notif-4124,email,nodemailer,DND_BLOCKED,dnd_blocked,4,FAILED,2026-05-11T19:09:55.612Z
notif-4125,sms,twilio,NETWORK_ERROR,network_error,3,FAILED,2026-04-24T13:04:55.612Z
notif-4126,in_app,in_app,INVALID_TEMPLATE,invalid_template,2,FAILED,2026-05-10T08:00:55.612Z
notif-4127,in_app,in_app,DND_BLOCKED,dnd_blocked,4,FAILED,2026-06-09T10:07:55.612Z
notif-4128,sms,twilio,DND_BLOCKED,dnd_blocked,2,FAILED,2026-04-08T11:51:55.612Z
notif-4129,email,nodemailer,EXPIRED_TOKEN,expired_token,4,FAILED,2026-05-27T19:09:55.612Z
notif-4130,email,nodemailer,RATE_LIMITED,rate_limited,5,FAILED,2026-03-24T13:55:55.612Z
notif-4131,push,fcm,PROVIDER_TIMEOUT,provider_timeout,3,DLQ,2026-04-09T11:12:55.612Z
notif-4132,email,nodemailer,INVALID_RECIPIENT,invalid_recipient,5,DLQ,2026-04-05T19:09:55.612Z
notif-4133,push,fcm,EXPIRED_TOKEN,expired_token,5,DLQ,2026-05-17T13:21:55.612Z
notif-4134,whatsapp,whatsapp_cloud,INVALID_TEMPLATE,invalid_template,3,DLQ,2026-05-28T13:08:55.612Z
notif-4135,whatsapp,whatsapp_cloud,NETWORK_ERROR,network_error,1,DLQ,2026-03-26T09:47:55.612Z
notif-4136,in_app,in_app,INVALID_RECIPIENT,invalid_recipient,4,FAILED,2026-03-25T12:51:55.612Z
notif-4137,push,fcm,INVALID_TEMPLATE,invalid_template,2,FAILED,2026-06-11T19:09:55.612Z
notif-4138,email,nodemailer,EXPIRED_TOKEN,expired_token,2,FAILED,2026-05-21T10:59:55.612Z
notif-4139,in_app,in_app,DND_BLOCKED,dnd_blocked,2,DLQ,2026-06-03T08:43:55.612Z
notif-4140,sms,msg91,INVALID_RECIPIENT,invalid_recipient,4,FAILED,2026-06-06T09:13:55.612Z
notif-4141,push,fcm,INVALID_TEMPLATE,invalid_template,4,FAILED,2026-06-02T19:09:55.612Z
notif-4142,whatsapp,whatsapp_cloud,RATE_LIMITED,rate_limited,3,DLQ,2026-05-18T12:02:55.612Z
notif-4143,push,fcm,INVALID_TEMPLATE,invalid_template,4,FAILED,2026-05-18T19:09:55.612Z
notif-4144,in_app,in_app,DND_BLOCKED,dnd_blocked,4,FAILED,2026-03-27T12:25:55.612Z
notif-4145,push,fcm,EXPIRED_TOKEN,expired_token,3,FAILED,2026-05-18T08:11:55.612Z
notif-4146,whatsapp,whatsapp_cloud,PROVIDER_TIMEOUT,provider_timeout,2,DLQ,2026-05-24T12:36:55.612Z
notif-4147,whatsapp,whatsapp_cloud,PROVIDER_TIMEOUT,provider_timeout,3,FAILED,2026-04-11T10:44:55.612Z
notif-4148,in_app,in_app,DND_BLOCKED,dnd_blocked,1,FAILED,2026-04-15T08:22:55.612Z
notif-4149,in_app,in_app,NETWORK_ERROR,network_error,2,FAILED,2026-04-07T13:43:55.612Z
notif-4150,sms,msg91,INVALID_TEMPLATE,invalid_template,4,FAILED,2026-05-26T11:33:55.612Z
notif-4151,whatsapp,whatsapp_cloud,NETWORK_ERROR,network_error,3,FAILED,2026-05-30T08:05:55.612Z
notif-4152,whatsapp,whatsapp_cloud,RATE_LIMITED,rate_limited,1,FAILED,2026-04-24T08:08:55.612Z
notif-4153,email,nodemailer,DND_BLOCKED,dnd_blocked,2,FAILED,2026-05-01T09:41:55.612Z
notif-4154,in_app,in_app,INVALID_RECIPIENT,invalid_recipient,2,FAILED,2026-04-15T19:09:55.612Z
notif-4155,in_app,in_app,RATE_LIMITED,rate_limited,2,FAILED,2026-05-01T09:21:55.612Z
notif-4156,in_app,in_app,PROVIDER_TIMEOUT,provider_timeout,4,FAILED,2026-04-19T11:37:55.612Z
notif-4157,email,nodemailer,INVALID_TEMPLATE,invalid_template,1,FAILED,2026-05-30T13:43:55.612Z
notif-4158,in_app,in_app,RATE_LIMITED,rate_limited,4,FAILED,2026-04-08T08:35:55.612Z
notif-4159,email,nodemailer,DND_BLOCKED,dnd_blocked,3,FAILED,2026-04-05T08:59:55.612Z
notif-4160,push,fcm,NETWORK_ERROR,network_error,1,FAILED,2026-03-21T10:46:55.612Z
notif-4161,sms,msg91,INVALID_RECIPIENT,invalid_recipient,4,DLQ,2026-03-20T19:09:55.612Z
notif-4162,email,nodemailer,NETWORK_ERROR,network_error,2,FAILED,2026-04-18T09:28:55.612Z
notif-4163,whatsapp,whatsapp_cloud,INVALID_RECIPIENT,invalid_recipient,1,FAILED,2026-06-09T10:56:55.612Z
notif-4164,in_app,in_app,NETWORK_ERROR,network_error,2,FAILED,2026-04-03T10:15:55.612Z
notif-4165,in_app,in_app,NETWORK_ERROR,network_error,3,FAILED,2026-04-28T08:15:55.612Z
notif-4166,sms,msg91,RATE_LIMITED,rate_limited,4,FAILED,2026-06-05T09:01:55.612Z
notif-4167,email,nodemailer,INVALID_TEMPLATE,invalid_template,5,FAILED,2026-03-21T19:09:55.612Z
notif-4168,sms,twilio,INVALID_TEMPLATE,invalid_template,5,FAILED,2026-03-19T13:15:55.612Z
notif-4169,push,fcm,DND_BLOCKED,dnd_blocked,2,FAILED,2026-06-11T10:21:55.612Z
notif-4170,email,nodemailer,PROVIDER_TIMEOUT,provider_timeout,4,DLQ,2026-03-23T13:57:55.612Z
notif-4171,email,nodemailer,INVALID_RECIPIENT,invalid_recipient,4,FAILED,2026-04-19T12:27:55.612Z
notif-4172,sms,msg91,INVALID_RECIPIENT,invalid_recipient,2,FAILED,2026-05-13T08:16:55.612Z
notif-4173,email,nodemailer,PROVIDER_TIMEOUT,provider_timeout,3,DLQ,2026-06-05T11:00:55.612Z
notif-4174,email,nodemailer,RATE_LIMITED,rate_limited,1,FAILED,2026-03-30T13:28:55.612Z
notif-4175,in_app,in_app,INVALID_RECIPIENT,invalid_recipient,3,DLQ,2026-03-27T13:24:55.612Z
notif-4176,sms,msg91,NETWORK_ERROR,network_error,3,FAILED,2026-06-11T08:51:55.612Z
notif-4177,whatsapp,whatsapp_cloud,DND_BLOCKED,dnd_blocked,4,FAILED,2026-04-15T10:42:55.612Z
notif-4178,email,nodemailer,PROVIDER_TIMEOUT,provider_timeout,1,FAILED,2026-06-13T11:22:55.612Z
notif-4179,push,fcm,DND_BLOCKED,dnd_blocked,1,FAILED,2026-06-12T10:02:55.612Z
notif-4180,email,nodemailer,DND_BLOCKED,dnd_blocked,1,FAILED,2026-05-16T13:38:55.612Z
notif-4181,push,fcm,DND_BLOCKED,dnd_blocked,1,DLQ,2026-05-27T19:09:55.612Z
notif-4182,email,nodemailer,INVALID_RECIPIENT,invalid_recipient,3,DLQ,2026-05-21T08:31:55.612Z
notif-4183,whatsapp,whatsapp_cloud,RATE_LIMITED,rate_limited,4,FAILED,2026-04-27T13:11:55.612Z
notif-4184,email,nodemailer,INVALID_RECIPIENT,invalid_recipient,3,FAILED,2026-04-30T12:17:55.612Z
notif-4185,push,fcm,INVALID_RECIPIENT,invalid_recipient,2,FAILED,2026-04-03T11:04:55.612Z
notif-4186,push,fcm,NETWORK_ERROR,network_error,1,FAILED,2026-04-17T12:56:55.612Z
notif-4187,sms,msg91,INVALID_RECIPIENT,invalid_recipient,3,DLQ,2026-05-13T13:42:55.612Z
notif-4188,email,nodemailer,DND_BLOCKED,dnd_blocked,3,DLQ,2026-05-17T19:09:55.612Z
notif-4189,email,nodemailer,INVALID_TEMPLATE,invalid_template,2,FAILED,2026-05-16T09:39:55.612Z
notif-4190,in_app,in_app,DND_BLOCKED,dnd_blocked,5,DLQ,2026-05-08T11:45:55.612Z
notif-4191,email,nodemailer,INVALID_TEMPLATE,invalid_template,2,FAILED,2026-04-09T09:50:55.612Z
notif-4192,in_app,in_app,NETWORK_ERROR,network_error,1,FAILED,2026-04-20T08:29:55.612Z
notif-4193,sms,twilio,PROVIDER_TIMEOUT,provider_timeout,4,DLQ,2026-05-21T19:09:55.612Z
notif-4194,push,fcm,DND_BLOCKED,dnd_blocked,5,FAILED,2026-03-25T10:37:55.612Z
notif-4195,email,nodemailer,NETWORK_ERROR,network_error,1,DLQ,2026-03-24T10:30:55.612Z
notif-4196,email,nodemailer,DND_BLOCKED,dnd_blocked,4,FAILED,2026-03-23T13:10:55.612Z
notif-4197,email,nodemailer,RATE_LIMITED,rate_limited,1,FAILED,2026-05-17T13:05:55.612Z
notif-4198,push,fcm,DND_BLOCKED,dnd_blocked,4,FAILED,2026-05-20T13:06:55.612Z
notif-4199,push,fcm,RATE_LIMITED,rate_limited,3,FAILED,2026-05-05T08:35:55.612Z
notif-4200,in_app,in_app,INVALID_TEMPLATE,invalid_template,2,FAILED,2026-04-26T12:35:55.612Z
notif-4201,in_app,in_app,PROVIDER_TIMEOUT,provider_timeout,5,FAILED,2026-03-31T09:18:55.612Z
notif-4202,sms,msg91,RATE_LIMITED,rate_limited,2,FAILED,2026-05-02T08:18:55.612Z
notif-4203,email,nodemailer,DND_BLOCKED,dnd_blocked,3,FAILED,2026-05-12T09:54:55.612Z
notif-4204,push,fcm,PROVIDER_TIMEOUT,provider_timeout,2,DLQ,2026-06-13T12:40:55.612Z
notif-4205,in_app,in_app,DND_BLOCKED,dnd_blocked,5,FAILED,2026-05-10T12:01:55.612Z
notif-4206,push,fcm,PROVIDER_TIMEOUT,provider_timeout,4,FAILED,2026-04-17T13:46:55.612Z
notif-4207,in_app,in_app,DND_BLOCKED,dnd_blocked,5,FAILED,2026-05-10T12:38:55.612Z
notif-4208,sms,msg91,DND_BLOCKED,dnd_blocked,3,FAILED,2026-04-01T11:24:55.612Z
notif-4209,email,nodemailer,RATE_LIMITED,rate_limited,4,FAILED,2026-05-25T08:44:55.612Z
notif-4210,whatsapp,whatsapp_cloud,RATE_LIMITED,rate_limited,5,DLQ,2026-06-03T11:20:55.612Z
notif-4211,in_app,in_app,INVALID_RECIPIENT,invalid_recipient,5,FAILED,2026-03-22T19:09:55.612Z
notif-4212,push,fcm,RATE_LIMITED,rate_limited,5,DLQ,2026-06-07T09:42:55.612Z
notif-4213,sms,twilio,RATE_LIMITED,rate_limited,2,DLQ,2026-04-18T10:15:55.612Z
notif-4214,sms,msg91,PROVIDER_TIMEOUT,provider_timeout,4,FAILED,2026-04-15T19:09:55.612Z
notif-4215,in_app,in_app,PROVIDER_TIMEOUT,provider_timeout,3,FAILED,2026-04-07T08:21:55.612Z
notif-4216,sms,twilio,EXPIRED_TOKEN,expired_token,3,FAILED,2026-05-19T09:12:55.612Z
notif-4217,email,nodemailer,DND_BLOCKED,dnd_blocked,3,FAILED,2026-06-03T11:21:55.612Z
notif-4218,email,nodemailer,NETWORK_ERROR,network_error,3,FAILED,2026-05-16T19:09:55.612Z
notif-4219,push,fcm,NETWORK_ERROR,network_error,4,FAILED,2026-03-22T19:09:55.612Z
notif-4220,sms,msg91,NETWORK_ERROR,network_error,2,DLQ,2026-05-30T19:09:55.612Z
notif-4221,email,nodemailer,NETWORK_ERROR,network_error,1,FAILED,2026-05-11T11:29:55.612Z
notif-4222,push,fcm,EXPIRED_TOKEN,expired_token,4,FAILED,2026-04-08T11:38:55.612Z
notif-4223,in_app,in_app,RATE_LIMITED,rate_limited,5,FAILED,2026-06-09T13:14:55.612Z
notif-4224,sms,twilio,DND_BLOCKED,dnd_blocked,3,FAILED,2026-06-07T08:39:55.612Z
notif-4225,in_app,in_app,INVALID_TEMPLATE,invalid_template,5,FAILED,2026-03-28T09:35:55.612Z
notif-4226,push,fcm,PROVIDER_TIMEOUT,provider_timeout,1,FAILED,2026-04-29T08:55:55.612Z
notif-4227,sms,twilio,EXPIRED_TOKEN,expired_token,4,FAILED,2026-04-28T08:17:55.612Z
notif-4228,email,nodemailer,NETWORK_ERROR,network_error,4,DLQ,2026-06-13T13:20:55.612Z
notif-4229,in_app,in_app,INVALID_TEMPLATE,invalid_template,1,FAILED,2026-04-29T10:33:55.612Z
notif-4230,email,nodemailer,INVALID_RECIPIENT,invalid_recipient,3,FAILED,2026-03-21T12:29:55.612Z
notif-4231,push,fcm,PROVIDER_TIMEOUT,provider_timeout,3,DLQ,2026-03-26T13:20:55.612Z
notif-4232,sms,msg91,EXPIRED_TOKEN,expired_token,5,FAILED,2026-04-08T19:09:55.612Z
notif-4233,whatsapp,whatsapp_cloud,NETWORK_ERROR,network_error,2,FAILED,2026-03-28T08:00:55.612Z
notif-4234,email,nodemailer,EXPIRED_TOKEN,expired_token,2,FAILED,2026-05-07T11:44:55.612Z
notif-4235,sms,msg91,INVALID_RECIPIENT,invalid_recipient,3,FAILED,2026-03-30T10:34:55.612Z
notif-4236,whatsapp,whatsapp_cloud,RATE_LIMITED,rate_limited,3,DLQ,2026-04-19T12:31:55.612Z
notif-4237,push,fcm,INVALID_RECIPIENT,invalid_recipient,4,DLQ,2026-04-25T09:51:55.612Z
notif-4238,email,nodemailer,EXPIRED_TOKEN,expired_token,2,FAILED,2026-06-05T19:09:55.612Z
notif-4239,in_app,in_app,RATE_LIMITED,rate_limited,1,FAILED,2026-04-09T10:38:55.612Z
notif-4240,whatsapp,whatsapp_cloud,EXPIRED_TOKEN,expired_token,3,FAILED,2026-04-09T10:19:55.612Z
notif-4241,email,nodemailer,DND_BLOCKED,dnd_blocked,3,FAILED,2026-04-11T13:46:55.612Z
notif-4242,in_app,in_app,PROVIDER_TIMEOUT,provider_timeout,2,FAILED,2026-05-26T09:39:55.612Z
notif-4243,push,fcm,NETWORK_ERROR,network_error,2,FAILED,2026-04-04T09:32:55.612Z
notif-4244,sms,twilio,PROVIDER_TIMEOUT,provider_timeout,1,FAILED,2026-04-05T11:39:55.612Z
notif-4245,email,nodemailer,INVALID_RECIPIENT,invalid_recipient,1,DLQ,2026-04-20T10:19:55.612Z
notif-4246,sms,twilio,RATE_LIMITED,rate_limited,4,FAILED,2026-05-09T08:26:55.612Z
notif-4247,email,nodemailer,INVALID_TEMPLATE,invalid_template,2,FAILED,2026-03-30T08:13:55.612Z
notif-4248,email,nodemailer,INVALID_RECIPIENT,invalid_recipient,4,FAILED,2026-06-15T09:51:55.612Z
notif-4249,push,fcm,RATE_LIMITED,rate_limited,5,FAILED,2026-05-22T10:23:55.612Z
notif-4250,push,fcm,EXPIRED_TOKEN,expired_token,3,DLQ,2026-04-26T12:25:55.612Z
notif-4251,in_app,in_app,RATE_LIMITED,rate_limited,4,DLQ,2026-06-06T11:44:55.612Z
notif-4252,email,nodemailer,PROVIDER_TIMEOUT,provider_timeout,3,FAILED,2026-05-06T08:34:55.612Z
notif-4253,in_app,in_app,RATE_LIMITED,rate_limited,4,FAILED,2026-05-19T11:04:55.612Z
notif-4254,push,fcm,INVALID_RECIPIENT,invalid_recipient,4,DLQ,2026-04-16T11:30:55.612Z
notif-4255,whatsapp,whatsapp_cloud,INVALID_RECIPIENT,invalid_recipient,1,FAILED,2026-04-02T08:04:55.612Z
notif-4256,whatsapp,whatsapp_cloud,NETWORK_ERROR,network_error,5,FAILED,2026-05-13T08:14:55.612Z
notif-4257,push,fcm,EXPIRED_TOKEN,expired_token,3,DLQ,2026-06-15T13:17:55.612Z
notif-4258,push,fcm,INVALID_RECIPIENT,invalid_recipient,2,FAILED,2026-03-19T19:09:55.612Z
notif-4259,whatsapp,whatsapp_cloud,DND_BLOCKED,dnd_blocked,5,FAILED,2026-04-24T10:34:55.612Z
notif-4260,whatsapp,whatsapp_cloud,INVALID_RECIPIENT,invalid_recipient,5,DLQ,2026-04-19T19:09:55.612Z
notif-4261,email,nodemailer,DND_BLOCKED,dnd_blocked,1,DLQ,2026-04-20T19:09:55.612Z
notif-4262,push,fcm,INVALID_TEMPLATE,invalid_template,5,DLQ,2026-06-03T12:35:55.612Z
notif-4263,push,fcm,INVALID_TEMPLATE,invalid_template,1,FAILED,2026-06-10T12:16:55.612Z
notif-4264,sms,msg91,NETWORK_ERROR,network_error,1,FAILED,2026-06-01T11:39:55.612Z
notif-4265,email,nodemailer,PROVIDER_TIMEOUT,provider_timeout,2,FAILED,2026-03-26T08:28:55.612Z
notif-4266,sms,msg91,PROVIDER_TIMEOUT,provider_timeout,1,FAILED,2026-05-11T19:09:55.612Z
notif-4267,whatsapp,whatsapp_cloud,DND_BLOCKED,dnd_blocked,1,FAILED,2026-04-22T19:09:55.612Z
notif-4268,email,nodemailer,RATE_LIMITED,rate_limited,4,FAILED,2026-04-17T12:52:55.612Z
notif-4269,sms,msg91,EXPIRED_TOKEN,expired_token,3,DLQ,2026-04-19T13:05:55.612Z
notif-4270,sms,twilio,PROVIDER_TIMEOUT,provider_timeout,1,FAILED,2026-05-04T13:09:55.612Z
notif-4271,push,fcm,EXPIRED_TOKEN,expired_token,4,DLQ,2026-03-22T19:09:55.612Z
notif-4272,email,nodemailer,NETWORK_ERROR,network_error,5,FAILED,2026-03-27T19:09:55.612Z
notif-4273,sms,twilio,RATE_LIMITED,rate_limited,5,FAILED,2026-04-17T08:00:55.612Z
notif-4274,whatsapp,whatsapp_cloud,RATE_LIMITED,rate_limited,3,FAILED,2026-04-06T19:09:55.612Z
notif-4275,email,nodemailer,EXPIRED_TOKEN,expired_token,2,DLQ,2026-03-30T10:24:55.612Z
notif-4276,whatsapp,whatsapp_cloud,DND_BLOCKED,dnd_blocked,5,FAILED,2026-06-05T11:13:55.612Z
notif-4277,push,fcm,DND_BLOCKED,dnd_blocked,1,FAILED,2026-04-17T13:37:55.612Z
notif-4278,push,fcm,RATE_LIMITED,rate_limited,4,DLQ,2026-05-22T19:09:55.612Z
notif-4279,push,fcm,PROVIDER_TIMEOUT,provider_timeout,1,DLQ,2026-06-08T08:04:55.612Z
notif-4280,whatsapp,whatsapp_cloud,INVALID_TEMPLATE,invalid_template,5,FAILED,2026-04-29T19:09:55.612Z
notif-4281,push,fcm,INVALID_TEMPLATE,invalid_template,2,FAILED,2026-05-02T09:49:55.612Z
notif-4282,push,fcm,PROVIDER_TIMEOUT,provider_timeout,3,DLQ,2026-05-11T19:09:55.612Z
notif-4283,push,fcm,INVALID_RECIPIENT,invalid_recipient,5,DLQ,2026-06-01T10:14:55.612Z
notif-4284,in_app,in_app,PROVIDER_TIMEOUT,provider_timeout,5,FAILED,2026-03-23T08:45:55.612Z
notif-4285,push,fcm,INVALID_RECIPIENT,invalid_recipient,4,FAILED,2026-04-12T08:03:55.612Z
notif-4286,whatsapp,whatsapp_cloud,NETWORK_ERROR,network_error,3,DLQ,2026-05-09T09:35:55.612Z
notif-4287,push,fcm,EXPIRED_TOKEN,expired_token,4,FAILED,2026-04-05T09:37:55.612Z
notif-4288,sms,msg91,PROVIDER_TIMEOUT,provider_timeout,2,DLQ,2026-05-26T19:09:55.612Z
notif-4289,email,nodemailer,RATE_LIMITED,rate_limited,3,DLQ,2026-04-29T12:44:55.612Z
notif-4290,sms,twilio,NETWORK_ERROR,network_error,2,FAILED,2026-03-19T11:36:55.612Z
notif-4291,email,nodemailer,NETWORK_ERROR,network_error,5,FAILED,2026-03-28T08:05:55.612Z
notif-4292,email,nodemailer,DND_BLOCKED,dnd_blocked,3,DLQ,2026-05-05T19:09:55.612Z
notif-4293,push,fcm,RATE_LIMITED,rate_limited,4,FAILED,2026-03-21T09:25:55.612Z
notif-4294,whatsapp,whatsapp_cloud,EXPIRED_TOKEN,expired_token,4,FAILED,2026-05-20T11:46:55.612Z
notif-4295,push,fcm,NETWORK_ERROR,network_error,5,FAILED,2026-03-18T10:30:55.612Z
notif-4296,whatsapp,whatsapp_cloud,EXPIRED_TOKEN,expired_token,5,FAILED,2026-04-23T19:09:55.612Z
notif-4297,push,fcm,DND_BLOCKED,dnd_blocked,5,FAILED,2026-04-03T08:39:55.612Z
notif-4298,push,fcm,NETWORK_ERROR,network_error,5,DLQ,2026-06-03T13:57:55.612Z
notif-4299,push,fcm,INVALID_TEMPLATE,invalid_template,3,FAILED,2026-04-07T10:58:55.612Z
notif-4300,email,nodemailer,INVALID_TEMPLATE,invalid_template,4,FAILED,2026-04-15T08:33:55.612Z
notif-4301,email,nodemailer,PROVIDER_TIMEOUT,provider_timeout,5,DLQ,2026-04-29T11:05:55.612Z
notif-4302,sms,twilio,PROVIDER_TIMEOUT,provider_timeout,3,FAILED,2026-06-01T10:32:55.612Z
notif-4303,in_app,in_app,RATE_LIMITED,rate_limited,4,FAILED,2026-04-09T09:00:55.612Z
notif-4304,in_app,in_app,INVALID_RECIPIENT,invalid_recipient,1,FAILED,2026-06-02T10:36:55.612Z
notif-4305,push,fcm,INVALID_TEMPLATE,invalid_template,3,FAILED,2026-05-04T12:49:55.612Z
notif-4306,sms,msg91,INVALID_RECIPIENT,invalid_recipient,4,FAILED,2026-04-25T12:23:55.612Z
notif-4307,in_app,in_app,DND_BLOCKED,dnd_blocked,3,FAILED,2026-06-05T12:58:55.612Z
notif-4308,whatsapp,whatsapp_cloud,EXPIRED_TOKEN,expired_token,5,FAILED,2026-03-19T10:15:55.612Z
notif-4309,sms,msg91,RATE_LIMITED,rate_limited,2,DLQ,2026-05-31T09:55:55.612Z
notif-4310,in_app,in_app,PROVIDER_TIMEOUT,provider_timeout,2,FAILED,2026-03-20T19:09:55.612Z
notif-4311,push,fcm,RATE_LIMITED,rate_limited,5,DLQ,2026-05-13T11:51:55.612Z
notif-4312,in_app,in_app,INVALID_RECIPIENT,invalid_recipient,2,DLQ,2026-04-07T08:34:55.612Z
notif-4313,push,fcm,INVALID_RECIPIENT,invalid_recipient,5,DLQ,2026-05-28T08:24:55.612Z
notif-4314,push,fcm,INVALID_TEMPLATE,invalid_template,1,FAILED,2026-05-12T08:02:55.612Z
notif-4315,in_app,in_app,DND_BLOCKED,dnd_blocked,5,FAILED,2026-06-09T13:04:55.612Z
notif-4316,whatsapp,whatsapp_cloud,PROVIDER_TIMEOUT,provider_timeout,3,FAILED,2026-05-02T08:19:55.612Z
notif-4317,sms,msg91,EXPIRED_TOKEN,expired_token,4,DLQ,2026-04-07T10:51:55.612Z
notif-4318,whatsapp,whatsapp_cloud,DND_BLOCKED,dnd_blocked,1,DLQ,2026-04-06T10:01:55.612Z
notif-4319,sms,msg91,DND_BLOCKED,dnd_blocked,2,FAILED,2026-06-14T08:34:55.612Z
notif-4320,in_app,in_app,NETWORK_ERROR,network_error,1,DLQ,2026-05-04T13:22:55.612Z
notif-4321,push,fcm,EXPIRED_TOKEN,expired_token,3,FAILED,2026-06-09T19:09:55.612Z
notif-4322,push,fcm,DND_BLOCKED,dnd_blocked,3,FAILED,2026-05-12T12:04:55.612Z
notif-4323,in_app,in_app,RATE_LIMITED,rate_limited,4,FAILED,2026-04-10T10:01:55.612Z
notif-4324,in_app,in_app,DND_BLOCKED,dnd_blocked,3,FAILED,2026-06-03T12:37:55.612Z
notif-4325,email,nodemailer,DND_BLOCKED,dnd_blocked,4,FAILED,2026-05-07T10:56:55.612Z
notif-4326,in_app,in_app,INVALID_TEMPLATE,invalid_template,2,DLQ,2026-04-21T10:30:55.612Z
notif-4327,in_app,in_app,NETWORK_ERROR,network_error,1,FAILED,2026-03-18T08:10:55.612Z
notif-4328,in_app,in_app,INVALID_RECIPIENT,invalid_recipient,4,FAILED,2026-04-20T13:32:55.612Z
notif-4329,push,fcm,RATE_LIMITED,rate_limited,1,FAILED,2026-05-31T11:57:55.612Z
notif-4330,whatsapp,whatsapp_cloud,EXPIRED_TOKEN,expired_token,5,FAILED,2026-05-04T08:56:55.612Z
notif-4331,whatsapp,whatsapp_cloud,PROVIDER_TIMEOUT,provider_timeout,2,DLQ,2026-05-22T11:18:55.612Z
notif-4332,email,nodemailer,RATE_LIMITED,rate_limited,3,FAILED,2026-05-20T10:01:55.612Z
notif-4333,whatsapp,whatsapp_cloud,DND_BLOCKED,dnd_blocked,3,DLQ,2026-06-06T12:13:55.612Z
notif-4334,push,fcm,NETWORK_ERROR,network_error,3,DLQ,2026-04-13T13:14:55.612Z
notif-4335,email,nodemailer,NETWORK_ERROR,network_error,1,FAILED,2026-05-17T09:44:55.612Z
notif-4336,in_app,in_app,RATE_LIMITED,rate_limited,2,FAILED,2026-04-19T13:05:55.612Z
notif-4337,sms,msg91,NETWORK_ERROR,network_error,3,FAILED,2026-04-26T13:02:55.612Z
notif-4338,email,nodemailer,INVALID_TEMPLATE,invalid_template,2,FAILED,2026-04-26T12:06:55.612Z
notif-4339,whatsapp,whatsapp_cloud,PROVIDER_TIMEOUT,provider_timeout,3,FAILED,2026-05-13T08:48:55.612Z
notif-4340,in_app,in_app,INVALID_TEMPLATE,invalid_template,4,FAILED,2026-04-29T19:09:55.612Z
notif-4341,push,fcm,EXPIRED_TOKEN,expired_token,3,DLQ,2026-05-21T09:32:55.612Z
notif-4342,in_app,in_app,RATE_LIMITED,rate_limited,4,FAILED,2026-06-08T13:27:55.612Z
notif-4343,email,nodemailer,DND_BLOCKED,dnd_blocked,4,FAILED,2026-05-13T13:33:55.612Z
notif-4344,in_app,in_app,INVALID_TEMPLATE,invalid_template,5,DLQ,2026-05-14T19:09:55.612Z
notif-4345,push,fcm,NETWORK_ERROR,network_error,3,FAILED,2026-05-28T08:34:55.612Z
notif-4346,in_app,in_app,INVALID_RECIPIENT,invalid_recipient,5,FAILED,2026-04-17T08:06:55.612Z
notif-4347,whatsapp,whatsapp_cloud,INVALID_TEMPLATE,invalid_template,1,FAILED,2026-03-19T13:07:55.612Z
notif-4348,whatsapp,whatsapp_cloud,RATE_LIMITED,rate_limited,2,FAILED,2026-04-13T12:27:55.612Z
notif-4349,email,nodemailer,RATE_LIMITED,rate_limited,3,DLQ,2026-05-29T13:56:55.612Z
notif-4350,email,nodemailer,PROVIDER_TIMEOUT,provider_timeout,4,DLQ,2026-06-01T12:21:55.612Z
notif-4351,email,nodemailer,RATE_LIMITED,rate_limited,4,DLQ,2026-05-05T19:09:55.612Z
notif-4352,whatsapp,whatsapp_cloud,INVALID_TEMPLATE,invalid_template,4,DLQ,2026-06-01T13:42:55.612Z
notif-4353,sms,twilio,RATE_LIMITED,rate_limited,1,FAILED,2026-05-23T19:09:55.612Z
notif-4354,push,fcm,INVALID_TEMPLATE,invalid_template,3,FAILED,2026-04-14T09:53:55.612Z
notif-4355,email,nodemailer,INVALID_RECIPIENT,invalid_recipient,5,FAILED,2026-03-21T09:12:55.612Z
notif-4356,whatsapp,whatsapp_cloud,INVALID_RECIPIENT,invalid_recipient,4,FAILED,2026-04-25T13:35:55.612Z
notif-4357,sms,msg91,INVALID_TEMPLATE,invalid_template,3,DLQ,2026-05-22T10:58:55.612Z
notif-4358,email,nodemailer,NETWORK_ERROR,network_error,5,DLQ,2026-04-24T11:57:55.612Z
notif-4359,email,nodemailer,INVALID_TEMPLATE,invalid_template,3,DLQ,2026-06-13T12:15:55.612Z
notif-4360,email,nodemailer,RATE_LIMITED,rate_limited,5,FAILED,2026-03-23T12:09:55.612Z
notif-4361,email,nodemailer,PROVIDER_TIMEOUT,provider_timeout,1,DLQ,2026-04-24T19:09:55.612Z
notif-4362,sms,msg91,EXPIRED_TOKEN,expired_token,4,FAILED,2026-04-29T11:30:55.612Z
notif-4363,sms,twilio,DND_BLOCKED,dnd_blocked,3,DLQ,2026-04-01T10:23:55.612Z
notif-4364,push,fcm,INVALID_TEMPLATE,invalid_template,5,DLQ,2026-05-25T11:53:55.612Z
notif-4365,sms,twilio,RATE_LIMITED,rate_limited,3,FAILED,2026-04-24T08:18:55.612Z
notif-4366,whatsapp,whatsapp_cloud,RATE_LIMITED,rate_limited,4,DLQ,2026-06-10T19:09:55.612Z
notif-4367,in_app,in_app,DND_BLOCKED,dnd_blocked,2,FAILED,2026-04-20T10:27:55.612Z
notif-4368,in_app,in_app,PROVIDER_TIMEOUT,provider_timeout,4,FAILED,2026-06-01T08:18:55.612Z
notif-4369,in_app,in_app,DND_BLOCKED,dnd_blocked,5,FAILED,2026-04-23T09:08:55.612Z
notif-4370,in_app,in_app,EXPIRED_TOKEN,expired_token,2,DLQ,2026-05-01T19:09:55.612Z
notif-4371,sms,twilio,NETWORK_ERROR,network_error,4,DLQ,2026-05-19T12:16:55.612Z
notif-4372,sms,msg91,INVALID_RECIPIENT,invalid_recipient,2,FAILED,2026-05-13T10:40:55.612Z
notif-4373,in_app,in_app,PROVIDER_TIMEOUT,provider_timeout,3,FAILED,2026-06-11T13:08:55.612Z
notif-4374,email,nodemailer,INVALID_TEMPLATE,invalid_template,5,DLQ,2026-04-07T11:07:55.612Z
notif-4375,whatsapp,whatsapp_cloud,PROVIDER_TIMEOUT,provider_timeout,5,DLQ,2026-04-17T11:22:55.612Z
notif-4376,email,nodemailer,INVALID_TEMPLATE,invalid_template,3,FAILED,2026-05-04T09:06:55.612Z
notif-4377,whatsapp,whatsapp_cloud,INVALID_TEMPLATE,invalid_template,3,FAILED,2026-06-07T11:14:55.612Z
notif-4378,sms,twilio,INVALID_RECIPIENT,invalid_recipient,1,FAILED,2026-05-21T08:41:55.612Z
notif-4379,whatsapp,whatsapp_cloud,INVALID_RECIPIENT,invalid_recipient,2,FAILED,2026-03-29T11:38:55.612Z
notif-4380,whatsapp,whatsapp_cloud,DND_BLOCKED,dnd_blocked,4,FAILED,2026-04-02T08:15:55.612Z
notif-4381,in_app,in_app,RATE_LIMITED,rate_limited,2,FAILED,2026-05-16T12:39:55.612Z
notif-4382,in_app,in_app,RATE_LIMITED,rate_limited,3,FAILED,2026-06-15T08:15:55.612Z
notif-4383,email,nodemailer,NETWORK_ERROR,network_error,2,DLQ,2026-05-29T19:09:55.612Z
notif-4384,push,fcm,INVALID_RECIPIENT,invalid_recipient,5,FAILED,2026-06-01T08:16:55.612Z
notif-4385,whatsapp,whatsapp_cloud,DND_BLOCKED,dnd_blocked,2,DLQ,2026-03-19T12:04:55.612Z
notif-4386,in_app,in_app,INVALID_RECIPIENT,invalid_recipient,2,DLQ,2026-04-29T11:42:55.612Z
notif-4387,whatsapp,whatsapp_cloud,NETWORK_ERROR,network_error,2,FAILED,2026-05-12T13:34:55.612Z
notif-4388,sms,msg91,DND_BLOCKED,dnd_blocked,1,DLQ,2026-04-15T11:48:55.612Z
notif-4389,in_app,in_app,EXPIRED_TOKEN,expired_token,4,FAILED,2026-06-08T10:31:55.612Z
notif-4390,sms,msg91,INVALID_TEMPLATE,invalid_template,2,DLQ,2026-04-29T12:37:55.612Z
notif-4391,email,nodemailer,NETWORK_ERROR,network_error,1,DLQ,2026-03-23T12:03:55.612Z
notif-4392,email,nodemailer,INVALID_TEMPLATE,invalid_template,1,DLQ,2026-05-31T12:06:55.612Z
notif-4393,push,fcm,INVALID_RECIPIENT,invalid_recipient,3,FAILED,2026-06-15T19:09:55.612Z
notif-4394,push,fcm,INVALID_TEMPLATE,invalid_template,1,FAILED,2026-03-24T19:09:55.612Z
notif-4395,email,nodemailer,RATE_LIMITED,rate_limited,1,DLQ,2026-05-18T19:09:55.612Z
notif-4396,sms,twilio,INVALID_RECIPIENT,invalid_recipient,3,FAILED,2026-03-19T08:15:55.612Z
notif-4397,in_app,in_app,EXPIRED_TOKEN,expired_token,1,DLQ,2026-03-28T13:59:55.612Z
notif-4398,push,fcm,NETWORK_ERROR,network_error,1,DLQ,2026-05-19T12:55:55.612Z
notif-4399,whatsapp,whatsapp_cloud,RATE_LIMITED,rate_limited,2,FAILED,2026-04-14T10:16:55.612Z
notif-4400,in_app,in_app,INVALID_TEMPLATE,invalid_template,4,FAILED,2026-04-20T19:09:55.612Z
notif-4401,sms,msg91,NETWORK_ERROR,network_error,1,FAILED,2026-06-14T19:09:55.612Z
notif-4402,push,fcm,DND_BLOCKED,dnd_blocked,4,FAILED,2026-05-14T12:01:55.612Z
notif-4403,whatsapp,whatsapp_cloud,PROVIDER_TIMEOUT,provider_timeout,1,DLQ,2026-05-12T13:04:55.612Z
notif-4404,sms,twilio,RATE_LIMITED,rate_limited,5,FAILED,2026-04-28T09:38:55.612Z
notif-4405,sms,msg91,RATE_LIMITED,rate_limited,3,DLQ,2026-05-15T10:16:55.612Z
notif-4406,push,fcm,PROVIDER_TIMEOUT,provider_timeout,5,FAILED,2026-05-22T19:09:55.612Z
notif-4407,in_app,in_app,EXPIRED_TOKEN,expired_token,2,DLQ,2026-05-03T09:37:55.612Z
notif-4408,whatsapp,whatsapp_cloud,NETWORK_ERROR,network_error,3,FAILED,2026-06-09T19:09:55.612Z
notif-4409,whatsapp,whatsapp_cloud,NETWORK_ERROR,network_error,1,FAILED,2026-05-13T08:15:55.612Z
notif-4410,in_app,in_app,INVALID_RECIPIENT,invalid_recipient,5,FAILED,2026-03-30T12:24:55.612Z
notif-4411,whatsapp,whatsapp_cloud,INVALID_TEMPLATE,invalid_template,3,FAILED,2026-06-07T10:34:55.612Z
notif-4412,push,fcm,DND_BLOCKED,dnd_blocked,3,DLQ,2026-05-20T09:47:55.612Z
notif-4413,push,fcm,INVALID_TEMPLATE,invalid_template,5,DLQ,2026-03-19T19:09:55.612Z
notif-4414,sms,twilio,INVALID_TEMPLATE,invalid_template,3,FAILED,2026-05-09T11:14:55.612Z
notif-4415,in_app,in_app,EXPIRED_TOKEN,expired_token,4,FAILED,2026-04-12T13:58:55.612Z
notif-4416,email,nodemailer,INVALID_RECIPIENT,invalid_recipient,1,DLQ,2026-05-20T13:08:55.612Z
notif-4417,in_app,in_app,NETWORK_ERROR,network_error,3,FAILED,2026-04-16T09:32:55.612Z
notif-4418,sms,msg91,INVALID_RECIPIENT,invalid_recipient,1,DLQ,2026-06-13T08:05:55.612Z
notif-4419,sms,msg91,RATE_LIMITED,rate_limited,5,DLQ,2026-05-28T08:10:55.612Z
notif-4420,whatsapp,whatsapp_cloud,NETWORK_ERROR,network_error,3,DLQ,2026-04-20T09:57:55.612Z
notif-4421,whatsapp,whatsapp_cloud,NETWORK_ERROR,network_error,5,FAILED,2026-04-23T08:10:55.612Z
notif-4422,in_app,in_app,RATE_LIMITED,rate_limited,2,FAILED,2026-04-05T12:43:55.612Z
notif-4423,sms,twilio,NETWORK_ERROR,network_error,3,FAILED,2026-04-04T08:03:55.612Z
notif-4424,whatsapp,whatsapp_cloud,RATE_LIMITED,rate_limited,5,FAILED,2026-05-08T11:45:55.612Z
notif-4425,in_app,in_app,INVALID_TEMPLATE,invalid_template,4,FAILED,2026-03-31T12:31:55.612Z
notif-4426,sms,msg91,INVALID_RECIPIENT,invalid_recipient,2,FAILED,2026-03-19T11:33:55.612Z
notif-4427,sms,msg91,INVALID_TEMPLATE,invalid_template,2,DLQ,2026-04-04T11:45:55.612Z
notif-4428,sms,twilio,EXPIRED_TOKEN,expired_token,5,DLQ,2026-03-30T10:54:55.612Z
notif-4429,push,fcm,EXPIRED_TOKEN,expired_token,2,FAILED,2026-04-28T09:35:55.612Z
notif-4430,in_app,in_app,PROVIDER_TIMEOUT,provider_timeout,1,FAILED,2026-04-10T11:23:55.612Z
notif-4431,whatsapp,whatsapp_cloud,NETWORK_ERROR,network_error,3,FAILED,2026-04-16T11:48:55.612Z
notif-4432,push,fcm,PROVIDER_TIMEOUT,provider_timeout,3,FAILED,2026-04-20T12:10:55.612Z
notif-4433,sms,msg91,PROVIDER_TIMEOUT,provider_timeout,4,DLQ,2026-06-02T13:13:55.612Z
notif-4434,whatsapp,whatsapp_cloud,INVALID_TEMPLATE,invalid_template,1,FAILED,2026-03-28T08:01:55.612Z
notif-4435,in_app,in_app,EXPIRED_TOKEN,expired_token,2,FAILED,2026-04-14T19:09:55.612Z
notif-4436,in_app,in_app,INVALID_RECIPIENT,invalid_recipient,3,DLQ,2026-04-23T11:19:55.612Z
notif-4437,push,fcm,DND_BLOCKED,dnd_blocked,4,DLQ,2026-04-10T10:27:55.612Z
notif-4438,sms,twilio,INVALID_RECIPIENT,invalid_recipient,3,FAILED,2026-05-30T09:59:55.612Z
notif-4439,push,fcm,INVALID_RECIPIENT,invalid_recipient,1,DLQ,2026-04-08T13:11:55.612Z
notif-4440,whatsapp,whatsapp_cloud,INVALID_TEMPLATE,invalid_template,3,FAILED,2026-05-18T08:20:55.612Z
notif-4441,in_app,in_app,PROVIDER_TIMEOUT,provider_timeout,1,DLQ,2026-06-14T13:18:55.612Z
notif-4442,in_app,in_app,NETWORK_ERROR,network_error,4,FAILED,2026-04-07T13:54:55.612Z
notif-4443,in_app,in_app,NETWORK_ERROR,network_error,1,FAILED,2026-04-13T11:44:55.612Z
notif-4444,sms,twilio,NETWORK_ERROR,network_error,4,FAILED,2026-04-16T10:30:55.612Z
notif-4445,sms,msg91,INVALID_RECIPIENT,invalid_recipient,4,DLQ,2026-05-23T12:52:55.612Z
notif-4446,push,fcm,INVALID_TEMPLATE,invalid_template,4,FAILED,2026-04-22T11:46:55.612Z
notif-4447,whatsapp,whatsapp_cloud,DND_BLOCKED,dnd_blocked,1,DLQ,2026-06-01T19:09:55.612Z
notif-4448,push,fcm,DND_BLOCKED,dnd_blocked,2,FAILED,2026-04-26T13:47:55.612Z
notif-4449,push,fcm,EXPIRED_TOKEN,expired_token,5,DLQ,2026-05-29T08:52:55.612Z
notif-4450,in_app,in_app,NETWORK_ERROR,network_error,2,FAILED,2026-06-12T13:05:55.612Z
notif-4451,in_app,in_app,NETWORK_ERROR,network_error,1,FAILED,2026-04-09T11:57:55.612Z
notif-4452,push,fcm,PROVIDER_TIMEOUT,provider_timeout,5,FAILED,2026-04-16T19:09:55.612Z
notif-4453,sms,msg91,INVALID_RECIPIENT,invalid_recipient,2,DLQ,2026-06-03T13:03:55.612Z
notif-4454,email,nodemailer,INVALID_RECIPIENT,invalid_recipient,5,FAILED,2026-05-02T12:31:55.612Z
notif-4455,whatsapp,whatsapp_cloud,INVALID_TEMPLATE,invalid_template,1,FAILED,2026-04-24T11:13:55.612Z
notif-4456,sms,msg91,NETWORK_ERROR,network_error,2,FAILED,2026-05-23T19:09:55.612Z
notif-4457,push,fcm,EXPIRED_TOKEN,expired_token,1,FAILED,2026-05-20T08:44:55.612Z
notif-4458,in_app,in_app,PROVIDER_TIMEOUT,provider_timeout,2,DLQ,2026-05-08T19:09:55.612Z
notif-4459,email,nodemailer,RATE_LIMITED,rate_limited,2,DLQ,2026-05-02T11:01:55.612Z
notif-4460,whatsapp,whatsapp_cloud,EXPIRED_TOKEN,expired_token,4,DLQ,2026-05-18T10:31:55.612Z
notif-4461,email,nodemailer,EXPIRED_TOKEN,expired_token,4,FAILED,2026-04-07T13:51:55.612Z
notif-4462,push,fcm,DND_BLOCKED,dnd_blocked,5,FAILED,2026-06-02T12:49:55.612Z
notif-4463,in_app,in_app,NETWORK_ERROR,network_error,2,DLQ,2026-05-12T12:36:55.612Z
notif-4464,push,fcm,EXPIRED_TOKEN,expired_token,1,FAILED,2026-03-31T12:56:55.612Z
notif-4465,whatsapp,whatsapp_cloud,PROVIDER_TIMEOUT,provider_timeout,3,DLQ,2026-03-30T19:09:55.612Z
notif-4466,sms,msg91,RATE_LIMITED,rate_limited,2,FAILED,2026-05-06T13:57:55.612Z
notif-4467,email,nodemailer,RATE_LIMITED,rate_limited,5,DLQ,2026-04-18T11:39:55.612Z
notif-4468,push,fcm,PROVIDER_TIMEOUT,provider_timeout,3,FAILED,2026-05-09T09:19:55.612Z
notif-4469,email,nodemailer,EXPIRED_TOKEN,expired_token,5,FAILED,2026-04-15T12:32:55.612Z
notif-4470,in_app,in_app,RATE_LIMITED,rate_limited,5,FAILED,2026-03-24T09:41:55.612Z
notif-4471,whatsapp,whatsapp_cloud,INVALID_RECIPIENT,invalid_recipient,1,FAILED,2026-04-13T11:13:55.612Z
notif-4472,sms,twilio,PROVIDER_TIMEOUT,provider_timeout,5,FAILED,2026-04-17T13:03:55.612Z
notif-4473,in_app,in_app,PROVIDER_TIMEOUT,provider_timeout,5,FAILED,2026-04-29T19:09:55.613Z
notif-4474,push,fcm,INVALID_RECIPIENT,invalid_recipient,1,FAILED,2026-05-28T13:25:55.613Z
notif-4475,email,nodemailer,INVALID_RECIPIENT,invalid_recipient,5,FAILED,2026-05-14T19:09:55.613Z
notif-4476,in_app,in_app,EXPIRED_TOKEN,expired_token,2,FAILED,2026-05-01T13:04:55.613Z
notif-4477,email,nodemailer,INVALID_TEMPLATE,invalid_template,5,DLQ,2026-05-19T12:40:55.613Z
notif-4478,push,fcm,RATE_LIMITED,rate_limited,1,DLQ,2026-03-31T19:09:55.613Z
notif-4479,in_app,in_app,DND_BLOCKED,dnd_blocked,2,FAILED,2026-04-04T08:34:55.613Z
notif-4480,whatsapp,whatsapp_cloud,DND_BLOCKED,dnd_blocked,2,FAILED,2026-06-01T09:59:55.613Z
notif-4481,in_app,in_app,EXPIRED_TOKEN,expired_token,1,DLQ,2026-04-04T09:55:55.613Z
notif-4482,in_app,in_app,NETWORK_ERROR,network_error,3,FAILED,2026-04-15T11:14:55.613Z
notif-4483,sms,twilio,DND_BLOCKED,dnd_blocked,4,FAILED,2026-04-19T09:32:55.613Z
notif-4484,in_app,in_app,DND_BLOCKED,dnd_blocked,4,DLQ,2026-05-28T08:02:55.613Z
notif-4485,whatsapp,whatsapp_cloud,RATE_LIMITED,rate_limited,4,FAILED,2026-03-30T11:19:55.613Z
notif-4486,in_app,in_app,PROVIDER_TIMEOUT,provider_timeout,5,DLQ,2026-04-21T19:09:55.613Z
notif-4487,whatsapp,whatsapp_cloud,NETWORK_ERROR,network_error,4,FAILED,2026-05-19T10:02:55.613Z
notif-4488,in_app,in_app,INVALID_RECIPIENT,invalid_recipient,1,FAILED,2026-05-20T09:06:55.613Z
notif-4489,push,fcm,RATE_LIMITED,rate_limited,4,FAILED,2026-04-14T08:50:55.613Z
notif-4490,push,fcm,DND_BLOCKED,dnd_blocked,4,DLQ,2026-05-01T12:11:55.613Z
notif-4491,in_app,in_app,PROVIDER_TIMEOUT,provider_timeout,5,FAILED,2026-05-26T19:09:55.613Z
notif-4492,in_app,in_app,PROVIDER_TIMEOUT,provider_timeout,1,FAILED,2026-06-02T19:09:55.613Z
notif-4493,push,fcm,PROVIDER_TIMEOUT,provider_timeout,3,FAILED,2026-04-20T09:04:55.613Z
notif-4494,whatsapp,whatsapp_cloud,RATE_LIMITED,rate_limited,4,FAILED,2026-05-24T12:45:55.613Z
notif-4495,sms,twilio,RATE_LIMITED,rate_limited,4,FAILED,2026-05-30T12:35:55.613Z
notif-4496,in_app,in_app,PROVIDER_TIMEOUT,provider_timeout,3,DLQ,2026-05-30T11:48:55.613Z
notif-4497,in_app,in_app,EXPIRED_TOKEN,expired_token,5,FAILED,2026-05-24T08:42:55.613Z
notif-4498,in_app,in_app,INVALID_RECIPIENT,invalid_recipient,5,FAILED,2026-05-16T09:33:55.613Z
notif-4499,email,nodemailer,PROVIDER_TIMEOUT,provider_timeout,4,FAILED,2026-04-13T10:23:55.613Z
notif-4500,email,nodemailer,RATE_LIMITED,rate_limited,1,DLQ,2026-03-29T10:45:55.613Z
notif-4501,push,fcm,EXPIRED_TOKEN,expired_token,1,DLQ,2026-06-06T13:59:55.613Z
notif-4502,email,nodemailer,PROVIDER_TIMEOUT,provider_timeout,3,FAILED,2026-05-04T13:32:55.613Z
notif-4503,push,fcm,DND_BLOCKED,dnd_blocked,1,DLQ,2026-06-06T09:50:55.613Z
notif-4504,in_app,in_app,DND_BLOCKED,dnd_blocked,5,FAILED,2026-05-07T08:38:55.613Z
notif-4505,in_app,in_app,RATE_LIMITED,rate_limited,4,FAILED,2026-05-22T13:53:55.613Z
notif-4506,whatsapp,whatsapp_cloud,INVALID_RECIPIENT,invalid_recipient,1,FAILED,2026-04-07T10:44:55.613Z
notif-4507,in_app,in_app,EXPIRED_TOKEN,expired_token,2,DLQ,2026-04-20T09:09:55.613Z
notif-4508,push,fcm,PROVIDER_TIMEOUT,provider_timeout,1,FAILED,2026-03-29T08:51:55.613Z
notif-4509,whatsapp,whatsapp_cloud,INVALID_TEMPLATE,invalid_template,1,FAILED,2026-05-26T11:39:55.613Z
notif-4510,in_app,in_app,INVALID_RECIPIENT,invalid_recipient,1,DLQ,2026-04-19T11:35:55.613Z
notif-4511,whatsapp,whatsapp_cloud,INVALID_TEMPLATE,invalid_template,2,FAILED,2026-06-07T09:24:55.613Z
notif-4512,in_app,in_app,RATE_LIMITED,rate_limited,2,FAILED,2026-05-03T11:18:55.613Z
notif-4513,in_app,in_app,NETWORK_ERROR,network_error,5,FAILED,2026-04-02T13:48:55.613Z
notif-4514,sms,msg91,NETWORK_ERROR,network_error,1,DLQ,2026-04-10T19:09:55.613Z
notif-4515,sms,twilio,EXPIRED_TOKEN,expired_token,3,FAILED,2026-06-06T19:09:55.613Z
notif-4516,whatsapp,whatsapp_cloud,NETWORK_ERROR,network_error,4,FAILED,2026-05-07T10:50:55.613Z
notif-4517,push,fcm,EXPIRED_TOKEN,expired_token,1,FAILED,2026-05-05T11:49:55.613Z
notif-4518,email,nodemailer,PROVIDER_TIMEOUT,provider_timeout,1,FAILED,2026-06-13T12:06:55.613Z
notif-4519,email,nodemailer,INVALID_RECIPIENT,invalid_recipient,4,FAILED,2026-04-09T08:57:55.613Z
notif-4520,in_app,in_app,DND_BLOCKED,dnd_blocked,2,FAILED,2026-05-18T08:32:55.613Z
notif-4521,in_app,in_app,RATE_LIMITED,rate_limited,2,DLQ,2026-04-16T19:09:55.613Z
notif-4522,whatsapp,whatsapp_cloud,INVALID_RECIPIENT,invalid_recipient,3,FAILED,2026-06-14T10:41:55.613Z
notif-4523,whatsapp,whatsapp_cloud,NETWORK_ERROR,network_error,3,FAILED,2026-04-09T13:27:55.613Z
notif-4524,email,nodemailer,INVALID_RECIPIENT,invalid_recipient,1,FAILED,2026-03-21T08:12:55.613Z
notif-4525,sms,msg91,INVALID_RECIPIENT,invalid_recipient,1,FAILED,2026-05-09T19:09:55.613Z
notif-4526,push,fcm,INVALID_RECIPIENT,invalid_recipient,5,FAILED,2026-04-12T09:43:55.613Z
notif-4527,sms,twilio,DND_BLOCKED,dnd_blocked,2,FAILED,2026-06-03T09:32:55.613Z
notif-4528,email,nodemailer,NETWORK_ERROR,network_error,2,FAILED,2026-05-27T19:09:55.613Z
notif-4529,whatsapp,whatsapp_cloud,DND_BLOCKED,dnd_blocked,4,DLQ,2026-05-16T08:20:55.613Z
notif-4530,push,fcm,INVALID_RECIPIENT,invalid_recipient,2,DLQ,2026-05-02T08:42:55.613Z
notif-4531,in_app,in_app,RATE_LIMITED,rate_limited,5,FAILED,2026-05-09T11:08:55.613Z
notif-4532,whatsapp,whatsapp_cloud,RATE_LIMITED,rate_limited,4,FAILED,2026-05-31T19:09:55.613Z
notif-4533,in_app,in_app,PROVIDER_TIMEOUT,provider_timeout,4,DLQ,2026-04-01T09:34:55.613Z
notif-4534,push,fcm,EXPIRED_TOKEN,expired_token,5,DLQ,2026-04-12T13:26:55.613Z
notif-4535,sms,twilio,PROVIDER_TIMEOUT,provider_timeout,1,FAILED,2026-06-08T09:57:55.613Z
notif-4536,push,fcm,NETWORK_ERROR,network_error,4,DLQ,2026-05-06T19:09:55.613Z
notif-4537,push,fcm,INVALID_RECIPIENT,invalid_recipient,5,FAILED,2026-05-17T19:09:55.613Z
notif-4538,push,fcm,NETWORK_ERROR,network_error,4,DLQ,2026-03-24T19:09:55.613Z
notif-4539,in_app,in_app,PROVIDER_TIMEOUT,provider_timeout,3,FAILED,2026-05-18T09:16:55.613Z
notif-4540,email,nodemailer,INVALID_TEMPLATE,invalid_template,1,DLQ,2026-04-28T13:48:55.613Z
notif-4541,whatsapp,whatsapp_cloud,RATE_LIMITED,rate_limited,4,FAILED,2026-05-12T10:25:55.613Z
notif-4542,sms,msg91,DND_BLOCKED,dnd_blocked,2,DLQ,2026-04-07T13:29:55.613Z
notif-4543,in_app,in_app,INVALID_RECIPIENT,invalid_recipient,2,FAILED,2026-06-10T19:09:55.613Z
notif-4544,email,nodemailer,PROVIDER_TIMEOUT,provider_timeout,1,FAILED,2026-05-18T19:09:55.613Z
notif-4545,email,nodemailer,NETWORK_ERROR,network_error,3,DLQ,2026-03-30T10:14:55.613Z
notif-4546,email,nodemailer,NETWORK_ERROR,network_error,3,FAILED,2026-04-30T19:09:55.613Z
notif-4547,sms,twilio,INVALID_TEMPLATE,invalid_template,5,FAILED,2026-04-29T19:09:55.613Z
notif-4548,sms,twilio,EXPIRED_TOKEN,expired_token,2,FAILED,2026-06-15T13:36:55.613Z
notif-4549,sms,msg91,PROVIDER_TIMEOUT,provider_timeout,3,FAILED,2026-06-10T13:06:55.613Z
notif-4550,push,fcm,DND_BLOCKED,dnd_blocked,2,DLQ,2026-06-06T09:27:55.613Z
notif-4551,email,nodemailer,RATE_LIMITED,rate_limited,1,DLQ,2026-03-20T10:36:55.613Z
notif-4552,email,nodemailer,NETWORK_ERROR,network_error,5,DLQ,2026-03-31T09:02:55.613Z
notif-4553,in_app,in_app,DND_BLOCKED,dnd_blocked,2,FAILED,2026-05-26T13:16:55.613Z
notif-4554,email,nodemailer,INVALID_TEMPLATE,invalid_template,4,FAILED,2026-04-26T12:44:55.613Z
notif-4555,in_app,in_app,DND_BLOCKED,dnd_blocked,4,FAILED,2026-03-28T12:16:55.613Z
notif-4556,whatsapp,whatsapp_cloud,INVALID_TEMPLATE,invalid_template,1,DLQ,2026-05-21T10:34:55.613Z
notif-4557,whatsapp,whatsapp_cloud,NETWORK_ERROR,network_error,1,FAILED,2026-04-16T09:43:55.613Z
notif-4558,in_app,in_app,PROVIDER_TIMEOUT,provider_timeout,1,FAILED,2026-05-25T09:40:55.613Z
notif-4559,sms,twilio,NETWORK_ERROR,network_error,5,DLQ,2026-05-07T12:10:55.613Z
notif-4560,push,fcm,RATE_LIMITED,rate_limited,3,DLQ,2026-06-09T19:09:55.613Z
notif-4561,sms,twilio,RATE_LIMITED,rate_limited,2,FAILED,2026-05-02T09:51:55.613Z
notif-4562,sms,twilio,NETWORK_ERROR,network_error,4,FAILED,2026-04-17T08:34:55.613Z
notif-4563,sms,msg91,INVALID_RECIPIENT,invalid_recipient,2,FAILED,2026-04-17T09:28:55.613Z
notif-4564,push,fcm,INVALID_RECIPIENT,invalid_recipient,4,FAILED,2026-04-05T09:21:55.613Z
notif-4565,sms,msg91,INVALID_TEMPLATE,invalid_template,3,FAILED,2026-05-10T11:18:55.613Z
notif-4566,sms,twilio,NETWORK_ERROR,network_error,1,FAILED,2026-05-19T10:31:55.613Z
notif-4567,in_app,in_app,INVALID_RECIPIENT,invalid_recipient,2,FAILED,2026-06-04T13:36:55.613Z
notif-4568,in_app,in_app,NETWORK_ERROR,network_error,2,FAILED,2026-05-18T13:22:55.613Z
notif-4569,push,fcm,RATE_LIMITED,rate_limited,1,FAILED,2026-05-05T19:09:55.613Z
notif-4570,push,fcm,RATE_LIMITED,rate_limited,1,FAILED,2026-04-11T11:07:55.613Z
notif-4571,in_app,in_app,PROVIDER_TIMEOUT,provider_timeout,1,FAILED,2026-04-27T19:09:55.613Z
notif-4572,push,fcm,PROVIDER_TIMEOUT,provider_timeout,2,FAILED,2026-03-26T12:11:55.613Z
notif-4573,whatsapp,whatsapp_cloud,INVALID_TEMPLATE,invalid_template,5,DLQ,2026-05-03T09:11:55.613Z
notif-4574,sms,msg91,RATE_LIMITED,rate_limited,4,FAILED,2026-05-12T11:09:55.613Z
notif-4575,sms,twilio,PROVIDER_TIMEOUT,provider_timeout,4,FAILED,2026-04-07T12:57:55.613Z
notif-4576,whatsapp,whatsapp_cloud,INVALID_TEMPLATE,invalid_template,4,FAILED,2026-06-02T13:59:55.613Z
notif-4577,email,nodemailer,EXPIRED_TOKEN,expired_token,4,FAILED,2026-06-06T19:09:55.613Z
notif-4578,email,nodemailer,NETWORK_ERROR,network_error,1,FAILED,2026-04-28T08:32:55.613Z
notif-4579,email,nodemailer,INVALID_RECIPIENT,invalid_recipient,4,FAILED,2026-05-28T11:26:55.613Z
notif-4580,whatsapp,whatsapp_cloud,RATE_LIMITED,rate_limited,3,DLQ,2026-04-20T09:56:55.613Z
notif-4581,sms,msg91,PROVIDER_TIMEOUT,provider_timeout,4,FAILED,2026-05-20T10:18:55.613Z
notif-4582,in_app,in_app,PROVIDER_TIMEOUT,provider_timeout,5,FAILED,2026-04-07T19:09:55.613Z
notif-4583,sms,twilio,INVALID_RECIPIENT,invalid_recipient,5,DLQ,2026-06-14T08:21:55.613Z
notif-4584,push,fcm,RATE_LIMITED,rate_limited,3,FAILED,2026-04-17T19:09:55.613Z
notif-4585,sms,msg91,INVALID_RECIPIENT,invalid_recipient,1,FAILED,2026-04-25T11:31:55.613Z
notif-4586,in_app,in_app,EXPIRED_TOKEN,expired_token,3,FAILED,2026-05-28T19:09:55.613Z
notif-4587,push,fcm,INVALID_RECIPIENT,invalid_recipient,3,FAILED,2026-05-27T19:09:55.613Z
notif-4588,whatsapp,whatsapp_cloud,EXPIRED_TOKEN,expired_token,1,FAILED,2026-04-14T08:22:55.613Z
notif-4589,whatsapp,whatsapp_cloud,INVALID_TEMPLATE,invalid_template,5,DLQ,2026-05-25T10:05:55.613Z
notif-4590,email,nodemailer,INVALID_TEMPLATE,invalid_template,2,FAILED,2026-04-02T10:05:55.613Z
notif-4591,in_app,in_app,DND_BLOCKED,dnd_blocked,3,DLQ,2026-04-15T19:09:55.613Z
notif-4592,sms,msg91,DND_BLOCKED,dnd_blocked,3,FAILED,2026-05-27T10:01:55.613Z
notif-4593,email,nodemailer,INVALID_RECIPIENT,invalid_recipient,3,FAILED,2026-03-23T10:45:55.613Z
notif-4594,email,nodemailer,INVALID_TEMPLATE,invalid_template,3,FAILED,2026-05-10T13:25:55.613Z
notif-4595,push,fcm,INVALID_TEMPLATE,invalid_template,2,FAILED,2026-05-05T09:44:55.613Z
notif-4596,push,fcm,INVALID_TEMPLATE,invalid_template,3,FAILED,2026-03-31T12:01:55.613Z
notif-4597,sms,twilio,RATE_LIMITED,rate_limited,3,FAILED,2026-05-10T09:27:55.613Z
notif-4598,whatsapp,whatsapp_cloud,RATE_LIMITED,rate_limited,2,FAILED,2026-03-31T10:02:55.613Z
notif-4599,email,nodemailer,INVALID_TEMPLATE,invalid_template,4,FAILED,2026-06-07T11:54:55.613Z
notif-4600,whatsapp,whatsapp_cloud,RATE_LIMITED,rate_limited,2,FAILED,2026-03-19T09:31:55.613Z
notif-4601,push,fcm,INVALID_TEMPLATE,invalid_template,3,DLQ,2026-04-15T13:57:55.613Z
notif-4602,push,fcm,EXPIRED_TOKEN,expired_token,3,FAILED,2026-05-24T13:06:55.613Z
notif-4603,email,nodemailer,NETWORK_ERROR,network_error,2,DLQ,2026-05-31T12:34:55.613Z
notif-4604,push,fcm,DND_BLOCKED,dnd_blocked,2,FAILED,2026-04-14T12:03:55.613Z
notif-4605,email,nodemailer,INVALID_RECIPIENT,invalid_recipient,3,FAILED,2026-06-15T10:57:55.613Z
notif-4606,whatsapp,whatsapp_cloud,INVALID_RECIPIENT,invalid_recipient,3,FAILED,2026-04-08T10:25:55.613Z
notif-4607,push,fcm,INVALID_TEMPLATE,invalid_template,2,DLQ,2026-05-16T09:27:55.613Z
notif-4608,sms,twilio,PROVIDER_TIMEOUT,provider_timeout,4,FAILED,2026-05-07T19:09:55.613Z
notif-4609,push,fcm,RATE_LIMITED,rate_limited,3,FAILED,2026-04-23T08:49:55.613Z
notif-4610,sms,twilio,RATE_LIMITED,rate_limited,2,DLQ,2026-06-09T12:35:55.613Z
notif-4611,whatsapp,whatsapp_cloud,INVALID_RECIPIENT,invalid_recipient,2,DLQ,2026-05-26T19:09:55.613Z
notif-4612,in_app,in_app,INVALID_RECIPIENT,invalid_recipient,1,FAILED,2026-03-18T19:09:55.613Z
notif-4613,in_app,in_app,EXPIRED_TOKEN,expired_token,5,FAILED,2026-03-22T13:47:55.613Z
notif-4614,email,nodemailer,NETWORK_ERROR,network_error,4,FAILED,2026-04-26T08:26:55.613Z
notif-4615,email,nodemailer,PROVIDER_TIMEOUT,provider_timeout,5,FAILED,2026-04-03T10:44:55.613Z
notif-4616,email,nodemailer,PROVIDER_TIMEOUT,provider_timeout,1,DLQ,2026-05-11T19:09:55.613Z
notif-4617,sms,twilio,EXPIRED_TOKEN,expired_token,5,DLQ,2026-06-11T13:02:55.613Z
notif-4618,push,fcm,NETWORK_ERROR,network_error,2,FAILED,2026-04-21T12:07:55.613Z
notif-4619,whatsapp,whatsapp_cloud,PROVIDER_TIMEOUT,provider_timeout,2,DLQ,2026-05-15T19:09:55.613Z
notif-4620,email,nodemailer,EXPIRED_TOKEN,expired_token,3,DLQ,2026-04-25T13:52:55.613Z
notif-4621,sms,twilio,EXPIRED_TOKEN,expired_token,4,FAILED,2026-04-02T09:25:55.613Z
notif-4622,sms,twilio,NETWORK_ERROR,network_error,2,FAILED,2026-04-05T11:54:55.613Z
notif-4623,in_app,in_app,PROVIDER_TIMEOUT,provider_timeout,1,FAILED,2026-04-04T09:37:55.613Z
notif-4624,in_app,in_app,EXPIRED_TOKEN,expired_token,3,FAILED,2026-04-18T13:07:55.613Z
notif-4625,push,fcm,EXPIRED_TOKEN,expired_token,4,FAILED,2026-04-09T10:39:55.613Z
notif-4626,push,fcm,INVALID_RECIPIENT,invalid_recipient,5,DLQ,2026-05-08T08:03:55.613Z
notif-4627,sms,msg91,PROVIDER_TIMEOUT,provider_timeout,2,DLQ,2026-06-06T08:03:55.613Z
notif-4628,sms,msg91,EXPIRED_TOKEN,expired_token,3,FAILED,2026-06-03T19:09:55.613Z
notif-4629,push,fcm,INVALID_TEMPLATE,invalid_template,4,FAILED,2026-06-09T19:09:55.613Z
notif-4630,in_app,in_app,RATE_LIMITED,rate_limited,2,FAILED,2026-04-19T19:09:55.613Z
notif-4631,email,nodemailer,INVALID_RECIPIENT,invalid_recipient,4,FAILED,2026-04-13T11:27:55.613Z
notif-4632,push,fcm,INVALID_RECIPIENT,invalid_recipient,2,FAILED,2026-04-14T19:09:55.613Z
notif-4633,push,fcm,EXPIRED_TOKEN,expired_token,5,FAILED,2026-05-07T09:30:55.613Z
notif-4634,whatsapp,whatsapp_cloud,EXPIRED_TOKEN,expired_token,5,FAILED,2026-03-20T12:59:55.613Z
notif-4635,push,fcm,DND_BLOCKED,dnd_blocked,2,DLQ,2026-05-29T09:49:55.613Z
notif-4636,email,nodemailer,INVALID_TEMPLATE,invalid_template,2,FAILED,2026-05-16T08:16:55.613Z
notif-4637,sms,msg91,DND_BLOCKED,dnd_blocked,1,FAILED,2026-04-19T12:19:55.613Z
notif-4638,in_app,in_app,INVALID_TEMPLATE,invalid_template,1,DLQ,2026-05-22T11:56:55.613Z
notif-4639,push,fcm,EXPIRED_TOKEN,expired_token,3,FAILED,2026-04-05T12:40:55.613Z
notif-4640,whatsapp,whatsapp_cloud,EXPIRED_TOKEN,expired_token,2,FAILED,2026-05-14T09:18:55.613Z
notif-4641,in_app,in_app,INVALID_TEMPLATE,invalid_template,1,FAILED,2026-04-05T19:09:55.613Z
notif-4642,push,fcm,EXPIRED_TOKEN,expired_token,1,DLQ,2026-04-19T19:09:55.613Z
notif-4643,whatsapp,whatsapp_cloud,INVALID_RECIPIENT,invalid_recipient,2,FAILED,2026-06-06T19:09:55.613Z
notif-4644,sms,msg91,INVALID_RECIPIENT,invalid_recipient,1,FAILED,2026-04-26T13:02:55.613Z
notif-4645,sms,msg91,EXPIRED_TOKEN,expired_token,1,FAILED,2026-04-03T13:47:55.613Z
notif-4646,push,fcm,PROVIDER_TIMEOUT,provider_timeout,1,DLQ,2026-04-13T09:38:55.613Z
notif-4647,whatsapp,whatsapp_cloud,RATE_LIMITED,rate_limited,5,FAILED,2026-04-03T08:28:55.613Z
notif-4648,sms,twilio,INVALID_TEMPLATE,invalid_template,5,FAILED,2026-03-25T12:23:55.613Z
notif-4649,sms,msg91,RATE_LIMITED,rate_limited,3,FAILED,2026-04-23T08:59:55.613Z
notif-4650,email,nodemailer,INVALID_TEMPLATE,invalid_template,1,FAILED,2026-06-06T19:09:55.613Z
notif-4651,sms,twilio,NETWORK_ERROR,network_error,4,FAILED,2026-05-22T08:02:55.613Z
notif-4652,push,fcm,EXPIRED_TOKEN,expired_token,4,DLQ,2026-04-04T12:04:55.613Z
notif-4653,email,nodemailer,DND_BLOCKED,dnd_blocked,1,DLQ,2026-05-05T19:09:55.613Z
notif-4654,whatsapp,whatsapp_cloud,INVALID_RECIPIENT,invalid_recipient,2,FAILED,2026-04-10T08:51:55.613Z
notif-4655,email,nodemailer,EXPIRED_TOKEN,expired_token,5,FAILED,2026-04-01T13:32:55.613Z
notif-4656,push,fcm,INVALID_TEMPLATE,invalid_template,1,FAILED,2026-05-18T09:55:55.613Z
notif-4657,push,fcm,PROVIDER_TIMEOUT,provider_timeout,5,FAILED,2026-05-02T11:52:55.613Z
notif-4658,whatsapp,whatsapp_cloud,PROVIDER_TIMEOUT,provider_timeout,4,DLQ,2026-05-22T19:09:55.613Z
notif-4659,push,fcm,PROVIDER_TIMEOUT,provider_timeout,5,FAILED,2026-04-03T19:09:55.613Z
notif-4660,push,fcm,DND_BLOCKED,dnd_blocked,5,FAILED,2026-05-08T13:02:55.613Z
notif-4661,push,fcm,PROVIDER_TIMEOUT,provider_timeout,5,FAILED,2026-05-19T10:39:55.613Z
notif-4662,sms,msg91,INVALID_RECIPIENT,invalid_recipient,3,FAILED,2026-04-25T11:09:55.613Z
notif-4663,email,nodemailer,INVALID_TEMPLATE,invalid_template,3,FAILED,2026-03-25T12:20:55.613Z
notif-4664,whatsapp,whatsapp_cloud,INVALID_TEMPLATE,invalid_template,3,DLQ,2026-03-27T11:10:55.613Z
notif-4665,sms,msg91,RATE_LIMITED,rate_limited,4,FAILED,2026-04-22T19:09:55.613Z
notif-4666,whatsapp,whatsapp_cloud,DND_BLOCKED,dnd_blocked,2,FAILED,2026-04-15T11:49:55.613Z
notif-4667,email,nodemailer,PROVIDER_TIMEOUT,provider_timeout,1,FAILED,2026-05-01T09:51:55.613Z
notif-4668,email,nodemailer,PROVIDER_TIMEOUT,provider_timeout,5,FAILED,2026-05-24T13:39:55.613Z
notif-4669,whatsapp,whatsapp_cloud,INVALID_TEMPLATE,invalid_template,1,FAILED,2026-06-12T10:38:55.613Z
notif-4670,sms,twilio,EXPIRED_TOKEN,expired_token,2,FAILED,2026-04-14T10:04:55.613Z
notif-4671,sms,twilio,INVALID_RECIPIENT,invalid_recipient,3,FAILED,2026-04-02T13:08:55.613Z
notif-4672,push,fcm,NETWORK_ERROR,network_error,4,FAILED,2026-06-11T10:57:55.613Z
notif-4673,email,nodemailer,INVALID_TEMPLATE,invalid_template,5,DLQ,2026-04-12T19:09:55.613Z
notif-4674,in_app,in_app,RATE_LIMITED,rate_limited,4,FAILED,2026-06-03T13:01:55.613Z
notif-4675,push,fcm,PROVIDER_TIMEOUT,provider_timeout,1,DLQ,2026-06-14T09:09:55.613Z
notif-4676,push,fcm,INVALID_RECIPIENT,invalid_recipient,4,DLQ,2026-03-29T11:42:55.613Z
notif-4677,email,nodemailer,DND_BLOCKED,dnd_blocked,5,DLQ,2026-05-06T19:09:55.613Z
notif-4678,push,fcm,EXPIRED_TOKEN,expired_token,5,DLQ,2026-04-15T12:51:55.613Z
notif-4679,push,fcm,DND_BLOCKED,dnd_blocked,5,FAILED,2026-06-02T13:34:55.613Z
notif-4680,push,fcm,INVALID_RECIPIENT,invalid_recipient,3,DLQ,2026-05-26T13:41:55.613Z
notif-4681,in_app,in_app,PROVIDER_TIMEOUT,provider_timeout,2,DLQ,2026-03-31T13:50:55.613Z
notif-4682,sms,msg91,RATE_LIMITED,rate_limited,5,DLQ,2026-05-27T11:24:55.613Z
notif-4683,in_app,in_app,RATE_LIMITED,rate_limited,2,FAILED,2026-06-03T08:46:55.613Z
notif-4684,whatsapp,whatsapp_cloud,EXPIRED_TOKEN,expired_token,1,FAILED,2026-05-13T13:57:55.613Z
notif-4685,push,fcm,RATE_LIMITED,rate_limited,3,FAILED,2026-05-15T13:57:55.613Z
notif-4686,email,nodemailer,INVALID_RECIPIENT,invalid_recipient,1,FAILED,2026-06-02T13:21:55.613Z
notif-4687,email,nodemailer,INVALID_RECIPIENT,invalid_recipient,2,FAILED,2026-04-13T10:48:55.613Z
notif-4688,whatsapp,whatsapp_cloud,NETWORK_ERROR,network_error,2,FAILED,2026-03-21T19:09:55.613Z
notif-4689,whatsapp,whatsapp_cloud,INVALID_RECIPIENT,invalid_recipient,3,FAILED,2026-05-16T11:59:55.613Z
notif-4690,whatsapp,whatsapp_cloud,INVALID_RECIPIENT,invalid_recipient,1,FAILED,2026-03-31T13:21:55.613Z
notif-4691,whatsapp,whatsapp_cloud,EXPIRED_TOKEN,expired_token,3,DLQ,2026-04-29T19:09:55.613Z
notif-4692,sms,msg91,NETWORK_ERROR,network_error,1,DLQ,2026-06-05T12:10:55.613Z
notif-4693,in_app,in_app,PROVIDER_TIMEOUT,provider_timeout,3,DLQ,2026-03-31T19:09:55.613Z
notif-4694,push,fcm,EXPIRED_TOKEN,expired_token,2,FAILED,2026-03-21T11:22:55.613Z
notif-4695,push,fcm,INVALID_TEMPLATE,invalid_template,3,FAILED,2026-05-11T08:46:55.613Z
notif-4696,sms,twilio,INVALID_RECIPIENT,invalid_recipient,2,FAILED,2026-06-12T10:15:55.613Z
notif-4697,push,fcm,DND_BLOCKED,dnd_blocked,3,FAILED,2026-03-23T10:55:55.613Z
notif-4698,email,nodemailer,EXPIRED_TOKEN,expired_token,3,FAILED,2026-05-19T19:09:55.613Z
notif-4699,push,fcm,NETWORK_ERROR,network_error,1,DLQ,2026-04-07T11:35:55.613Z
notif-4700,sms,msg91,DND_BLOCKED,dnd_blocked,4,DLQ,2026-04-01T12:32:55.613Z
notif-4701,push,fcm,DND_BLOCKED,dnd_blocked,2,FAILED,2026-04-12T11:38:55.613Z
notif-4702,push,fcm,DND_BLOCKED,dnd_blocked,5,FAILED,2026-06-12T10:08:55.613Z
notif-4703,whatsapp,whatsapp_cloud,INVALID_RECIPIENT,invalid_recipient,5,FAILED,2026-04-05T08:57:55.613Z
notif-4704,email,nodemailer,PROVIDER_TIMEOUT,provider_timeout,4,FAILED,2026-04-01T19:09:55.613Z
notif-4705,push,fcm,PROVIDER_TIMEOUT,provider_timeout,1,FAILED,2026-05-07T12:27:55.613Z
notif-4706,email,nodemailer,RATE_LIMITED,rate_limited,3,FAILED,2026-04-14T11:10:55.613Z
notif-4707,email,nodemailer,PROVIDER_TIMEOUT,provider_timeout,2,FAILED,2026-03-29T09:05:55.613Z
notif-4708,whatsapp,whatsapp_cloud,INVALID_RECIPIENT,invalid_recipient,1,DLQ,2026-06-05T09:48:55.613Z
notif-4709,in_app,in_app,RATE_LIMITED,rate_limited,3,FAILED,2026-03-27T09:19:55.613Z
notif-4710,in_app,in_app,RATE_LIMITED,rate_limited,4,FAILED,2026-05-05T12:40:55.613Z
notif-4711,whatsapp,whatsapp_cloud,INVALID_RECIPIENT,invalid_recipient,1,DLQ,2026-06-13T19:09:55.613Z
notif-4712,sms,twilio,DND_BLOCKED,dnd_blocked,1,FAILED,2026-05-05T08:56:55.613Z
notif-4713,sms,twilio,INVALID_TEMPLATE,invalid_template,1,FAILED,2026-04-28T09:24:55.613Z
notif-4714,sms,msg91,PROVIDER_TIMEOUT,provider_timeout,4,DLQ,2026-06-14T09:13:55.613Z
notif-4715,sms,twilio,RATE_LIMITED,rate_limited,3,FAILED,2026-03-22T11:26:55.613Z
notif-4716,sms,msg91,NETWORK_ERROR,network_error,3,DLQ,2026-06-07T08:54:55.613Z
notif-4717,push,fcm,INVALID_RECIPIENT,invalid_recipient,2,FAILED,2026-05-20T12:14:55.613Z
notif-4718,email,nodemailer,PROVIDER_TIMEOUT,provider_timeout,3,FAILED,2026-06-14T19:09:55.613Z
notif-4719,push,fcm,DND_BLOCKED,dnd_blocked,3,FAILED,2026-04-01T08:38:55.613Z
notif-4720,email,nodemailer,NETWORK_ERROR,network_error,3,FAILED,2026-04-04T19:09:55.613Z
notif-4721,in_app,in_app,EXPIRED_TOKEN,expired_token,4,FAILED,2026-05-03T11:23:55.613Z
notif-4722,email,nodemailer,RATE_LIMITED,rate_limited,4,FAILED,2026-05-31T08:26:55.613Z
notif-4723,email,nodemailer,RATE_LIMITED,rate_limited,2,DLQ,2026-04-13T12:49:55.613Z
notif-4724,in_app,in_app,INVALID_TEMPLATE,invalid_template,5,DLQ,2026-04-09T11:57:55.613Z
notif-4725,email,nodemailer,INVALID_TEMPLATE,invalid_template,4,FAILED,2026-06-12T10:10:55.613Z
notif-4726,in_app,in_app,PROVIDER_TIMEOUT,provider_timeout,5,FAILED,2026-03-25T12:38:55.613Z
notif-4727,in_app,in_app,DND_BLOCKED,dnd_blocked,2,FAILED,2026-05-22T09:44:55.613Z
notif-4728,whatsapp,whatsapp_cloud,NETWORK_ERROR,network_error,1,FAILED,2026-04-28T08:12:55.613Z
notif-4729,push,fcm,PROVIDER_TIMEOUT,provider_timeout,3,DLQ,2026-03-27T09:39:55.613Z
notif-4730,whatsapp,whatsapp_cloud,DND_BLOCKED,dnd_blocked,5,DLQ,2026-05-01T11:53:55.613Z
notif-4731,sms,msg91,RATE_LIMITED,rate_limited,3,DLQ,2026-05-27T08:51:55.613Z
notif-4732,whatsapp,whatsapp_cloud,PROVIDER_TIMEOUT,provider_timeout,5,FAILED,2026-04-27T08:20:55.613Z
notif-4733,push,fcm,EXPIRED_TOKEN,expired_token,5,FAILED,2026-04-21T10:50:55.613Z
notif-4734,email,nodemailer,EXPIRED_TOKEN,expired_token,5,FAILED,2026-03-21T19:09:55.613Z
notif-4735,in_app,in_app,INVALID_RECIPIENT,invalid_recipient,2,DLQ,2026-05-27T09:07:55.613Z
notif-4736,sms,twilio,NETWORK_ERROR,network_error,3,FAILED,2026-05-29T13:52:55.613Z
notif-4737,sms,msg91,NETWORK_ERROR,network_error,1,DLQ,2026-05-18T13:01:55.613Z
notif-4738,sms,msg91,RATE_LIMITED,rate_limited,3,FAILED,2026-05-20T12:14:55.613Z
notif-4739,in_app,in_app,NETWORK_ERROR,network_error,1,FAILED,2026-04-24T09:49:55.613Z
notif-4740,sms,twilio,NETWORK_ERROR,network_error,5,DLQ,2026-04-06T11:09:55.613Z
notif-4741,push,fcm,NETWORK_ERROR,network_error,5,FAILED,2026-04-12T12:47:55.613Z
notif-4742,whatsapp,whatsapp_cloud,PROVIDER_TIMEOUT,provider_timeout,3,DLQ,2026-05-18T11:11:55.613Z
notif-4743,email,nodemailer,DND_BLOCKED,dnd_blocked,3,DLQ,2026-05-15T19:09:55.613Z
notif-4744,in_app,in_app,DND_BLOCKED,dnd_blocked,2,DLQ,2026-06-02T19:09:55.613Z
notif-4745,push,fcm,DND_BLOCKED,dnd_blocked,4,FAILED,2026-05-08T19:09:55.613Z
notif-4746,email,nodemailer,RATE_LIMITED,rate_limited,4,DLQ,2026-04-13T11:08:55.613Z
notif-4747,email,nodemailer,INVALID_RECIPIENT,invalid_recipient,2,FAILED,2026-05-30T08:00:55.613Z
notif-4748,in_app,in_app,NETWORK_ERROR,network_error,5,FAILED,2026-05-17T08:47:55.613Z
notif-4749,in_app,in_app,NETWORK_ERROR,network_error,4,DLQ,2026-06-08T12:18:55.613Z
notif-4750,whatsapp,whatsapp_cloud,DND_BLOCKED,dnd_blocked,5,FAILED,2026-03-24T10:39:55.613Z
notif-4751,whatsapp,whatsapp_cloud,INVALID_RECIPIENT,invalid_recipient,5,FAILED,2026-04-23T13:47:55.613Z
notif-4752,sms,twilio,RATE_LIMITED,rate_limited,1,FAILED,2026-05-16T19:09:55.613Z
notif-4753,push,fcm,DND_BLOCKED,dnd_blocked,2,DLQ,2026-03-22T11:55:55.613Z
notif-4754,push,fcm,EXPIRED_TOKEN,expired_token,2,FAILED,2026-05-13T10:09:55.613Z
notif-4755,push,fcm,INVALID_RECIPIENT,invalid_recipient,4,FAILED,2026-04-06T12:46:55.613Z
notif-4756,sms,twilio,NETWORK_ERROR,network_error,5,FAILED,2026-05-03T10:51:55.613Z
notif-4757,whatsapp,whatsapp_cloud,EXPIRED_TOKEN,expired_token,1,DLQ,2026-05-26T19:09:55.613Z
notif-4758,in_app,in_app,RATE_LIMITED,rate_limited,5,FAILED,2026-04-02T10:10:55.613Z
notif-4759,email,nodemailer,RATE_LIMITED,rate_limited,3,FAILED,2026-06-04T12:24:55.613Z
notif-4760,email,nodemailer,PROVIDER_TIMEOUT,provider_timeout,3,DLQ,2026-05-25T10:12:55.613Z
notif-4761,email,nodemailer,DND_BLOCKED,dnd_blocked,5,DLQ,2026-04-19T19:09:55.613Z
notif-4762,whatsapp,whatsapp_cloud,EXPIRED_TOKEN,expired_token,4,FAILED,2026-04-01T11:41:55.613Z
notif-4763,sms,msg91,NETWORK_ERROR,network_error,3,FAILED,2026-05-06T13:31:55.613Z
notif-4764,push,fcm,RATE_LIMITED,rate_limited,3,FAILED,2026-04-21T08:15:55.613Z
notif-4765,push,fcm,INVALID_TEMPLATE,invalid_template,1,FAILED,2026-05-22T11:50:55.613Z
notif-4766,email,nodemailer,EXPIRED_TOKEN,expired_token,3,FAILED,2026-04-16T11:00:55.613Z
notif-4767,email,nodemailer,NETWORK_ERROR,network_error,2,FAILED,2026-04-28T09:05:55.613Z
notif-4768,sms,msg91,EXPIRED_TOKEN,expired_token,4,DLQ,2026-04-16T11:32:55.613Z
notif-4769,sms,twilio,EXPIRED_TOKEN,expired_token,5,FAILED,2026-04-16T19:09:55.613Z
notif-4770,in_app,in_app,PROVIDER_TIMEOUT,provider_timeout,5,DLQ,2026-04-08T19:09:55.613Z
notif-4771,sms,msg91,INVALID_TEMPLATE,invalid_template,2,DLQ,2026-05-15T12:15:55.613Z
notif-4772,email,nodemailer,INVALID_TEMPLATE,invalid_template,3,FAILED,2026-03-18T09:38:55.613Z
notif-4773,whatsapp,whatsapp_cloud,INVALID_TEMPLATE,invalid_template,3,FAILED,2026-05-16T11:20:55.613Z
notif-4774,push,fcm,DND_BLOCKED,dnd_blocked,1,FAILED,2026-04-16T12:09:55.613Z
notif-4775,in_app,in_app,RATE_LIMITED,rate_limited,4,FAILED,2026-04-20T19:09:55.613Z
notif-4776,whatsapp,whatsapp_cloud,EXPIRED_TOKEN,expired_token,5,DLQ,2026-04-14T19:09:55.613Z
notif-4777,sms,twilio,RATE_LIMITED,rate_limited,3,FAILED,2026-06-10T08:53:55.613Z
notif-4778,in_app,in_app,DND_BLOCKED,dnd_blocked,1,DLQ,2026-06-07T13:05:55.613Z
notif-4779,push,fcm,INVALID_TEMPLATE,invalid_template,4,FAILED,2026-06-15T12:15:55.613Z
notif-4780,email,nodemailer,PROVIDER_TIMEOUT,provider_timeout,5,DLQ,2026-05-23T09:04:55.613Z
notif-4781,in_app,in_app,EXPIRED_TOKEN,expired_token,1,FAILED,2026-04-14T10:16:55.613Z
notif-4782,email,nodemailer,PROVIDER_TIMEOUT,provider_timeout,4,DLQ,2026-04-15T19:09:55.613Z
notif-4783,push,fcm,INVALID_RECIPIENT,invalid_recipient,2,FAILED,2026-03-20T08:03:55.613Z
notif-4784,whatsapp,whatsapp_cloud,INVALID_TEMPLATE,invalid_template,2,FAILED,2026-04-24T13:29:55.613Z
notif-4785,whatsapp,whatsapp_cloud,INVALID_TEMPLATE,invalid_template,1,FAILED,2026-04-11T19:09:55.613Z
notif-4786,push,fcm,INVALID_RECIPIENT,invalid_recipient,1,FAILED,2026-05-22T11:58:55.613Z
notif-4787,whatsapp,whatsapp_cloud,EXPIRED_TOKEN,expired_token,3,DLQ,2026-05-30T08:37:55.613Z
notif-4788,whatsapp,whatsapp_cloud,NETWORK_ERROR,network_error,5,FAILED,2026-04-19T13:08:55.613Z
notif-4789,whatsapp,whatsapp_cloud,INVALID_RECIPIENT,invalid_recipient,4,FAILED,2026-03-28T12:05:55.613Z
notif-4790,whatsapp,whatsapp_cloud,EXPIRED_TOKEN,expired_token,4,DLQ,2026-04-11T13:02:55.613Z
notif-4791,push,fcm,RATE_LIMITED,rate_limited,1,FAILED,2026-04-04T19:09:55.613Z
notif-4792,email,nodemailer,DND_BLOCKED,dnd_blocked,4,DLQ,2026-06-08T13:14:55.613Z
notif-4793,in_app,in_app,INVALID_TEMPLATE,invalid_template,1,FAILED,2026-06-11T08:41:55.613Z
notif-4794,in_app,in_app,INVALID_RECIPIENT,invalid_recipient,1,DLQ,2026-04-11T13:44:55.613Z
notif-4795,sms,twilio,INVALID_RECIPIENT,invalid_recipient,1,DLQ,2026-05-30T10:08:55.613Z
notif-4796,email,nodemailer,INVALID_TEMPLATE,invalid_template,4,DLQ,2026-05-23T19:09:55.613Z
notif-4797,push,fcm,RATE_LIMITED,rate_limited,2,FAILED,2026-04-05T11:25:55.613Z
notif-4798,whatsapp,whatsapp_cloud,NETWORK_ERROR,network_error,3,FAILED,2026-06-10T09:56:55.613Z
notif-4799,sms,msg91,INVALID_RECIPIENT,invalid_recipient,1,DLQ,2026-03-23T13:58:55.613Z
notif-4800,whatsapp,whatsapp_cloud,PROVIDER_TIMEOUT,provider_timeout,1,FAILED,2026-05-30T08:54:55.613Z
notif-4801,whatsapp,whatsapp_cloud,PROVIDER_TIMEOUT,provider_timeout,4,FAILED,2026-04-19T19:09:55.613Z
notif-4802,sms,twilio,INVALID_RECIPIENT,invalid_recipient,5,FAILED,2026-05-24T19:09:55.613Z
notif-4803,push,fcm,NETWORK_ERROR,network_error,5,FAILED,2026-06-09T12:24:55.613Z
notif-4804,email,nodemailer,PROVIDER_TIMEOUT,provider_timeout,1,FAILED,2026-05-22T19:09:55.613Z
notif-4805,push,fcm,EXPIRED_TOKEN,expired_token,5,DLQ,2026-05-07T19:09:55.613Z
notif-4806,sms,twilio,INVALID_TEMPLATE,invalid_template,4,FAILED,2026-05-05T12:39:55.613Z
notif-4807,whatsapp,whatsapp_cloud,INVALID_TEMPLATE,invalid_template,5,FAILED,2026-05-09T19:09:55.613Z
notif-4808,whatsapp,whatsapp_cloud,PROVIDER_TIMEOUT,provider_timeout,4,FAILED,2026-05-20T10:47:55.613Z
notif-4809,in_app,in_app,INVALID_TEMPLATE,invalid_template,3,FAILED,2026-06-10T10:34:55.613Z
notif-4810,whatsapp,whatsapp_cloud,INVALID_TEMPLATE,invalid_template,3,DLQ,2026-04-22T11:32:55.613Z
notif-4811,whatsapp,whatsapp_cloud,NETWORK_ERROR,network_error,2,FAILED,2026-04-26T19:09:55.613Z
notif-4812,whatsapp,whatsapp_cloud,DND_BLOCKED,dnd_blocked,1,FAILED,2026-03-31T12:39:55.613Z
notif-4813,in_app,in_app,NETWORK_ERROR,network_error,1,FAILED,2026-06-15T13:12:55.613Z
notif-4814,whatsapp,whatsapp_cloud,EXPIRED_TOKEN,expired_token,3,FAILED,2026-04-08T12:39:55.613Z
notif-4815,email,nodemailer,EXPIRED_TOKEN,expired_token,3,FAILED,2026-03-22T09:17:55.613Z
notif-4816,sms,twilio,NETWORK_ERROR,network_error,5,FAILED,2026-05-13T13:59:55.613Z
notif-4817,email,nodemailer,EXPIRED_TOKEN,expired_token,1,FAILED,2026-04-01T09:44:55.613Z
notif-4818,push,fcm,NETWORK_ERROR,network_error,5,DLQ,2026-05-01T19:09:55.613Z
notif-4819,whatsapp,whatsapp_cloud,DND_BLOCKED,dnd_blocked,3,FAILED,2026-04-14T11:55:55.613Z
notif-4820,whatsapp,whatsapp_cloud,RATE_LIMITED,rate_limited,4,FAILED,2026-04-01T19:09:55.613Z
notif-4821,in_app,in_app,EXPIRED_TOKEN,expired_token,2,FAILED,2026-06-11T19:09:55.614Z
notif-4822,in_app,in_app,DND_BLOCKED,dnd_blocked,5,DLQ,2026-05-25T09:34:55.614Z
notif-4823,sms,twilio,EXPIRED_TOKEN,expired_token,2,DLQ,2026-03-24T13:39:55.614Z
notif-4824,email,nodemailer,INVALID_TEMPLATE,invalid_template,3,FAILED,2026-06-02T09:51:55.614Z
notif-4825,whatsapp,whatsapp_cloud,RATE_LIMITED,rate_limited,4,FAILED,2026-04-09T09:48:55.614Z
notif-4826,sms,msg91,INVALID_TEMPLATE,invalid_template,5,FAILED,2026-04-21T11:41:55.614Z
notif-4827,in_app,in_app,INVALID_RECIPIENT,invalid_recipient,5,FAILED,2026-04-11T13:09:55.614Z
notif-4828,sms,twilio,PROVIDER_TIMEOUT,provider_timeout,5,DLQ,2026-06-05T12:03:55.614Z
notif-4829,push,fcm,EXPIRED_TOKEN,expired_token,2,FAILED,2026-04-23T19:09:55.614Z
notif-4830,whatsapp,whatsapp_cloud,PROVIDER_TIMEOUT,provider_timeout,5,FAILED,2026-05-05T11:59:55.614Z
notif-4831,sms,twilio,RATE_LIMITED,rate_limited,2,DLQ,2026-05-13T11:15:55.614Z
notif-4832,whatsapp,whatsapp_cloud,INVALID_TEMPLATE,invalid_template,1,FAILED,2026-06-06T09:47:55.614Z
notif-4833,push,fcm,NETWORK_ERROR,network_error,1,FAILED,2026-05-04T10:49:55.614Z
notif-4834,whatsapp,whatsapp_cloud,INVALID_TEMPLATE,invalid_template,1,FAILED,2026-06-03T10:28:55.614Z
notif-4835,whatsapp,whatsapp_cloud,PROVIDER_TIMEOUT,provider_timeout,4,DLQ,2026-04-02T11:24:55.614Z
notif-4836,email,nodemailer,EXPIRED_TOKEN,expired_token,4,DLQ,2026-03-29T19:09:55.614Z
notif-4837,sms,msg91,EXPIRED_TOKEN,expired_token,1,FAILED,2026-05-29T12:26:55.614Z
notif-4838,whatsapp,whatsapp_cloud,RATE_LIMITED,rate_limited,1,FAILED,2026-04-22T19:09:55.614Z
notif-4839,whatsapp,whatsapp_cloud,RATE_LIMITED,rate_limited,4,DLQ,2026-05-01T19:09:55.614Z
notif-4840,push,fcm,INVALID_TEMPLATE,invalid_template,2,DLQ,2026-04-17T11:06:55.614Z
notif-4841,in_app,in_app,NETWORK_ERROR,network_error,2,FAILED,2026-06-04T11:25:55.614Z
notif-4842,sms,twilio,INVALID_TEMPLATE,invalid_template,5,FAILED,2026-05-24T11:54:55.614Z
notif-4843,sms,msg91,NETWORK_ERROR,network_error,1,FAILED,2026-06-02T12:07:55.614Z
notif-4844,in_app,in_app,INVALID_TEMPLATE,invalid_template,3,FAILED,2026-04-06T12:56:55.614Z
notif-4845,in_app,in_app,INVALID_TEMPLATE,invalid_template,2,FAILED,2026-03-24T19:09:55.614Z
notif-4846,push,fcm,PROVIDER_TIMEOUT,provider_timeout,3,FAILED,2026-05-17T12:25:55.614Z
notif-4847,whatsapp,whatsapp_cloud,DND_BLOCKED,dnd_blocked,5,FAILED,2026-03-28T09:23:55.614Z
notif-4848,sms,twilio,EXPIRED_TOKEN,expired_token,1,DLQ,2026-05-23T12:40:55.614Z
notif-4849,email,nodemailer,RATE_LIMITED,rate_limited,5,DLQ,2026-04-25T13:28:55.614Z
notif-4850,push,fcm,NETWORK_ERROR,network_error,5,DLQ,2026-03-19T09:41:55.614Z
notif-4851,in_app,in_app,PROVIDER_TIMEOUT,provider_timeout,1,FAILED,2026-05-01T09:06:55.614Z
notif-4852,in_app,in_app,INVALID_RECIPIENT,invalid_recipient,1,FAILED,2026-04-09T12:23:55.614Z
notif-4853,in_app,in_app,INVALID_TEMPLATE,invalid_template,3,FAILED,2026-03-31T19:09:55.614Z
notif-4854,push,fcm,INVALID_TEMPLATE,invalid_template,3,FAILED,2026-04-04T08:29:55.614Z
notif-4855,push,fcm,INVALID_TEMPLATE,invalid_template,2,DLQ,2026-05-20T19:09:55.614Z
notif-4856,sms,msg91,NETWORK_ERROR,network_error,3,FAILED,2026-05-01T10:33:55.614Z
notif-4857,whatsapp,whatsapp_cloud,DND_BLOCKED,dnd_blocked,1,FAILED,2026-04-29T11:04:55.614Z
notif-4858,whatsapp,whatsapp_cloud,DND_BLOCKED,dnd_blocked,4,DLQ,2026-05-02T11:02:55.614Z
notif-4859,email,nodemailer,PROVIDER_TIMEOUT,provider_timeout,3,FAILED,2026-05-23T11:20:55.614Z
notif-4860,push,fcm,INVALID_TEMPLATE,invalid_template,2,FAILED,2026-04-20T08:52:55.614Z
notif-4861,sms,twilio,NETWORK_ERROR,network_error,1,DLQ,2026-05-10T10:18:55.614Z
notif-4862,in_app,in_app,NETWORK_ERROR,network_error,2,DLQ,2026-04-14T13:45:55.614Z
notif-4863,email,nodemailer,INVALID_TEMPLATE,invalid_template,1,FAILED,2026-05-26T08:39:55.614Z
notif-4864,push,fcm,INVALID_TEMPLATE,invalid_template,5,FAILED,2026-04-03T10:02:55.614Z
notif-4865,email,nodemailer,DND_BLOCKED,dnd_blocked,1,FAILED,2026-05-01T09:55:55.614Z
notif-4866,in_app,in_app,INVALID_RECIPIENT,invalid_recipient,4,DLQ,2026-05-16T11:58:55.614Z
notif-4867,email,nodemailer,PROVIDER_TIMEOUT,provider_timeout,4,FAILED,2026-05-18T19:09:55.614Z
notif-4868,whatsapp,whatsapp_cloud,EXPIRED_TOKEN,expired_token,5,FAILED,2026-05-16T10:13:55.614Z
notif-4869,whatsapp,whatsapp_cloud,INVALID_RECIPIENT,invalid_recipient,4,FAILED,2026-04-21T12:12:55.614Z
notif-4870,in_app,in_app,EXPIRED_TOKEN,expired_token,5,FAILED,2026-03-31T09:50:55.614Z
notif-4871,email,nodemailer,PROVIDER_TIMEOUT,provider_timeout,1,FAILED,2026-04-12T12:18:55.614Z
notif-4872,in_app,in_app,EXPIRED_TOKEN,expired_token,5,DLQ,2026-03-21T09:44:55.614Z
notif-4873,in_app,in_app,PROVIDER_TIMEOUT,provider_timeout,3,FAILED,2026-04-29T10:20:55.614Z
notif-4874,in_app,in_app,INVALID_TEMPLATE,invalid_template,1,DLQ,2026-04-21T12:08:55.614Z
notif-4875,sms,msg91,RATE_LIMITED,rate_limited,3,DLQ,2026-05-31T12:37:55.614Z
notif-4876,email,nodemailer,PROVIDER_TIMEOUT,provider_timeout,4,DLQ,2026-05-11T19:09:55.614Z
notif-4877,push,fcm,NETWORK_ERROR,network_error,5,DLQ,2026-04-07T11:24:55.614Z
notif-4878,email,nodemailer,INVALID_TEMPLATE,invalid_template,4,FAILED,2026-04-12T19:09:55.614Z
notif-4879,email,nodemailer,PROVIDER_TIMEOUT,provider_timeout,4,FAILED,2026-05-10T11:26:55.614Z
notif-4880,email,nodemailer,EXPIRED_TOKEN,expired_token,2,FAILED,2026-05-23T13:43:55.614Z
notif-4881,sms,twilio,NETWORK_ERROR,network_error,1,DLQ,2026-06-05T10:12:55.614Z
notif-4882,sms,msg91,RATE_LIMITED,rate_limited,2,FAILED,2026-04-09T10:54:55.614Z
notif-4883,push,fcm,EXPIRED_TOKEN,expired_token,1,DLQ,2026-05-20T09:24:55.614Z
notif-4884,push,fcm,DND_BLOCKED,dnd_blocked,4,FAILED,2026-04-08T19:09:55.614Z
notif-4885,whatsapp,whatsapp_cloud,RATE_LIMITED,rate_limited,1,DLQ,2026-04-15T08:16:55.614Z
notif-4886,email,nodemailer,EXPIRED_TOKEN,expired_token,4,FAILED,2026-05-18T19:09:55.614Z
notif-4887,sms,msg91,DND_BLOCKED,dnd_blocked,3,DLQ,2026-04-27T19:09:55.614Z
notif-4888,email,nodemailer,RATE_LIMITED,rate_limited,3,FAILED,2026-04-11T12:02:55.614Z
notif-4889,in_app,in_app,INVALID_TEMPLATE,invalid_template,1,FAILED,2026-05-25T19:09:55.614Z
notif-4890,email,nodemailer,DND_BLOCKED,dnd_blocked,1,FAILED,2026-04-22T12:33:55.614Z
notif-4891,in_app,in_app,EXPIRED_TOKEN,expired_token,2,FAILED,2026-06-06T19:09:55.614Z
notif-4892,email,nodemailer,INVALID_TEMPLATE,invalid_template,2,FAILED,2026-04-29T13:14:55.614Z
notif-4893,sms,msg91,EXPIRED_TOKEN,expired_token,2,FAILED,2026-04-05T19:09:55.614Z
notif-4894,whatsapp,whatsapp_cloud,NETWORK_ERROR,network_error,5,DLQ,2026-05-27T09:14:55.614Z
notif-4895,push,fcm,INVALID_TEMPLATE,invalid_template,2,FAILED,2026-06-04T12:35:55.614Z
notif-4896,push,fcm,PROVIDER_TIMEOUT,provider_timeout,1,FAILED,2026-05-21T19:09:55.614Z
notif-4897,in_app,in_app,INVALID_RECIPIENT,invalid_recipient,2,FAILED,2026-05-01T12:47:55.614Z
notif-4898,in_app,in_app,NETWORK_ERROR,network_error,4,FAILED,2026-06-07T12:10:55.614Z
notif-4899,sms,msg91,INVALID_TEMPLATE,invalid_template,4,DLQ,2026-04-19T09:19:55.614Z
notif-4900,email,nodemailer,PROVIDER_TIMEOUT,provider_timeout,3,DLQ,2026-04-25T13:53:55.614Z
notif-4901,whatsapp,whatsapp_cloud,INVALID_RECIPIENT,invalid_recipient,3,FAILED,2026-03-21T09:54:55.614Z
notif-4902,in_app,in_app,INVALID_RECIPIENT,invalid_recipient,5,DLQ,2026-06-05T12:45:55.614Z
notif-4903,whatsapp,whatsapp_cloud,DND_BLOCKED,dnd_blocked,4,DLQ,2026-06-11T11:44:55.614Z
notif-4904,sms,twilio,INVALID_TEMPLATE,invalid_template,4,DLQ,2026-03-26T12:45:55.614Z
notif-4905,in_app,in_app,PROVIDER_TIMEOUT,provider_timeout,4,FAILED,2026-05-07T12:18:55.614Z
notif-4906,whatsapp,whatsapp_cloud,INVALID_TEMPLATE,invalid_template,2,DLQ,2026-05-13T08:49:55.614Z
notif-4907,sms,twilio,EXPIRED_TOKEN,expired_token,5,DLQ,2026-03-28T12:57:55.614Z
notif-4908,in_app,in_app,NETWORK_ERROR,network_error,4,FAILED,2026-03-21T19:09:55.614Z
notif-4909,whatsapp,whatsapp_cloud,EXPIRED_TOKEN,expired_token,5,FAILED,2026-05-09T19:09:55.614Z
notif-4910,email,nodemailer,INVALID_TEMPLATE,invalid_template,1,FAILED,2026-03-22T10:41:55.614Z
notif-4911,email,nodemailer,RATE_LIMITED,rate_limited,4,DLQ,2026-06-12T13:26:55.614Z
notif-4912,email,nodemailer,EXPIRED_TOKEN,expired_token,5,DLQ,2026-03-24T08:18:55.614Z
notif-4913,push,fcm,PROVIDER_TIMEOUT,provider_timeout,1,DLQ,2026-04-25T08:08:55.614Z
notif-4914,sms,msg91,EXPIRED_TOKEN,expired_token,5,FAILED,2026-05-24T09:28:55.614Z
notif-4915,in_app,in_app,NETWORK_ERROR,network_error,1,FAILED,2026-05-16T11:50:55.614Z
notif-4916,in_app,in_app,RATE_LIMITED,rate_limited,5,DLQ,2026-04-23T19:09:55.614Z
notif-4917,whatsapp,whatsapp_cloud,EXPIRED_TOKEN,expired_token,5,FAILED,2026-04-17T11:07:55.614Z
notif-4918,sms,msg91,INVALID_RECIPIENT,invalid_recipient,2,FAILED,2026-03-29T11:44:55.614Z
notif-4919,email,nodemailer,INVALID_TEMPLATE,invalid_template,4,FAILED,2026-03-20T12:24:55.614Z
notif-4920,email,nodemailer,NETWORK_ERROR,network_error,4,FAILED,2026-05-31T19:09:55.614Z
notif-4921,push,fcm,RATE_LIMITED,rate_limited,4,FAILED,2026-05-01T09:40:55.614Z
notif-4922,in_app,in_app,NETWORK_ERROR,network_error,5,DLQ,2026-05-23T12:22:55.614Z
notif-4923,push,fcm,EXPIRED_TOKEN,expired_token,5,FAILED,2026-05-05T13:18:55.614Z
notif-4924,sms,twilio,RATE_LIMITED,rate_limited,3,DLQ,2026-04-04T11:56:55.614Z
notif-4925,whatsapp,whatsapp_cloud,PROVIDER_TIMEOUT,provider_timeout,2,FAILED,2026-03-24T19:09:55.614Z
notif-4926,whatsapp,whatsapp_cloud,RATE_LIMITED,rate_limited,4,FAILED,2026-04-11T09:54:55.614Z
notif-4927,sms,msg91,EXPIRED_TOKEN,expired_token,2,DLQ,2026-04-03T12:57:55.614Z
notif-4928,sms,msg91,DND_BLOCKED,dnd_blocked,2,FAILED,2026-05-08T19:09:55.614Z
notif-4929,push,fcm,INVALID_RECIPIENT,invalid_recipient,4,FAILED,2026-05-30T13:09:55.614Z
notif-4930,in_app,in_app,EXPIRED_TOKEN,expired_token,5,FAILED,2026-05-04T19:09:55.614Z
notif-4931,sms,msg91,INVALID_RECIPIENT,invalid_recipient,2,FAILED,2026-05-25T13:49:55.614Z
notif-4932,push,fcm,INVALID_TEMPLATE,invalid_template,3,FAILED,2026-06-06T12:06:55.614Z
notif-4933,whatsapp,whatsapp_cloud,DND_BLOCKED,dnd_blocked,1,FAILED,2026-06-02T08:57:55.614Z
notif-4934,in_app,in_app,INVALID_TEMPLATE,invalid_template,3,FAILED,2026-03-22T19:09:55.614Z
notif-4935,sms,msg91,EXPIRED_TOKEN,expired_token,2,FAILED,2026-05-07T08:32:55.614Z
notif-4936,whatsapp,whatsapp_cloud,NETWORK_ERROR,network_error,4,FAILED,2026-03-18T12:05:55.614Z
notif-4937,push,fcm,NETWORK_ERROR,network_error,1,FAILED,2026-04-30T11:12:55.614Z
notif-4938,push,fcm,RATE_LIMITED,rate_limited,5,DLQ,2026-06-15T08:36:55.614Z
notif-4939,sms,twilio,INVALID_RECIPIENT,invalid_recipient,3,DLQ,2026-05-04T09:55:55.614Z
notif-4940,whatsapp,whatsapp_cloud,NETWORK_ERROR,network_error,3,FAILED,2026-05-10T13:35:55.614Z
notif-4941,in_app,in_app,RATE_LIMITED,rate_limited,2,DLQ,2026-05-16T10:51:55.614Z
notif-4942,in_app,in_app,NETWORK_ERROR,network_error,5,FAILED,2026-04-22T09:39:55.614Z
notif-4943,sms,twilio,PROVIDER_TIMEOUT,provider_timeout,1,FAILED,2026-05-07T10:21:55.614Z
notif-4944,sms,msg91,INVALID_RECIPIENT,invalid_recipient,4,FAILED,2026-03-26T11:17:55.614Z
notif-4945,whatsapp,whatsapp_cloud,PROVIDER_TIMEOUT,provider_timeout,1,FAILED,2026-06-03T09:36:55.614Z
notif-4946,in_app,in_app,INVALID_TEMPLATE,invalid_template,2,FAILED,2026-04-09T13:18:55.614Z
notif-4947,whatsapp,whatsapp_cloud,INVALID_RECIPIENT,invalid_recipient,2,FAILED,2026-04-20T11:15:55.614Z
notif-4948,in_app,in_app,EXPIRED_TOKEN,expired_token,4,FAILED,2026-05-01T10:13:55.614Z
notif-4949,email,nodemailer,DND_BLOCKED,dnd_blocked,4,FAILED,2026-04-25T09:22:55.614Z
notif-4950,sms,msg91,INVALID_RECIPIENT,invalid_recipient,5,FAILED,2026-05-01T13:15:55.614Z
notif-4951,push,fcm,NETWORK_ERROR,network_error,1,FAILED,2026-06-04T13:03:55.614Z
notif-4952,in_app,in_app,DND_BLOCKED,dnd_blocked,1,FAILED,2026-04-29T08:02:55.614Z
notif-4953,sms,msg91,INVALID_TEMPLATE,invalid_template,5,DLQ,2026-04-04T09:53:55.614Z
notif-4954,email,nodemailer,PROVIDER_TIMEOUT,provider_timeout,2,DLQ,2026-04-10T13:31:55.614Z
notif-4955,push,fcm,RATE_LIMITED,rate_limited,1,FAILED,2026-04-23T11:32:55.614Z
notif-4956,in_app,in_app,INVALID_RECIPIENT,invalid_recipient,3,DLQ,2026-05-20T08:38:55.614Z
notif-4957,email,nodemailer,RATE_LIMITED,rate_limited,1,FAILED,2026-05-22T10:30:55.614Z
notif-4958,sms,twilio,INVALID_TEMPLATE,invalid_template,5,FAILED,2026-04-06T12:45:55.614Z
notif-4959,whatsapp,whatsapp_cloud,PROVIDER_TIMEOUT,provider_timeout,1,DLQ,2026-06-14T10:49:55.614Z
notif-4960,email,nodemailer,NETWORK_ERROR,network_error,3,FAILED,2026-06-10T11:09:55.614Z
notif-4961,push,fcm,EXPIRED_TOKEN,expired_token,1,FAILED,2026-06-06T19:09:55.614Z
notif-4962,in_app,in_app,PROVIDER_TIMEOUT,provider_timeout,2,DLQ,2026-06-01T11:27:55.614Z
notif-4963,in_app,in_app,PROVIDER_TIMEOUT,provider_timeout,2,FAILED,2026-04-12T09:40:55.614Z
notif-4964,whatsapp,whatsapp_cloud,NETWORK_ERROR,network_error,1,DLQ,2026-05-06T10:47:55.614Z
notif-4965,in_app,in_app,INVALID_RECIPIENT,invalid_recipient,4,FAILED,2026-03-30T11:02:55.614Z
notif-4966,email,nodemailer,NETWORK_ERROR,network_error,3,FAILED,2026-04-12T13:05:55.614Z
notif-4967,push,fcm,RATE_LIMITED,rate_limited,5,DLQ,2026-04-29T19:09:55.614Z
notif-4968,in_app,in_app,RATE_LIMITED,rate_limited,4,FAILED,2026-04-12T11:15:55.614Z
notif-4969,whatsapp,whatsapp_cloud,NETWORK_ERROR,network_error,2,FAILED,2026-04-29T13:40:55.614Z
notif-4970,in_app,in_app,INVALID_RECIPIENT,invalid_recipient,1,DLQ,2026-04-08T09:52:55.614Z
notif-4971,email,nodemailer,DND_BLOCKED,dnd_blocked,3,FAILED,2026-06-12T19:09:55.614Z
notif-4972,whatsapp,whatsapp_cloud,EXPIRED_TOKEN,expired_token,5,FAILED,2026-05-31T11:11:55.614Z
notif-4973,sms,twilio,INVALID_TEMPLATE,invalid_template,3,FAILED,2026-04-10T12:31:55.614Z
notif-4974,push,fcm,RATE_LIMITED,rate_limited,1,FAILED,2026-05-16T08:35:55.614Z
notif-4975,email,nodemailer,EXPIRED_TOKEN,expired_token,2,FAILED,2026-04-27T08:49:55.614Z
notif-4976,sms,msg91,RATE_LIMITED,rate_limited,3,FAILED,2026-06-10T19:09:55.614Z
notif-4977,sms,msg91,INVALID_RECIPIENT,invalid_recipient,2,DLQ,2026-03-20T11:32:55.614Z
notif-4978,sms,msg91,RATE_LIMITED,rate_limited,5,FAILED,2026-03-19T12:05:55.614Z
notif-4979,sms,twilio,NETWORK_ERROR,network_error,2,FAILED,2026-04-29T09:18:55.614Z
notif-4980,whatsapp,whatsapp_cloud,RATE_LIMITED,rate_limited,4,FAILED,2026-03-27T12:28:55.614Z
notif-4981,whatsapp,whatsapp_cloud,EXPIRED_TOKEN,expired_token,2,FAILED,2026-06-11T13:02:55.614Z
notif-4982,push,fcm,PROVIDER_TIMEOUT,provider_timeout,1,FAILED,2026-04-09T11:59:55.614Z
notif-4983,sms,twilio,RATE_LIMITED,rate_limited,5,FAILED,2026-03-30T19:09:55.614Z
notif-4984,push,fcm,INVALID_TEMPLATE,invalid_template,3,FAILED,2026-04-19T09:15:55.614Z
notif-4985,push,fcm,RATE_LIMITED,rate_limited,5,FAILED,2026-05-24T09:04:55.614Z
notif-4986,in_app,in_app,DND_BLOCKED,dnd_blocked,2,DLQ,2026-06-05T11:42:55.614Z
notif-4987,email,nodemailer,RATE_LIMITED,rate_limited,2,DLQ,2026-03-26T12:32:55.614Z
notif-4988,whatsapp,whatsapp_cloud,DND_BLOCKED,dnd_blocked,4,FAILED,2026-05-25T11:39:55.614Z
notif-4989,in_app,in_app,INVALID_TEMPLATE,invalid_template,1,FAILED,2026-05-04T09:56:55.614Z
notif-4990,push,fcm,INVALID_RECIPIENT,invalid_recipient,3,FAILED,2026-05-05T11:16:55.614Z
notif-4991,whatsapp,whatsapp_cloud,PROVIDER_TIMEOUT,provider_timeout,5,FAILED,2026-05-13T19:09:55.614Z
notif-4992,push,fcm,EXPIRED_TOKEN,expired_token,4,DLQ,2026-03-28T19:09:55.614Z
notif-4993,email,nodemailer,RATE_LIMITED,rate_limited,1,FAILED,2026-03-21T11:15:55.614Z
notif-4994,sms,msg91,NETWORK_ERROR,network_error,1,FAILED,2026-03-22T08:50:55.614Z
notif-4995,email,nodemailer,INVALID_RECIPIENT,invalid_recipient,1,DLQ,2026-03-20T09:06:55.614Z
notif-4996,email,nodemailer,INVALID_TEMPLATE,invalid_template,2,DLQ,2026-05-19T13:52:55.614Z
notif-4997,whatsapp,whatsapp_cloud,NETWORK_ERROR,network_error,3,DLQ,2026-04-30T08:03:55.614Z
notif-4998,email,nodemailer,EXPIRED_TOKEN,expired_token,1,FAILED,2026-04-04T11:14:55.614Z
notif-4999,in_app,in_app,DND_BLOCKED,dnd_blocked,4,DLQ,2026-03-24T12:30:55.614Z
notif-5000,sms,msg91,INVALID_RECIPIENT,invalid_recipient,4,FAILED,2026-05-21T08:17:55.614Z