complaint_id,user_id,complaint_type,channel,event_type,description,timestamp,resolved
complaint-1,user-378,irrelevant_content,sms,REGX-004,User complaint: irrelevant content,2026-06-02T09:55:36.399Z,false
complaint-2,user-6037,missing_critical_notification,sms,REGX-001,User complaint: missing critical notification,2026-05-27T13:10:36.399Z,true
complaint-3,user-453,wrong_time,sms,TXNX-003,User complaint: wrong time,2026-06-15T13:16:36.399Z,true
complaint-4,user-1881,irrelevant_content,email,SIPX-001,User complaint: irrelevant content,2026-06-15T10:26:36.399Z,false
complaint-5,user-4900,too_many_notifications,sms,RISK-002,User complaint: too many notifications,2026-06-14T12:59:36.399Z,true
complaint-6,user-7096,too_many_notifications,in_app,TXNX-002,User complaint: too many notifications,2026-06-04T10:26:36.399Z,false
complaint-7,user-8526,irrelevant_content,push,MKTX-001,User complaint: irrelevant content,2026-05-19T08:00:36.399Z,true
complaint-8,user-2967,wrong_time,sms,SIPX-001,User complaint: wrong time,2026-06-04T09:04:36.399Z,true
complaint-9,user-1038,too_many_notifications,whatsapp,SIPX-004,User complaint: too many notifications,2026-06-17T13:38:36.399Z,false
complaint-10,user-433,wrong_time,whatsapp,MKTX-005,User complaint: wrong time,2026-06-11T09:05:36.399Z,false
complaint-11,user-7235,wrong_time,whatsapp,TXNX-003,User complaint: wrong time,2026-05-22T09:20:36.399Z,false
complaint-12,user-2311,wrong_time,email,MKTX-002,User complaint: wrong time,2026-05-19T10:26:36.399Z,false
complaint-13,user-2035,too_many_notifications,in_app,RISK-001,User complaint: too many notifications,2026-06-01T13:47:36.399Z,true
complaint-14,user-4064,too_many_notifications,sms,TXNX-002,User complaint: too many notifications,2026-06-13T12:19:36.399Z,false
complaint-15,user-1793,wrong_time,in_app,RISK-001,User complaint: wrong time,2026-06-13T11:35:36.399Z,false
complaint-16,user-6455,wrong_time,whatsapp,MKTX-005,User complaint: wrong time,2026-05-20T10:47:36.399Z,true
complaint-17,user-724,too_many_notifications,sms,TXNX-005,User complaint: too many notifications,2026-06-02T11:55:36.399Z,true
complaint-18,user-3848,missing_critical_notification,whatsapp,SIPX-002,User complaint: missing critical notification,2026-05-22T10:14:36.399Z,true
complaint-19,user-5938,wrong_time,push,RISK-002,User complaint: wrong time,2026-05-21T11:36:36.399Z,false
complaint-20,user-5717,wrong_time,in_app,RISK-004,User complaint: wrong time,2026-06-08T11:09:36.399Z,false
complaint-21,user-1591,missing_critical_notification,whatsapp,TXNX-005,User complaint: missing critical notification,2026-06-09T12:46:36.399Z,true
complaint-22,user-5022,too_many_notifications,whatsapp,TXNX-005,User complaint: too many notifications,2026-05-31T08:18:36.399Z,false
complaint-23,user-8416,too_many_notifications,push,SIPX-003,User complaint: too many notifications,2026-05-19T08:03:36.399Z,true
complaint-24,user-8165,irrelevant_content,email,TXNX-003,User complaint: irrelevant content,2026-06-05T10:26:36.399Z,false
complaint-25,user-9887,wrong_channel,push,TXNX-004,User complaint: wrong channel,2026-06-17T11:18:36.399Z,true
complaint-26,user-3708,too_many_notifications,in_app,TXNX-002,User complaint: too many notifications,2026-06-08T08:34:36.399Z,true
complaint-27,user-1697,irrelevant_content,email,TXNX-001,User complaint: irrelevant content,2026-05-28T12:32:36.399Z,false
complaint-28,user-6665,irrelevant_content,in_app,TXNX-002,User complaint: irrelevant content,2026-05-26T08:40:36.399Z,true
complaint-29,user-5223,irrelevant_content,whatsapp,REGX-001,User complaint: irrelevant content,2026-06-17T10:26:36.399Z,true
complaint-30,user-35,irrelevant_content,push,MKTX-002,User complaint: irrelevant content,2026-06-06T09:53:36.399Z,true
complaint-31,user-1454,too_many_notifications,sms,SIPX-005,User complaint: too many notifications,2026-05-28T09:25:36.399Z,false
complaint-32,user-123,wrong_time,whatsapp,TXNX-005,User complaint: wrong time,2026-06-17T10:26:36.399Z,true
complaint-33,user-5535,irrelevant_content,in_app,TXNX-002,User complaint: irrelevant content,2026-06-03T12:41:36.399Z,true
complaint-34,user-664,missing_critical_notification,sms,TXNX-001,User complaint: missing critical notification,2026-06-15T09:49:36.399Z,true
complaint-35,user-5279,too_many_notifications,push,MKTX-005,User complaint: too many notifications,2026-06-16T12:27:36.399Z,false
complaint-36,user-5553,wrong_time,whatsapp,TXNX-003,User complaint: wrong time,2026-05-31T10:26:36.399Z,true
complaint-37,user-6301,irrelevant_content,push,SIPX-002,User complaint: irrelevant content,2026-06-01T08:46:36.399Z,true
complaint-38,user-9134,wrong_channel,push,SIPX-005,User complaint: wrong channel,2026-05-19T11:01:36.399Z,true
complaint-39,user-3250,irrelevant_content,push,TXNX-002,User complaint: irrelevant content,2026-06-10T10:26:36.399Z,true
complaint-40,user-1785,too_many_notifications,sms,TXNX-001,User complaint: too many notifications,2026-06-12T08:09:36.399Z,true
complaint-41,user-2076,missing_critical_notification,sms,MKTX-004,User complaint: missing critical notification,2026-05-22T08:17:36.399Z,true
complaint-42,user-7990,too_many_notifications,email,TXNX-004,User complaint: too many notifications,2026-06-11T12:07:36.399Z,true
complaint-43,user-495,too_many_notifications,whatsapp,RISK-003,User complaint: too many notifications,2026-05-30T09:09:36.399Z,true
complaint-44,user-6093,too_many_notifications,sms,SIPX-005,User complaint: too many notifications,2026-05-19T10:26:36.399Z,true
complaint-45,user-350,irrelevant_content,push,TXNX-001,User complaint: irrelevant content,2026-06-13T09:48:36.399Z,true
complaint-46,user-8546,missing_critical_notification,sms,REGX-003,User complaint: missing critical notification,2026-06-15T11:17:36.399Z,false
complaint-47,user-8408,too_many_notifications,sms,RISK-002,User complaint: too many notifications,2026-05-20T13:12:36.399Z,true
complaint-48,user-9428,too_many_notifications,sms,TXNX-005,User complaint: too many notifications,2026-05-30T12:44:36.399Z,false
complaint-49,user-7717,wrong_time,sms,RISK-001,User complaint: wrong time,2026-05-30T11:02:36.399Z,true
complaint-50,user-825,too_many_notifications,sms,TXNX-003,User complaint: too many notifications,2026-05-29T10:26:36.399Z,true
complaint-51,user-2281,missing_critical_notification,sms,TXNX-004,User complaint: missing critical notification,2026-06-02T13:27:36.399Z,false
complaint-52,user-3213,too_many_notifications,push,SIPX-004,User complaint: too many notifications,2026-06-12T09:06:36.399Z,true
complaint-53,user-4241,wrong_time,push,TXNX-003,User complaint: wrong time,2026-06-11T12:58:36.399Z,false
complaint-54,user-9042,too_many_notifications,whatsapp,SIPX-003,User complaint: too many notifications,2026-06-09T13:45:36.399Z,false
complaint-55,user-7695,irrelevant_content,in_app,RISK-002,User complaint: irrelevant content,2026-05-25T11:27:36.399Z,true
complaint-56,user-4326,wrong_time,whatsapp,TXNX-001,User complaint: wrong time,2026-05-30T11:59:36.399Z,true
complaint-57,user-332,too_many_notifications,email,SIPX-003,User complaint: too many notifications,2026-06-12T09:09:36.399Z,false
complaint-58,user-6276,too_many_notifications,email,TXNX-003,User complaint: too many notifications,2026-05-31T10:26:36.399Z,false
complaint-59,user-2252,too_many_notifications,push,TXNX-002,User complaint: too many notifications,2026-06-05T11:03:36.399Z,true
complaint-60,user-6942,too_many_notifications,whatsapp,TXNX-002,User complaint: too many notifications,2026-06-10T08:50:36.399Z,false
complaint-61,user-4651,irrelevant_content,push,TXNX-004,User complaint: irrelevant content,2026-05-26T10:52:36.399Z,true
complaint-62,user-4868,too_many_notifications,in_app,TXNX-001,User complaint: too many notifications,2026-05-20T12:05:36.399Z,true
complaint-63,user-9167,wrong_time,sms,RISK-002,User complaint: wrong time,2026-05-19T13:08:36.399Z,false
complaint-64,user-4497,irrelevant_content,whatsapp,TXNX-005,User complaint: irrelevant content,2026-05-20T10:26:36.399Z,true
complaint-65,user-1650,wrong_channel,whatsapp,TXNX-003,User complaint: wrong channel,2026-05-23T08:16:36.399Z,true
complaint-66,user-9015,irrelevant_content,sms,TXNX-004,User complaint: irrelevant content,2026-06-06T12:45:36.399Z,true
complaint-67,user-6830,irrelevant_content,in_app,SIPX-005,User complaint: irrelevant content,2026-05-25T12:54:36.399Z,false
complaint-68,user-9649,too_many_notifications,sms,TXNX-002,User complaint: too many notifications,2026-06-01T13:44:36.399Z,true
complaint-69,user-7654,wrong_time,push,TXNX-003,User complaint: wrong time,2026-05-20T10:59:36.399Z,true
complaint-70,user-7034,too_many_notifications,push,TXNX-003,User complaint: too many notifications,2026-06-04T12:57:36.399Z,false
complaint-71,user-9025,too_many_notifications,push,SIPX-001,User complaint: too many notifications,2026-06-16T08:30:36.400Z,false
complaint-72,user-6046,wrong_time,push,MKTX-005,User complaint: wrong time,2026-05-30T10:21:36.400Z,false
complaint-73,user-2205,missing_critical_notification,email,REGX-002,User complaint: missing critical notification,2026-05-26T10:26:36.400Z,false
complaint-74,user-5758,too_many_notifications,sms,TXNX-005,User complaint: too many notifications,2026-06-05T12:14:36.400Z,false
complaint-75,user-7290,wrong_time,push,TXNX-005,User complaint: wrong time,2026-06-01T10:26:36.400Z,true
complaint-76,user-6610,irrelevant_content,email,MKTX-004,User complaint: irrelevant content,2026-06-08T13:56:36.400Z,true
complaint-77,user-5675,irrelevant_content,whatsapp,TXNX-004,User complaint: irrelevant content,2026-06-15T10:28:36.400Z,false
complaint-78,user-560,too_many_notifications,whatsapp,TXNX-001,User complaint: too many notifications,2026-06-07T10:26:36.400Z,true
complaint-79,user-8714,irrelevant_content,push,MKTX-003,User complaint: irrelevant content,2026-05-20T13:26:36.400Z,false
complaint-80,user-5467,too_many_notifications,push,TXNX-001,User complaint: too many notifications,2026-06-13T08:49:36.400Z,true
complaint-81,user-5435,irrelevant_content,email,RISK-004,User complaint: irrelevant content,2026-05-31T13:24:36.400Z,true
complaint-82,user-8058,wrong_time,email,TXNX-005,User complaint: wrong time,2026-06-03T12:47:36.400Z,true
complaint-83,user-2218,too_many_notifications,email,RISK-004,User complaint: too many notifications,2026-06-09T09:34:36.400Z,false
complaint-84,user-8070,too_many_notifications,push,MKTX-003,User complaint: too many notifications,2026-06-13T11:32:36.400Z,false
complaint-85,user-8360,irrelevant_content,sms,MKTX-004,User complaint: irrelevant content,2026-05-23T10:38:36.400Z,true
complaint-86,user-5857,too_many_notifications,push,RISK-002,User complaint: too many notifications,2026-05-23T10:26:36.400Z,false
complaint-87,user-7148,wrong_time,email,RISK-005,User complaint: wrong time,2026-06-12T13:10:36.400Z,false
complaint-88,user-832,too_many_notifications,email,TXNX-001,User complaint: too many notifications,2026-06-11T13:52:36.400Z,true
complaint-89,user-4728,wrong_channel,in_app,TXNX-002,User complaint: wrong channel,2026-06-04T08:06:36.400Z,false
complaint-90,user-152,too_many_notifications,whatsapp,SIPX-003,User complaint: too many notifications,2026-06-10T10:26:36.400Z,true
complaint-91,user-8996,wrong_time,whatsapp,TXNX-005,User complaint: wrong time,2026-05-23T09:29:36.400Z,true
complaint-92,user-6041,missing_critical_notification,push,REGX-004,User complaint: missing critical notification,2026-05-30T09:52:36.400Z,false
complaint-93,user-1929,wrong_time,sms,TXNX-001,User complaint: wrong time,2026-05-27T12:27:36.400Z,true
complaint-94,user-8368,irrelevant_content,sms,RISK-001,User complaint: irrelevant content,2026-06-16T09:58:36.400Z,true
complaint-95,user-6510,too_many_notifications,in_app,SIPX-002,User complaint: too many notifications,2026-06-02T09:31:36.400Z,true
complaint-96,user-7370,wrong_time,sms,TXNX-002,User complaint: wrong time,2026-05-25T11:12:36.400Z,true
complaint-97,user-1194,missing_critical_notification,push,TXNX-003,User complaint: missing critical notification,2026-06-08T10:26:36.400Z,true
complaint-98,user-8980,too_many_notifications,in_app,SIPX-002,User complaint: too many notifications,2026-06-03T11:07:36.400Z,false
complaint-99,user-6022,irrelevant_content,push,TXNX-004,User complaint: irrelevant content,2026-05-26T10:26:36.400Z,false
complaint-100,user-1375,too_many_notifications,push,MKTX-005,User complaint: too many notifications,2026-05-27T08:36:36.400Z,false
complaint-101,user-5296,wrong_channel,sms,TXNX-002,User complaint: wrong channel,2026-06-06T12:14:36.400Z,true
complaint-102,user-8797,wrong_time,in_app,REGX-002,User complaint: wrong time,2026-05-21T12:19:36.400Z,true
complaint-103,user-7215,too_many_notifications,sms,TXNX-003,User complaint: too many notifications,2026-06-13T13:51:36.400Z,false
complaint-104,user-479,wrong_time,push,MKTX-002,User complaint: wrong time,2026-06-13T13:22:36.400Z,false
complaint-105,user-7375,missing_critical_notification,whatsapp,REGX-005,User complaint: missing critical notification,2026-06-08T09:00:36.400Z,true
complaint-106,user-3229,irrelevant_content,whatsapp,RISK-002,User complaint: irrelevant content,2026-05-22T12:06:36.400Z,true
complaint-107,user-4775,irrelevant_content,sms,MKTX-001,User complaint: irrelevant content,2026-05-20T10:21:36.400Z,true
complaint-108,user-486,too_many_notifications,sms,SIPX-002,User complaint: too many notifications,2026-06-15T12:19:36.400Z,false
complaint-109,user-3895,irrelevant_content,email,TXNX-002,User complaint: irrelevant content,2026-06-15T11:41:36.400Z,false
complaint-110,user-9989,irrelevant_content,push,TXNX-002,User complaint: irrelevant content,2026-06-08T13:58:36.400Z,true
complaint-111,user-1307,too_many_notifications,whatsapp,TXNX-001,User complaint: too many notifications,2026-06-06T12:35:36.400Z,true
complaint-112,user-2323,wrong_time,whatsapp,TXNX-005,User complaint: wrong time,2026-05-26T10:15:36.400Z,false
complaint-113,user-1911,too_many_notifications,in_app,RISK-002,User complaint: too many notifications,2026-06-14T09:56:36.400Z,false
complaint-114,user-5255,too_many_notifications,in_app,TXNX-005,User complaint: too many notifications,2026-05-30T10:26:36.400Z,true
complaint-115,user-7921,irrelevant_content,whatsapp,SIPX-004,User complaint: irrelevant content,2026-05-27T12:59:36.400Z,false
complaint-116,user-3597,wrong_time,email,RISK-002,User complaint: wrong time,2026-06-17T12:09:36.400Z,true
complaint-117,user-1981,irrelevant_content,push,SIPX-003,User complaint: irrelevant content,2026-05-24T11:14:36.400Z,true
complaint-118,user-9285,irrelevant_content,push,RISK-004,User complaint: irrelevant content,2026-05-31T13:40:36.400Z,true
complaint-119,user-7133,wrong_channel,sms,SIPX-005,User complaint: wrong channel,2026-06-14T13:47:36.400Z,true
complaint-120,user-3147,wrong_channel,sms,REGX-002,User complaint: wrong channel,2026-06-11T10:10:36.400Z,false
complaint-121,user-4487,irrelevant_content,in_app,RISK-004,User complaint: irrelevant content,2026-05-21T10:26:36.400Z,true
complaint-122,user-9023,irrelevant_content,in_app,MKTX-005,User complaint: irrelevant content,2026-06-05T09:19:36.400Z,false
complaint-123,user-558,missing_critical_notification,email,TXNX-003,User complaint: missing critical notification,2026-05-30T09:38:36.400Z,false
complaint-124,user-6759,irrelevant_content,whatsapp,REGX-005,User complaint: irrelevant content,2026-05-28T09:56:36.400Z,false
complaint-125,user-4580,irrelevant_content,sms,MKTX-004,User complaint: irrelevant content,2026-06-12T10:26:36.400Z,true
complaint-126,user-587,wrong_time,in_app,TXNX-005,User complaint: wrong time,2026-05-20T10:26:36.400Z,true
complaint-127,user-8314,too_many_notifications,push,MKTX-001,User complaint: too many notifications,2026-06-11T10:51:36.400Z,false
complaint-128,user-2220,wrong_time,push,SIPX-005,User complaint: wrong time,2026-06-04T10:55:36.400Z,true
complaint-129,user-8314,wrong_time,email,MKTX-003,User complaint: wrong time,2026-06-17T13:18:36.400Z,false
complaint-130,user-7362,wrong_channel,email,TXNX-001,User complaint: wrong channel,2026-06-08T10:26:36.400Z,true
complaint-131,user-3885,wrong_channel,in_app,TXNX-001,User complaint: wrong channel,2026-06-11T08:08:36.400Z,true
complaint-132,user-8713,too_many_notifications,sms,RISK-005,User complaint: too many notifications,2026-05-24T08:48:36.400Z,true
complaint-133,user-4435,wrong_channel,email,TXNX-002,User complaint: wrong channel,2026-05-22T11:30:36.400Z,true
complaint-134,user-4643,irrelevant_content,email,SIPX-005,User complaint: irrelevant content,2026-06-11T12:49:36.400Z,true
complaint-135,user-8113,irrelevant_content,sms,SIPX-003,User complaint: irrelevant content,2026-06-12T08:41:36.400Z,true
complaint-136,user-5002,irrelevant_content,email,SIPX-002,User complaint: irrelevant content,2026-06-10T10:26:36.400Z,false
complaint-137,user-5599,irrelevant_content,email,RISK-002,User complaint: irrelevant content,2026-06-13T12:42:36.400Z,false
complaint-138,user-1461,missing_critical_notification,sms,TXNX-001,User complaint: missing critical notification,2026-06-16T09:27:36.400Z,false
complaint-139,user-8454,wrong_channel,push,TXNX-002,User complaint: wrong channel,2026-06-17T10:45:36.400Z,true
complaint-140,user-6135,irrelevant_content,whatsapp,SIPX-001,User complaint: irrelevant content,2026-06-03T10:26:36.400Z,true
complaint-141,user-52,too_many_notifications,sms,TXNX-003,User complaint: too many notifications,2026-06-10T10:26:36.400Z,false
complaint-142,user-6287,wrong_channel,email,SIPX-002,User complaint: wrong channel,2026-05-29T10:26:36.400Z,true
complaint-143,user-5662,irrelevant_content,in_app,TXNX-004,User complaint: irrelevant content,2026-06-04T09:55:36.400Z,true
complaint-144,user-4437,wrong_time,in_app,RISK-004,User complaint: wrong time,2026-06-08T13:50:36.400Z,false
complaint-145,user-7860,irrelevant_content,in_app,MKTX-001,User complaint: irrelevant content,2026-06-14T11:10:36.400Z,true
complaint-146,user-9795,wrong_channel,sms,MKTX-003,User complaint: wrong channel,2026-06-02T12:46:36.400Z,true
complaint-147,user-1532,missing_critical_notification,whatsapp,TXNX-002,User complaint: missing critical notification,2026-05-30T09:58:36.400Z,true
complaint-148,user-7029,wrong_channel,sms,TXNX-003,User complaint: wrong channel,2026-05-27T13:34:36.400Z,true
complaint-149,user-13,wrong_channel,sms,SIPX-002,User complaint: wrong channel,2026-05-23T12:30:36.400Z,false
complaint-150,user-9557,too_many_notifications,in_app,REGX-003,User complaint: too many notifications,2026-05-19T13:41:36.400Z,true
complaint-151,user-7955,too_many_notifications,in_app,TXNX-004,User complaint: too many notifications,2026-05-28T10:23:36.400Z,true
complaint-152,user-6231,irrelevant_content,email,MKTX-003,User complaint: irrelevant content,2026-05-27T13:41:36.400Z,true
complaint-153,user-6703,too_many_notifications,email,TXNX-005,User complaint: too many notifications,2026-06-07T13:09:36.400Z,true
complaint-154,user-1458,too_many_notifications,sms,REGX-003,User complaint: too many notifications,2026-05-23T13:09:36.400Z,true
complaint-155,user-5614,missing_critical_notification,sms,RISK-005,User complaint: missing critical notification,2026-05-30T13:00:36.400Z,true
complaint-156,user-7489,missing_critical_notification,in_app,RISK-005,User complaint: missing critical notification,2026-05-30T11:15:36.400Z,false
complaint-157,user-1680,wrong_time,push,TXNX-002,User complaint: wrong time,2026-05-19T10:13:36.400Z,false
complaint-158,user-8090,missing_critical_notification,sms,TXNX-005,User complaint: missing critical notification,2026-06-16T10:46:36.400Z,false
complaint-159,user-1929,wrong_time,in_app,TXNX-002,User complaint: wrong time,2026-05-23T08:56:36.400Z,true
complaint-160,user-2037,missing_critical_notification,sms,TXNX-005,User complaint: missing critical notification,2026-05-31T10:26:36.400Z,true
complaint-161,user-5232,wrong_channel,sms,TXNX-001,User complaint: wrong channel,2026-05-26T11:53:36.400Z,true
complaint-162,user-9735,wrong_time,email,TXNX-002,User complaint: wrong time,2026-05-29T13:49:36.400Z,true
complaint-163,user-2643,missing_critical_notification,email,RISK-003,User complaint: missing critical notification,2026-05-29T10:26:36.400Z,true
complaint-164,user-5081,irrelevant_content,whatsapp,TXNX-004,User complaint: irrelevant content,2026-06-07T10:26:36.400Z,true
complaint-165,user-7919,missing_critical_notification,push,RISK-002,User complaint: missing critical notification,2026-06-10T11:43:36.400Z,true
complaint-166,user-7129,too_many_notifications,in_app,MKTX-001,User complaint: too many notifications,2026-05-29T10:26:36.400Z,false
complaint-167,user-4002,missing_critical_notification,in_app,SIPX-004,User complaint: missing critical notification,2026-05-23T09:57:36.400Z,false
complaint-168,user-7061,too_many_notifications,in_app,TXNX-005,User complaint: too many notifications,2026-05-26T10:26:36.400Z,true
complaint-169,user-6646,irrelevant_content,email,MKTX-004,User complaint: irrelevant content,2026-05-19T11:08:36.400Z,false
complaint-170,user-3192,missing_critical_notification,email,TXNX-002,User complaint: missing critical notification,2026-06-02T10:22:36.400Z,true
complaint-171,user-6832,too_many_notifications,email,MKTX-004,User complaint: too many notifications,2026-05-24T12:33:36.400Z,false
complaint-172,user-7033,missing_critical_notification,push,MKTX-003,User complaint: missing critical notification,2026-05-20T10:26:36.400Z,false
complaint-173,user-8451,wrong_time,push,TXNX-005,User complaint: wrong time,2026-05-19T09:08:36.400Z,true
complaint-174,user-1699,too_many_notifications,in_app,RISK-002,User complaint: too many notifications,2026-05-20T09:55:36.400Z,true
complaint-175,user-1038,wrong_time,in_app,TXNX-002,User complaint: wrong time,2026-06-09T12:43:36.400Z,false
complaint-176,user-568,missing_critical_notification,email,RISK-004,User complaint: missing critical notification,2026-06-11T10:26:36.400Z,true
complaint-177,user-3002,too_many_notifications,email,RISK-001,User complaint: too many notifications,2026-06-11T11:28:36.400Z,false
complaint-178,user-5003,wrong_channel,push,REGX-001,User complaint: wrong channel,2026-06-16T08:27:36.400Z,true
complaint-179,user-5327,wrong_time,email,REGX-004,User complaint: wrong time,2026-06-05T10:38:36.400Z,true
complaint-180,user-1111,too_many_notifications,push,TXNX-005,User complaint: too many notifications,2026-06-01T08:38:36.400Z,true
complaint-181,user-3724,too_many_notifications,email,TXNX-004,User complaint: too many notifications,2026-05-29T13:50:36.400Z,false
complaint-182,user-7711,too_many_notifications,email,RISK-004,User complaint: too many notifications,2026-06-14T10:42:36.400Z,true
complaint-183,user-7993,wrong_time,push,MKTX-004,User complaint: wrong time,2026-05-23T13:05:36.400Z,true
complaint-184,user-4597,wrong_channel,whatsapp,REGX-005,User complaint: wrong channel,2026-06-09T08:03:36.400Z,true
complaint-185,user-2199,too_many_notifications,sms,TXNX-003,User complaint: too many notifications,2026-05-25T10:26:36.400Z,false
complaint-186,user-8086,too_many_notifications,in_app,TXNX-001,User complaint: too many notifications,2026-05-22T11:51:36.400Z,false
complaint-187,user-3067,wrong_channel,push,TXNX-004,User complaint: wrong channel,2026-06-16T10:26:36.400Z,true
complaint-188,user-5631,too_many_notifications,whatsapp,RISK-005,User complaint: too many notifications,2026-05-26T11:54:36.400Z,false
complaint-189,user-7657,wrong_channel,in_app,MKTX-001,User complaint: wrong channel,2026-06-10T10:17:36.400Z,true
complaint-190,user-7434,irrelevant_content,in_app,MKTX-002,User complaint: irrelevant content,2026-06-01T10:58:36.400Z,false
complaint-191,user-6314,missing_critical_notification,sms,SIPX-005,User complaint: missing critical notification,2026-06-05T09:04:36.400Z,false
complaint-192,user-6929,missing_critical_notification,whatsapp,MKTX-005,User complaint: missing critical notification,2026-06-06T13:41:36.400Z,true
complaint-193,user-5448,wrong_time,whatsapp,RISK-002,User complaint: wrong time,2026-06-01T11:43:36.400Z,true
complaint-194,user-104,too_many_notifications,sms,MKTX-004,User complaint: too many notifications,2026-06-01T10:19:36.400Z,true
complaint-195,user-3044,missing_critical_notification,in_app,MKTX-003,User complaint: missing critical notification,2026-05-31T10:57:36.400Z,true
complaint-196,user-9900,wrong_channel,email,REGX-004,User complaint: wrong channel,2026-06-06T10:26:36.400Z,true
complaint-197,user-7226,wrong_channel,email,TXNX-005,User complaint: wrong channel,2026-06-04T10:26:36.400Z,false
complaint-198,user-2106,too_many_notifications,email,SIPX-002,User complaint: too many notifications,2026-06-02T10:30:36.400Z,true
complaint-199,user-2585,missing_critical_notification,whatsapp,TXNX-001,User complaint: missing critical notification,2026-06-02T10:26:36.400Z,false
complaint-200,user-6410,irrelevant_content,push,RISK-002,User complaint: irrelevant content,2026-05-24T09:37:36.400Z,true
complaint-201,user-8414,wrong_channel,whatsapp,RISK-001,User complaint: wrong channel,2026-05-28T10:26:36.400Z,true
complaint-202,user-7874,wrong_time,whatsapp,SIPX-005,User complaint: wrong time,2026-05-31T10:26:36.400Z,false
complaint-203,user-9250,too_many_notifications,push,SIPX-002,User complaint: too many notifications,2026-06-15T09:59:36.400Z,true
complaint-204,user-9685,irrelevant_content,email,TXNX-002,User complaint: irrelevant content,2026-05-31T08:54:36.400Z,true
complaint-205,user-3673,irrelevant_content,sms,TXNX-004,User complaint: irrelevant content,2026-06-06T13:30:36.400Z,false
complaint-206,user-699,irrelevant_content,whatsapp,MKTX-003,User complaint: irrelevant content,2026-05-29T10:52:36.400Z,true
complaint-207,user-3760,too_many_notifications,email,SIPX-001,User complaint: too many notifications,2026-06-06T10:34:36.400Z,false
complaint-208,user-6374,missing_critical_notification,sms,RISK-003,User complaint: missing critical notification,2026-05-22T12:07:36.400Z,true
complaint-209,user-8874,too_many_notifications,push,MKTX-004,User complaint: too many notifications,2026-05-26T10:26:36.400Z,false
complaint-210,user-8493,too_many_notifications,whatsapp,MKTX-004,User complaint: too many notifications,2026-05-25T10:22:36.400Z,true
complaint-211,user-4747,too_many_notifications,sms,RISK-005,User complaint: too many notifications,2026-06-17T09:07:36.400Z,false
complaint-212,user-2244,wrong_time,push,TXNX-005,User complaint: wrong time,2026-05-29T10:26:36.400Z,true
complaint-213,user-1112,missing_critical_notification,in_app,RISK-003,User complaint: missing critical notification,2026-06-05T13:08:36.400Z,true
complaint-214,user-1618,wrong_time,whatsapp,MKTX-001,User complaint: wrong time,2026-06-02T10:26:36.400Z,true
complaint-215,user-9098,wrong_time,push,MKTX-003,User complaint: wrong time,2026-05-23T12:27:36.400Z,true
complaint-216,user-4372,wrong_channel,sms,MKTX-002,User complaint: wrong channel,2026-06-16T10:26:36.400Z,false
complaint-217,user-8642,irrelevant_content,push,TXNX-004,User complaint: irrelevant content,2026-06-16T10:26:36.400Z,false
complaint-218,user-2795,irrelevant_content,sms,MKTX-003,User complaint: irrelevant content,2026-06-01T12:15:36.400Z,true
complaint-219,user-685,too_many_notifications,email,MKTX-004,User complaint: too many notifications,2026-05-19T12:46:36.400Z,false
complaint-220,user-5853,wrong_channel,email,TXNX-002,User complaint: wrong channel,2026-06-05T10:24:36.400Z,false
complaint-221,user-3523,too_many_notifications,push,MKTX-001,User complaint: too many notifications,2026-05-29T11:12:36.400Z,false
complaint-222,user-7758,too_many_notifications,push,RISK-005,User complaint: too many notifications,2026-06-14T11:35:36.400Z,true
complaint-223,user-8230,wrong_time,in_app,MKTX-003,User complaint: wrong time,2026-06-11T12:08:36.400Z,false
complaint-224,user-9318,irrelevant_content,in_app,SIPX-001,User complaint: irrelevant content,2026-06-17T08:25:36.400Z,false
complaint-225,user-8698,too_many_notifications,sms,MKTX-004,User complaint: too many notifications,2026-06-08T10:54:36.400Z,true
complaint-226,user-9602,missing_critical_notification,whatsapp,RISK-001,User complaint: missing critical notification,2026-06-01T10:31:36.400Z,true
complaint-227,user-2895,wrong_time,email,TXNX-001,User complaint: wrong time,2026-06-14T12:25:36.400Z,false
complaint-228,user-2061,wrong_time,whatsapp,TXNX-004,User complaint: wrong time,2026-06-07T13:51:36.400Z,true
complaint-229,user-9486,missing_critical_notification,push,REGX-005,User complaint: missing critical notification,2026-06-04T08:46:36.400Z,true
complaint-230,user-1417,wrong_time,sms,MKTX-002,User complaint: wrong time,2026-05-28T13:04:36.400Z,false
complaint-231,user-9575,wrong_time,email,SIPX-005,User complaint: wrong time,2026-06-17T08:34:36.400Z,true
complaint-232,user-4568,too_many_notifications,sms,MKTX-003,User complaint: too many notifications,2026-05-19T10:48:36.400Z,true
complaint-233,user-2001,wrong_time,email,RISK-003,User complaint: wrong time,2026-05-29T10:24:36.400Z,true
complaint-234,user-3492,too_many_notifications,sms,TXNX-005,User complaint: too many notifications,2026-06-07T08:37:36.400Z,false
complaint-235,user-7170,too_many_notifications,in_app,SIPX-005,User complaint: too many notifications,2026-05-29T08:19:36.400Z,true
complaint-236,user-2095,missing_critical_notification,whatsapp,TXNX-003,User complaint: missing critical notification,2026-06-05T13:03:36.400Z,false
complaint-237,user-7316,missing_critical_notification,sms,TXNX-001,User complaint: missing critical notification,2026-05-24T13:26:36.400Z,false
complaint-238,user-7151,too_many_notifications,email,TXNX-005,User complaint: too many notifications,2026-06-17T13:14:36.400Z,true
complaint-239,user-4897,irrelevant_content,whatsapp,TXNX-002,User complaint: irrelevant content,2026-05-21T09:55:36.400Z,true
complaint-240,user-8592,too_many_notifications,whatsapp,RISK-005,User complaint: too many notifications,2026-06-16T12:49:36.400Z,false
complaint-241,user-4682,wrong_time,in_app,MKTX-004,User complaint: wrong time,2026-05-22T13:33:36.400Z,true
complaint-242,user-2970,too_many_notifications,sms,TXNX-003,User complaint: too many notifications,2026-05-31T12:26:36.400Z,true
complaint-243,user-2000,irrelevant_content,in_app,MKTX-003,User complaint: irrelevant content,2026-06-04T13:51:36.400Z,true
complaint-244,user-8400,irrelevant_content,push,TXNX-002,User complaint: irrelevant content,2026-06-10T11:44:36.400Z,true
complaint-245,user-1362,wrong_time,in_app,SIPX-003,User complaint: wrong time,2026-06-03T10:26:36.400Z,true
complaint-246,user-8836,too_many_notifications,push,TXNX-003,User complaint: too many notifications,2026-06-15T08:34:36.400Z,false
complaint-247,user-1706,missing_critical_notification,in_app,TXNX-005,User complaint: missing critical notification,2026-06-11T10:13:36.400Z,false
complaint-248,user-1032,too_many_notifications,email,TXNX-002,User complaint: too many notifications,2026-05-23T11:57:36.400Z,false
complaint-249,user-1264,irrelevant_content,push,SIPX-002,User complaint: irrelevant content,2026-05-23T08:01:36.400Z,true
complaint-250,user-9083,wrong_time,sms,TXNX-002,User complaint: wrong time,2026-05-22T13:45:36.400Z,false
complaint-251,user-2955,too_many_notifications,push,TXNX-002,User complaint: too many notifications,2026-06-01T08:08:36.400Z,false
complaint-252,user-6556,too_many_notifications,in_app,SIPX-001,User complaint: too many notifications,2026-05-19T10:26:36.400Z,false
complaint-253,user-1059,missing_critical_notification,sms,TXNX-001,User complaint: missing critical notification,2026-05-28T08:54:36.400Z,true
complaint-254,user-8514,wrong_channel,in_app,REGX-004,User complaint: wrong channel,2026-06-02T10:21:36.400Z,false
complaint-255,user-6857,too_many_notifications,email,TXNX-004,User complaint: too many notifications,2026-05-26T09:47:36.400Z,false
complaint-256,user-9585,wrong_time,whatsapp,SIPX-004,User complaint: wrong time,2026-06-08T10:45:36.400Z,true
complaint-257,user-1111,wrong_channel,push,MKTX-003,User complaint: wrong channel,2026-06-06T13:39:36.400Z,false
complaint-258,user-802,irrelevant_content,in_app,SIPX-003,User complaint: irrelevant content,2026-05-25T12:41:36.400Z,true
complaint-259,user-7799,irrelevant_content,email,TXNX-003,User complaint: irrelevant content,2026-06-01T10:26:36.400Z,true
complaint-260,user-4752,irrelevant_content,in_app,SIPX-005,User complaint: irrelevant content,2026-05-30T13:18:36.400Z,true
complaint-261,user-7092,missing_critical_notification,in_app,TXNX-003,User complaint: missing critical notification,2026-06-17T10:26:36.400Z,true
complaint-262,user-1358,missing_critical_notification,email,TXNX-002,User complaint: missing critical notification,2026-05-28T10:26:36.400Z,true
complaint-263,user-994,too_many_notifications,push,TXNX-005,User complaint: too many notifications,2026-05-26T09:45:36.400Z,false
complaint-264,user-5903,too_many_notifications,email,TXNX-001,User complaint: too many notifications,2026-06-02T11:15:36.400Z,true
complaint-265,user-3215,wrong_time,in_app,SIPX-002,User complaint: wrong time,2026-06-15T12:40:36.400Z,false
complaint-266,user-6208,wrong_time,push,SIPX-004,User complaint: wrong time,2026-05-31T11:05:36.400Z,true
complaint-267,user-4320,wrong_channel,in_app,TXNX-002,User complaint: wrong channel,2026-05-23T11:40:36.400Z,true
complaint-268,user-1019,missing_critical_notification,in_app,TXNX-003,User complaint: missing critical notification,2026-05-28T12:20:36.400Z,true
complaint-269,user-6996,irrelevant_content,push,MKTX-002,User complaint: irrelevant content,2026-06-10T08:52:36.400Z,true
complaint-270,user-1835,irrelevant_content,email,RISK-002,User complaint: irrelevant content,2026-06-02T10:56:36.400Z,false
complaint-271,user-2294,too_many_notifications,sms,TXNX-003,User complaint: too many notifications,2026-05-20T10:36:36.400Z,true
complaint-272,user-9878,wrong_time,whatsapp,TXNX-003,User complaint: wrong time,2026-05-19T09:10:36.400Z,true
complaint-273,user-3468,irrelevant_content,whatsapp,SIPX-001,User complaint: irrelevant content,2026-05-26T12:15:36.400Z,false
complaint-274,user-808,wrong_time,sms,RISK-002,User complaint: wrong time,2026-06-15T08:14:36.400Z,true
complaint-275,user-4456,irrelevant_content,whatsapp,TXNX-003,User complaint: irrelevant content,2026-06-01T09:46:36.400Z,true
complaint-276,user-9896,irrelevant_content,push,RISK-003,User complaint: irrelevant content,2026-05-24T12:27:36.400Z,true
complaint-277,user-7846,wrong_time,email,TXNX-005,User complaint: wrong time,2026-06-11T12:52:36.400Z,true
complaint-278,user-714,irrelevant_content,push,TXNX-003,User complaint: irrelevant content,2026-06-11T12:52:36.400Z,true
complaint-279,user-9457,missing_critical_notification,whatsapp,TXNX-005,User complaint: missing critical notification,2026-05-23T10:55:36.400Z,false
complaint-280,user-9591,too_many_notifications,push,TXNX-002,User complaint: too many notifications,2026-06-15T10:26:36.400Z,false
complaint-281,user-5207,too_many_notifications,email,TXNX-002,User complaint: too many notifications,2026-05-28T13:28:36.400Z,true
complaint-282,user-9518,missing_critical_notification,whatsapp,SIPX-003,User complaint: missing critical notification,2026-05-24T12:38:36.400Z,false
complaint-283,user-3909,too_many_notifications,in_app,MKTX-004,User complaint: too many notifications,2026-06-04T12:18:36.400Z,true
complaint-284,user-5625,wrong_time,sms,SIPX-002,User complaint: wrong time,2026-05-22T12:24:36.400Z,false
complaint-285,user-6480,too_many_notifications,sms,MKTX-002,User complaint: too many notifications,2026-05-21T11:43:36.400Z,true
complaint-286,user-1597,wrong_channel,sms,TXNX-003,User complaint: wrong channel,2026-05-26T09:59:36.400Z,false
complaint-287,user-1108,irrelevant_content,whatsapp,REGX-001,User complaint: irrelevant content,2026-06-02T12:54:36.400Z,true
complaint-288,user-7649,missing_critical_notification,sms,MKTX-002,User complaint: missing critical notification,2026-06-08T10:26:36.400Z,true
complaint-289,user-1308,wrong_time,in_app,SIPX-001,User complaint: wrong time,2026-06-02T11:04:36.400Z,false
complaint-290,user-2273,irrelevant_content,sms,TXNX-004,User complaint: irrelevant content,2026-06-09T08:20:36.400Z,false
complaint-291,user-2081,too_many_notifications,email,SIPX-005,User complaint: too many notifications,2026-06-07T10:26:36.400Z,true
complaint-292,user-9870,wrong_time,sms,RISK-005,User complaint: wrong time,2026-06-13T10:26:36.400Z,true
complaint-293,user-5457,too_many_notifications,in_app,TXNX-005,User complaint: too many notifications,2026-05-19T12:26:36.400Z,true
complaint-294,user-7696,irrelevant_content,email,RISK-002,User complaint: irrelevant content,2026-05-29T08:07:36.400Z,true
complaint-295,user-4502,wrong_channel,email,RISK-004,User complaint: wrong channel,2026-06-11T10:26:36.400Z,false
complaint-296,user-4777,too_many_notifications,sms,REGX-003,User complaint: too many notifications,2026-05-20T10:26:36.400Z,true
complaint-297,user-3307,wrong_channel,sms,TXNX-003,User complaint: wrong channel,2026-06-11T09:16:36.400Z,true
complaint-298,user-5457,irrelevant_content,sms,SIPX-005,User complaint: irrelevant content,2026-05-26T08:23:36.400Z,true
complaint-299,user-1230,too_many_notifications,email,RISK-002,User complaint: too many notifications,2026-06-09T13:52:36.400Z,true
complaint-300,user-5832,wrong_time,email,TXNX-005,User complaint: wrong time,2026-06-14T08:11:36.400Z,true
complaint-301,user-5486,too_many_notifications,whatsapp,SIPX-005,User complaint: too many notifications,2026-05-26T12:43:36.400Z,true
complaint-302,user-298,too_many_notifications,push,RISK-005,User complaint: too many notifications,2026-06-14T13:17:36.400Z,false
complaint-303,user-2993,wrong_channel,sms,TXNX-005,User complaint: wrong channel,2026-06-03T08:48:36.400Z,false
complaint-304,user-3821,too_many_notifications,whatsapp,RISK-005,User complaint: too many notifications,2026-06-10T11:52:36.400Z,true
complaint-305,user-8353,wrong_time,whatsapp,TXNX-002,User complaint: wrong time,2026-06-06T11:00:36.400Z,true
complaint-306,user-5459,wrong_channel,email,MKTX-004,User complaint: wrong channel,2026-06-07T10:26:36.400Z,true
complaint-307,user-7531,wrong_channel,email,RISK-001,User complaint: wrong channel,2026-06-10T08:59:36.400Z,true
complaint-308,user-1069,irrelevant_content,in_app,SIPX-003,User complaint: irrelevant content,2026-05-30T13:06:36.400Z,true
complaint-309,user-1841,wrong_channel,sms,RISK-003,User complaint: wrong channel,2026-06-11T08:05:36.400Z,false
complaint-310,user-3777,wrong_time,whatsapp,MKTX-001,User complaint: wrong time,2026-05-24T10:09:36.400Z,true
complaint-311,user-4906,wrong_time,push,REGX-004,User complaint: wrong time,2026-05-23T09:31:36.400Z,false
complaint-312,user-1562,missing_critical_notification,in_app,SIPX-004,User complaint: missing critical notification,2026-05-30T08:49:36.400Z,true
complaint-313,user-7826,wrong_time,email,TXNX-001,User complaint: wrong time,2026-06-01T13:10:36.400Z,false
complaint-314,user-2584,too_many_notifications,in_app,TXNX-004,User complaint: too many notifications,2026-05-22T11:47:36.400Z,false
complaint-315,user-7174,too_many_notifications,whatsapp,RISK-001,User complaint: too many notifications,2026-05-26T10:26:36.400Z,false
complaint-316,user-9287,irrelevant_content,whatsapp,TXNX-003,User complaint: irrelevant content,2026-05-29T12:19:36.400Z,true
complaint-317,user-6877,irrelevant_content,whatsapp,RISK-003,User complaint: irrelevant content,2026-05-21T12:26:36.400Z,false
complaint-318,user-3290,irrelevant_content,email,MKTX-002,User complaint: irrelevant content,2026-06-06T13:12:36.400Z,true
complaint-319,user-7363,irrelevant_content,sms,REGX-002,User complaint: irrelevant content,2026-06-11T10:26:36.400Z,false
complaint-320,user-9238,wrong_channel,whatsapp,TXNX-002,User complaint: wrong channel,2026-05-31T10:26:36.400Z,true
complaint-321,user-767,irrelevant_content,email,TXNX-003,User complaint: irrelevant content,2026-05-25T09:58:36.400Z,false
complaint-322,user-494,too_many_notifications,push,REGX-002,User complaint: too many notifications,2026-06-09T11:48:36.400Z,true
complaint-323,user-4246,too_many_notifications,push,MKTX-003,User complaint: too many notifications,2026-06-13T12:09:36.400Z,true
complaint-324,user-7113,irrelevant_content,in_app,MKTX-004,User complaint: irrelevant content,2026-05-20T09:35:36.400Z,true
complaint-325,user-1293,wrong_time,whatsapp,TXNX-005,User complaint: wrong time,2026-06-08T09:49:36.400Z,false
complaint-326,user-9223,wrong_time,in_app,MKTX-003,User complaint: wrong time,2026-05-30T10:26:36.400Z,true
complaint-327,user-1815,too_many_notifications,push,TXNX-003,User complaint: too many notifications,2026-06-16T10:26:36.400Z,true
complaint-328,user-7524,wrong_time,push,TXNX-004,User complaint: wrong time,2026-05-27T13:46:36.400Z,false
complaint-329,user-1974,wrong_time,in_app,RISK-001,User complaint: wrong time,2026-05-27T11:39:36.400Z,false
complaint-330,user-1359,wrong_time,email,SIPX-001,User complaint: wrong time,2026-05-20T08:09:36.400Z,true
complaint-331,user-8876,missing_critical_notification,email,MKTX-005,User complaint: missing critical notification,2026-06-15T09:52:36.400Z,true
complaint-332,user-8022,too_many_notifications,in_app,TXNX-001,User complaint: too many notifications,2026-05-26T10:26:36.400Z,false
complaint-333,user-1015,irrelevant_content,email,REGX-003,User complaint: irrelevant content,2026-06-06T08:43:36.400Z,false
complaint-334,user-5111,too_many_notifications,push,TXNX-001,User complaint: too many notifications,2026-06-13T12:34:36.400Z,true
complaint-335,user-9008,wrong_channel,email,RISK-005,User complaint: wrong channel,2026-05-24T08:41:36.400Z,true
complaint-336,user-155,irrelevant_content,push,TXNX-001,User complaint: irrelevant content,2026-06-05T10:42:36.400Z,true
complaint-337,user-3778,wrong_channel,sms,MKTX-003,User complaint: wrong channel,2026-06-03T10:26:36.400Z,false
complaint-338,user-8884,wrong_time,in_app,TXNX-003,User complaint: wrong time,2026-06-15T10:04:36.400Z,true
complaint-339,user-9194,wrong_time,email,TXNX-001,User complaint: wrong time,2026-06-14T12:50:36.400Z,true
complaint-340,user-8596,irrelevant_content,sms,TXNX-002,User complaint: irrelevant content,2026-06-11T10:21:36.400Z,true
complaint-341,user-8819,missing_critical_notification,in_app,TXNX-004,User complaint: missing critical notification,2026-06-16T12:17:36.400Z,true
complaint-342,user-8495,too_many_notifications,email,SIPX-001,User complaint: too many notifications,2026-05-22T09:32:36.400Z,true
complaint-343,user-6364,too_many_notifications,in_app,TXNX-004,User complaint: too many notifications,2026-05-28T08:03:36.400Z,false
complaint-344,user-4930,too_many_notifications,sms,SIPX-001,User complaint: too many notifications,2026-06-07T10:54:36.400Z,true
complaint-345,user-4189,too_many_notifications,push,RISK-002,User complaint: too many notifications,2026-06-08T11:21:36.400Z,true
complaint-346,user-8976,wrong_time,whatsapp,MKTX-001,User complaint: wrong time,2026-06-17T08:42:36.400Z,true
complaint-347,user-694,irrelevant_content,push,TXNX-005,User complaint: irrelevant content,2026-06-10T13:27:36.400Z,true
complaint-348,user-224,missing_critical_notification,email,MKTX-004,User complaint: missing critical notification,2026-05-27T12:28:36.400Z,true
complaint-349,user-2387,too_many_notifications,in_app,RISK-002,User complaint: too many notifications,2026-06-16T10:39:36.400Z,true
complaint-350,user-8039,wrong_time,sms,SIPX-005,User complaint: wrong time,2026-06-16T11:09:36.400Z,true
complaint-351,user-1199,irrelevant_content,push,TXNX-002,User complaint: irrelevant content,2026-06-03T10:26:36.400Z,true
complaint-352,user-6117,irrelevant_content,sms,REGX-005,User complaint: irrelevant content,2026-05-27T12:04:36.400Z,true
complaint-353,user-9751,too_many_notifications,push,MKTX-004,User complaint: too many notifications,2026-05-29T13:26:36.400Z,true
complaint-354,user-1008,too_many_notifications,sms,TXNX-005,User complaint: too many notifications,2026-05-24T12:14:36.400Z,true
complaint-355,user-5313,wrong_channel,whatsapp,MKTX-004,User complaint: wrong channel,2026-05-24T11:28:36.400Z,true
complaint-356,user-1017,too_many_notifications,sms,SIPX-004,User complaint: too many notifications,2026-05-28T10:26:36.400Z,false
complaint-357,user-2982,wrong_channel,push,SIPX-001,User complaint: wrong channel,2026-06-10T09:13:36.400Z,false
complaint-358,user-6079,missing_critical_notification,sms,TXNX-001,User complaint: missing critical notification,2026-06-03T08:12:36.400Z,true
complaint-359,user-2893,missing_critical_notification,in_app,RISK-003,User complaint: missing critical notification,2026-05-22T11:54:36.400Z,true
complaint-360,user-8241,missing_critical_notification,whatsapp,RISK-003,User complaint: missing critical notification,2026-05-27T10:26:36.400Z,true
complaint-361,user-9142,too_many_notifications,push,TXNX-004,User complaint: too many notifications,2026-05-20T13:02:36.400Z,true
complaint-362,user-4366,wrong_time,push,TXNX-005,User complaint: wrong time,2026-05-28T10:51:36.400Z,false
complaint-363,user-1420,too_many_notifications,in_app,TXNX-003,User complaint: too many notifications,2026-06-09T13:23:36.400Z,true
complaint-364,user-2198,wrong_time,sms,SIPX-002,User complaint: wrong time,2026-05-28T10:36:36.400Z,true
complaint-365,user-9375,irrelevant_content,push,TXNX-002,User complaint: irrelevant content,2026-05-27T09:16:36.400Z,true
complaint-366,user-2393,wrong_time,email,RISK-005,User complaint: wrong time,2026-06-09T10:26:36.400Z,true
complaint-367,user-5229,wrong_time,whatsapp,MKTX-001,User complaint: wrong time,2026-05-20T10:26:36.400Z,true
complaint-368,user-443,missing_critical_notification,email,TXNX-005,User complaint: missing critical notification,2026-05-25T10:26:36.400Z,true
complaint-369,user-3383,wrong_time,whatsapp,SIPX-003,User complaint: wrong time,2026-06-17T10:26:36.400Z,false
complaint-370,user-8431,irrelevant_content,email,RISK-004,User complaint: irrelevant content,2026-06-05T11:42:36.400Z,false
complaint-371,user-5902,missing_critical_notification,in_app,TXNX-003,User complaint: missing critical notification,2026-05-25T10:20:36.400Z,false
complaint-372,user-7690,irrelevant_content,push,TXNX-005,User complaint: irrelevant content,2026-06-14T11:27:36.400Z,true
complaint-373,user-4120,missing_critical_notification,sms,REGX-005,User complaint: missing critical notification,2026-05-24T12:33:36.400Z,true
complaint-374,user-322,wrong_time,push,REGX-004,User complaint: wrong time,2026-06-13T12:54:36.400Z,true
complaint-375,user-5694,too_many_notifications,whatsapp,TXNX-005,User complaint: too many notifications,2026-06-15T11:25:36.400Z,true
complaint-376,user-1877,too_many_notifications,email,TXNX-002,User complaint: too many notifications,2026-06-01T10:15:36.400Z,false
complaint-377,user-2923,wrong_channel,push,RISK-002,User complaint: wrong channel,2026-06-06T08:51:36.400Z,false
complaint-378,user-6643,wrong_time,sms,MKTX-001,User complaint: wrong time,2026-05-24T08:28:36.400Z,true
complaint-379,user-7210,too_many_notifications,whatsapp,TXNX-003,User complaint: too many notifications,2026-05-29T12:07:36.400Z,false
complaint-380,user-7366,irrelevant_content,email,SIPX-003,User complaint: irrelevant content,2026-06-06T09:50:36.400Z,true
complaint-381,user-4950,too_many_notifications,push,MKTX-005,User complaint: too many notifications,2026-05-26T10:26:36.400Z,true
complaint-382,user-5718,too_many_notifications,push,TXNX-003,User complaint: too many notifications,2026-05-31T12:42:36.400Z,false
complaint-383,user-9449,wrong_time,in_app,RISK-001,User complaint: wrong time,2026-06-12T10:18:36.400Z,true
complaint-384,user-6135,irrelevant_content,sms,SIPX-003,User complaint: irrelevant content,2026-06-07T13:15:36.400Z,true
complaint-385,user-4645,irrelevant_content,sms,SIPX-001,User complaint: irrelevant content,2026-06-07T11:41:36.400Z,false
complaint-386,user-7118,irrelevant_content,sms,MKTX-003,User complaint: irrelevant content,2026-06-14T08:24:36.400Z,true
complaint-387,user-2109,too_many_notifications,whatsapp,MKTX-005,User complaint: too many notifications,2026-06-09T10:26:36.400Z,true
complaint-388,user-9651,wrong_time,sms,RISK-004,User complaint: wrong time,2026-06-12T10:26:36.400Z,true
complaint-389,user-6713,wrong_time,sms,RISK-005,User complaint: wrong time,2026-06-01T11:33:36.400Z,false
complaint-390,user-4760,wrong_time,push,RISK-001,User complaint: wrong time,2026-05-29T10:20:36.400Z,true
complaint-391,user-3678,too_many_notifications,sms,TXNX-001,User complaint: too many notifications,2026-05-30T08:54:36.400Z,true
complaint-392,user-18,wrong_time,whatsapp,MKTX-003,User complaint: wrong time,2026-06-09T13:27:36.400Z,true
complaint-393,user-4123,wrong_time,whatsapp,TXNX-001,User complaint: wrong time,2026-06-15T10:26:36.400Z,true
complaint-394,user-1668,wrong_time,sms,TXNX-003,User complaint: wrong time,2026-06-12T11:30:36.400Z,true
complaint-395,user-8003,wrong_time,push,TXNX-001,User complaint: wrong time,2026-06-10T13:52:36.400Z,true
complaint-396,user-5975,wrong_time,email,TXNX-005,User complaint: wrong time,2026-06-11T12:06:36.400Z,true
complaint-397,user-2075,wrong_channel,in_app,MKTX-003,User complaint: wrong channel,2026-06-15T10:26:36.400Z,true
complaint-398,user-8584,missing_critical_notification,sms,RISK-005,User complaint: missing critical notification,2026-05-24T10:35:36.400Z,true
complaint-399,user-959,irrelevant_content,sms,TXNX-002,User complaint: irrelevant content,2026-06-14T12:15:36.400Z,true
complaint-400,user-9557,too_many_notifications,push,TXNX-005,User complaint: too many notifications,2026-06-15T09:38:36.400Z,true
complaint-401,user-7174,wrong_channel,in_app,SIPX-004,User complaint: wrong channel,2026-06-01T10:19:36.400Z,true
complaint-402,user-2399,too_many_notifications,email,TXNX-001,User complaint: too many notifications,2026-06-10T11:01:36.400Z,false
complaint-403,user-3588,too_many_notifications,sms,TXNX-003,User complaint: too many notifications,2026-06-12T10:26:36.400Z,false
complaint-404,user-4605,too_many_notifications,push,TXNX-002,User complaint: too many notifications,2026-05-25T08:27:36.400Z,false
complaint-405,user-7251,wrong_time,push,RISK-003,User complaint: wrong time,2026-06-13T10:26:36.400Z,false
complaint-406,user-2758,too_many_notifications,whatsapp,REGX-001,User complaint: too many notifications,2026-05-23T09:30:36.400Z,false
complaint-407,user-7526,missing_critical_notification,in_app,TXNX-005,User complaint: missing critical notification,2026-05-23T10:26:36.400Z,true
complaint-408,user-3054,wrong_time,sms,RISK-001,User complaint: wrong time,2026-05-23T13:22:36.400Z,true
complaint-409,user-7313,wrong_channel,email,TXNX-001,User complaint: wrong channel,2026-06-07T09:28:36.400Z,false
complaint-410,user-7590,missing_critical_notification,whatsapp,RISK-002,User complaint: missing critical notification,2026-06-13T10:10:36.400Z,true
complaint-411,user-314,wrong_time,push,RISK-002,User complaint: wrong time,2026-05-22T12:23:36.400Z,true
complaint-412,user-6846,wrong_channel,in_app,TXNX-002,User complaint: wrong channel,2026-05-24T12:50:36.400Z,true
complaint-413,user-5048,missing_critical_notification,in_app,REGX-005,User complaint: missing critical notification,2026-05-20T10:26:36.400Z,false
complaint-414,user-1147,missing_critical_notification,sms,RISK-004,User complaint: missing critical notification,2026-06-11T10:34:36.400Z,false
complaint-415,user-9201,too_many_notifications,whatsapp,REGX-003,User complaint: too many notifications,2026-05-24T09:16:36.400Z,true
complaint-416,user-4792,too_many_notifications,whatsapp,REGX-001,User complaint: too many notifications,2026-06-11T08:33:36.400Z,false
complaint-417,user-9599,wrong_time,push,RISK-002,User complaint: wrong time,2026-06-15T08:17:36.400Z,true
complaint-418,user-5370,too_many_notifications,push,REGX-002,User complaint: too many notifications,2026-06-12T10:23:36.400Z,false
complaint-419,user-5287,wrong_time,whatsapp,SIPX-004,User complaint: wrong time,2026-06-05T12:08:36.400Z,true
complaint-420,user-5882,wrong_time,sms,TXNX-003,User complaint: wrong time,2026-05-21T08:46:36.400Z,false
complaint-421,user-8854,missing_critical_notification,push,TXNX-004,User complaint: missing critical notification,2026-05-26T08:49:36.400Z,false
complaint-422,user-2518,missing_critical_notification,sms,TXNX-005,User complaint: missing critical notification,2026-06-16T10:26:36.400Z,false
complaint-423,user-1097,too_many_notifications,email,TXNX-002,User complaint: too many notifications,2026-05-22T08:24:36.400Z,true
complaint-424,user-5120,too_many_notifications,in_app,RISK-003,User complaint: too many notifications,2026-06-01T10:26:36.400Z,false
complaint-425,user-7919,too_many_notifications,push,TXNX-005,User complaint: too many notifications,2026-06-09T13:16:36.400Z,false
complaint-426,user-8417,wrong_time,sms,SIPX-004,User complaint: wrong time,2026-05-30T13:59:36.400Z,false
complaint-427,user-3499,too_many_notifications,whatsapp,REGX-004,User complaint: too many notifications,2026-05-28T10:26:36.400Z,false
complaint-428,user-6788,wrong_channel,sms,TXNX-002,User complaint: wrong channel,2026-06-13T11:27:36.400Z,true
complaint-429,user-6518,wrong_time,in_app,SIPX-002,User complaint: wrong time,2026-05-30T09:20:36.400Z,true
complaint-430,user-3362,irrelevant_content,email,TXNX-002,User complaint: irrelevant content,2026-05-20T11:48:36.400Z,true
complaint-431,user-6021,wrong_channel,in_app,TXNX-002,User complaint: wrong channel,2026-05-26T11:19:36.400Z,true
complaint-432,user-2737,wrong_time,sms,REGX-005,User complaint: wrong time,2026-06-09T10:52:36.400Z,true
complaint-433,user-482,too_many_notifications,sms,TXNX-005,User complaint: too many notifications,2026-05-29T13:28:36.400Z,false
complaint-434,user-7923,too_many_notifications,email,TXNX-005,User complaint: too many notifications,2026-06-06T13:10:36.400Z,false
complaint-435,user-1995,irrelevant_content,push,REGX-001,User complaint: irrelevant content,2026-06-01T08:40:36.400Z,false
complaint-436,user-1239,irrelevant_content,in_app,RISK-002,User complaint: irrelevant content,2026-05-19T10:26:36.400Z,true
complaint-437,user-1230,irrelevant_content,email,TXNX-004,User complaint: irrelevant content,2026-05-24T12:38:36.400Z,true
complaint-438,user-2025,too_many_notifications,push,MKTX-002,User complaint: too many notifications,2026-05-26T09:57:36.400Z,true
complaint-439,user-2810,wrong_channel,whatsapp,TXNX-004,User complaint: wrong channel,2026-06-07T10:26:36.400Z,true
complaint-440,user-4463,wrong_time,email,MKTX-003,User complaint: wrong time,2026-05-28T08:50:36.400Z,true
complaint-441,user-7017,irrelevant_content,whatsapp,TXNX-001,User complaint: irrelevant content,2026-06-14T10:39:36.400Z,true
complaint-442,user-2030,too_many_notifications,in_app,RISK-004,User complaint: too many notifications,2026-06-15T13:52:36.400Z,false
complaint-443,user-5513,wrong_time,whatsapp,SIPX-004,User complaint: wrong time,2026-05-25T13:24:36.400Z,true
complaint-444,user-8409,too_many_notifications,push,MKTX-002,User complaint: too many notifications,2026-05-21T13:38:36.400Z,false
complaint-445,user-2665,too_many_notifications,push,TXNX-004,User complaint: too many notifications,2026-05-19T11:30:36.400Z,false
complaint-446,user-3625,missing_critical_notification,in_app,RISK-003,User complaint: missing critical notification,2026-06-15T13:48:36.400Z,true
complaint-447,user-5053,too_many_notifications,whatsapp,TXNX-001,User complaint: too many notifications,2026-06-12T08:16:36.400Z,true
complaint-448,user-1073,too_many_notifications,push,TXNX-005,User complaint: too many notifications,2026-05-20T09:28:36.400Z,true
complaint-449,user-8823,irrelevant_content,whatsapp,TXNX-001,User complaint: irrelevant content,2026-06-11T10:53:36.401Z,true
complaint-450,user-7635,too_many_notifications,in_app,SIPX-002,User complaint: too many notifications,2026-06-05T09:18:36.401Z,false
complaint-451,user-2540,irrelevant_content,sms,TXNX-005,User complaint: irrelevant content,2026-06-06T13:17:36.401Z,true
complaint-452,user-2370,wrong_time,sms,TXNX-005,User complaint: wrong time,2026-05-25T10:26:36.401Z,true
complaint-453,user-656,too_many_notifications,in_app,MKTX-001,User complaint: too many notifications,2026-05-24T10:26:36.401Z,true
complaint-454,user-1775,too_many_notifications,in_app,MKTX-003,User complaint: too many notifications,2026-05-23T08:09:36.401Z,false
complaint-455,user-699,wrong_time,whatsapp,TXNX-005,User complaint: wrong time,2026-06-03T08:02:36.401Z,false
complaint-456,user-9890,missing_critical_notification,push,TXNX-005,User complaint: missing critical notification,2026-06-07T10:10:36.401Z,true
complaint-457,user-9774,wrong_channel,in_app,TXNX-002,User complaint: wrong channel,2026-06-11T12:09:36.401Z,false
complaint-458,user-9067,too_many_notifications,email,TXNX-003,User complaint: too many notifications,2026-06-03T12:54:36.401Z,true
complaint-459,user-361,too_many_notifications,whatsapp,TXNX-001,User complaint: too many notifications,2026-05-28T10:26:36.401Z,true
complaint-460,user-4190,too_many_notifications,sms,RISK-002,User complaint: too many notifications,2026-06-03T12:43:36.401Z,true
complaint-461,user-4096,too_many_notifications,push,TXNX-005,User complaint: too many notifications,2026-06-12T13:57:36.401Z,true
complaint-462,user-7216,too_many_notifications,push,REGX-005,User complaint: too many notifications,2026-06-16T13:31:36.401Z,true
complaint-463,user-9525,wrong_time,whatsapp,MKTX-004,User complaint: wrong time,2026-05-21T13:35:36.401Z,false
complaint-464,user-6165,wrong_time,sms,MKTX-005,User complaint: wrong time,2026-06-15T11:07:36.401Z,true
complaint-465,user-8441,too_many_notifications,whatsapp,TXNX-005,User complaint: too many notifications,2026-06-16T12:46:36.401Z,false
complaint-466,user-3048,wrong_time,sms,REGX-004,User complaint: wrong time,2026-06-15T08:49:36.401Z,true
complaint-467,user-4723,irrelevant_content,email,TXNX-005,User complaint: irrelevant content,2026-06-12T11:41:36.401Z,false
complaint-468,user-916,irrelevant_content,push,MKTX-002,User complaint: irrelevant content,2026-06-03T10:26:36.401Z,false
complaint-469,user-8955,too_many_notifications,push,REGX-002,User complaint: too many notifications,2026-05-27T13:39:36.401Z,true
complaint-470,user-5422,too_many_notifications,push,TXNX-001,User complaint: too many notifications,2026-06-05T12:44:36.401Z,true
complaint-471,user-1869,irrelevant_content,in_app,TXNX-002,User complaint: irrelevant content,2026-05-28T12:23:36.401Z,true
complaint-472,user-5484,irrelevant_content,sms,RISK-001,User complaint: irrelevant content,2026-05-24T10:39:36.401Z,true
complaint-473,user-8519,too_many_notifications,whatsapp,RISK-001,User complaint: too many notifications,2026-05-19T10:24:36.401Z,false
complaint-474,user-9370,wrong_time,push,RISK-005,User complaint: wrong time,2026-05-20T09:21:36.401Z,true
complaint-475,user-350,irrelevant_content,sms,TXNX-002,User complaint: irrelevant content,2026-06-15T10:33:36.401Z,false
complaint-476,user-5190,irrelevant_content,whatsapp,RISK-004,User complaint: irrelevant content,2026-06-17T10:26:36.401Z,true
complaint-477,user-4277,wrong_channel,in_app,TXNX-001,User complaint: wrong channel,2026-06-08T12:24:36.401Z,false
complaint-478,user-8381,too_many_notifications,email,REGX-001,User complaint: too many notifications,2026-05-29T10:26:36.401Z,true
complaint-479,user-94,irrelevant_content,whatsapp,SIPX-002,User complaint: irrelevant content,2026-06-13T12:33:36.401Z,false
complaint-480,user-6741,too_many_notifications,sms,TXNX-004,User complaint: too many notifications,2026-05-24T11:07:36.401Z,false
complaint-481,user-8849,wrong_time,email,MKTX-002,User complaint: wrong time,2026-06-01T13:50:36.401Z,false
complaint-482,user-3789,irrelevant_content,email,RISK-001,User complaint: irrelevant content,2026-06-01T11:14:36.401Z,true
complaint-483,user-6588,wrong_time,in_app,RISK-005,User complaint: wrong time,2026-05-22T13:32:36.401Z,true
complaint-484,user-229,too_many_notifications,whatsapp,TXNX-002,User complaint: too many notifications,2026-06-11T10:26:36.401Z,true
complaint-485,user-2649,wrong_time,sms,MKTX-001,User complaint: wrong time,2026-05-30T09:41:36.401Z,true
complaint-486,user-5800,irrelevant_content,email,MKTX-005,User complaint: irrelevant content,2026-05-24T10:26:36.401Z,false
complaint-487,user-2411,wrong_time,sms,TXNX-001,User complaint: wrong time,2026-06-02T09:51:36.401Z,false
complaint-488,user-7025,missing_critical_notification,in_app,TXNX-002,User complaint: missing critical notification,2026-05-28T13:19:36.401Z,true
complaint-489,user-4098,irrelevant_content,push,TXNX-002,User complaint: irrelevant content,2026-06-06T11:05:36.401Z,true
complaint-490,user-5266,too_many_notifications,email,TXNX-001,User complaint: too many notifications,2026-06-05T13:03:36.401Z,false
complaint-491,user-2320,too_many_notifications,whatsapp,RISK-002,User complaint: too many notifications,2026-06-07T13:47:36.401Z,false
complaint-492,user-2831,wrong_time,email,REGX-003,User complaint: wrong time,2026-06-06T10:26:36.401Z,false
complaint-493,user-2358,missing_critical_notification,email,TXNX-005,User complaint: missing critical notification,2026-06-12T09:10:36.401Z,false
complaint-494,user-6286,too_many_notifications,push,TXNX-001,User complaint: too many notifications,2026-06-03T13:50:36.401Z,false
complaint-495,user-9245,irrelevant_content,sms,TXNX-002,User complaint: irrelevant content,2026-06-17T09:43:36.401Z,true
complaint-496,user-7741,missing_critical_notification,whatsapp,TXNX-005,User complaint: missing critical notification,2026-06-03T11:25:36.401Z,true
complaint-497,user-2011,wrong_channel,email,TXNX-002,User complaint: wrong channel,2026-06-03T08:02:36.401Z,false
complaint-498,user-3336,too_many_notifications,whatsapp,MKTX-004,User complaint: too many notifications,2026-05-29T12:43:36.401Z,true
complaint-499,user-8760,wrong_channel,push,TXNX-005,User complaint: wrong channel,2026-06-10T10:33:36.401Z,true
complaint-500,user-2672,wrong_channel,email,MKTX-001,User complaint: wrong channel,2026-06-13T10:14:36.401Z,false
complaint-501,user-317,too_many_notifications,email,MKTX-005,User complaint: too many notifications,2026-05-19T11:56:36.401Z,true
complaint-502,user-1532,wrong_channel,push,TXNX-004,User complaint: wrong channel,2026-05-29T13:03:36.401Z,true
complaint-503,user-9304,too_many_notifications,email,TXNX-005,User complaint: too many notifications,2026-05-28T09:47:36.401Z,false
complaint-504,user-5339,too_many_notifications,email,RISK-002,User complaint: too many notifications,2026-06-09T10:26:36.401Z,true
complaint-505,user-4690,missing_critical_notification,email,TXNX-003,User complaint: missing critical notification,2026-06-10T10:26:36.401Z,false
complaint-506,user-6883,wrong_time,sms,SIPX-001,User complaint: wrong time,2026-05-19T09:33:36.401Z,false
complaint-507,user-7200,too_many_notifications,whatsapp,MKTX-005,User complaint: too many notifications,2026-05-19T10:36:36.401Z,true
complaint-508,user-5617,too_many_notifications,whatsapp,MKTX-005,User complaint: too many notifications,2026-06-10T09:11:36.401Z,true
complaint-509,user-7577,wrong_channel,push,SIPX-003,User complaint: wrong channel,2026-05-26T11:34:36.401Z,false
complaint-510,user-9448,too_many_notifications,push,TXNX-002,User complaint: too many notifications,2026-05-22T11:47:36.401Z,true
complaint-511,user-831,wrong_channel,in_app,RISK-002,User complaint: wrong channel,2026-05-27T08:31:36.401Z,false
complaint-512,user-5732,too_many_notifications,sms,MKTX-003,User complaint: too many notifications,2026-06-07T12:50:36.401Z,true
complaint-513,user-6331,too_many_notifications,email,TXNX-001,User complaint: too many notifications,2026-06-04T10:29:36.401Z,true
complaint-514,user-4897,too_many_notifications,sms,REGX-001,User complaint: too many notifications,2026-06-04T11:29:36.401Z,false
complaint-515,user-4774,wrong_time,in_app,TXNX-002,User complaint: wrong time,2026-05-27T10:26:36.401Z,true
complaint-516,user-4777,too_many_notifications,sms,RISK-003,User complaint: too many notifications,2026-06-01T11:41:36.401Z,false
complaint-517,user-2950,irrelevant_content,email,TXNX-001,User complaint: irrelevant content,2026-06-06T09:05:36.401Z,true
complaint-518,user-5605,wrong_time,in_app,RISK-001,User complaint: wrong time,2026-06-14T09:11:36.401Z,true
complaint-519,user-1414,wrong_time,email,TXNX-001,User complaint: wrong time,2026-06-02T10:15:36.401Z,false
complaint-520,user-1754,wrong_time,sms,RISK-003,User complaint: wrong time,2026-06-05T11:14:36.401Z,false
complaint-521,user-4155,wrong_channel,email,RISK-001,User complaint: wrong channel,2026-05-26T13:47:36.401Z,false
complaint-522,user-8041,too_many_notifications,in_app,MKTX-003,User complaint: too many notifications,2026-05-24T12:05:36.401Z,false
complaint-523,user-2295,irrelevant_content,in_app,TXNX-004,User complaint: irrelevant content,2026-05-25T11:26:36.401Z,true
complaint-524,user-8279,too_many_notifications,push,SIPX-005,User complaint: too many notifications,2026-06-01T11:03:36.401Z,true
complaint-525,user-8764,too_many_notifications,push,REGX-002,User complaint: too many notifications,2026-05-24T11:43:36.401Z,false
complaint-526,user-3148,irrelevant_content,sms,RISK-004,User complaint: irrelevant content,2026-06-07T11:15:36.401Z,false
complaint-527,user-1962,too_many_notifications,sms,SIPX-002,User complaint: too many notifications,2026-06-05T11:23:36.401Z,true
complaint-528,user-6958,irrelevant_content,sms,MKTX-004,User complaint: irrelevant content,2026-06-13T08:10:36.401Z,true
complaint-529,user-8763,wrong_time,whatsapp,MKTX-003,User complaint: wrong time,2026-06-15T10:26:36.401Z,true
complaint-530,user-3103,too_many_notifications,push,REGX-004,User complaint: too many notifications,2026-06-12T10:26:36.401Z,true
complaint-531,user-1613,wrong_channel,sms,SIPX-002,User complaint: wrong channel,2026-05-21T13:33:36.401Z,true
complaint-532,user-1673,irrelevant_content,sms,TXNX-005,User complaint: irrelevant content,2026-06-17T09:45:36.401Z,false
complaint-533,user-3953,irrelevant_content,push,MKTX-005,User complaint: irrelevant content,2026-05-28T08:47:36.401Z,false
complaint-534,user-4331,wrong_channel,email,RISK-002,User complaint: wrong channel,2026-06-02T09:31:36.401Z,false
complaint-535,user-4819,too_many_notifications,whatsapp,MKTX-004,User complaint: too many notifications,2026-06-13T11:29:36.401Z,false
complaint-536,user-6149,wrong_time,in_app,TXNX-004,User complaint: wrong time,2026-05-19T10:26:36.401Z,false
complaint-537,user-8492,too_many_notifications,push,SIPX-005,User complaint: too many notifications,2026-06-09T12:43:36.401Z,false
complaint-538,user-2653,irrelevant_content,push,SIPX-003,User complaint: irrelevant content,2026-05-31T09:18:36.401Z,false
complaint-539,user-8903,missing_critical_notification,push,TXNX-004,User complaint: missing critical notification,2026-05-23T10:26:36.401Z,false
complaint-540,user-8843,irrelevant_content,push,TXNX-004,User complaint: irrelevant content,2026-05-22T11:28:36.401Z,true
complaint-541,user-5709,irrelevant_content,push,RISK-005,User complaint: irrelevant content,2026-06-01T10:26:36.401Z,false
complaint-542,user-4782,wrong_channel,in_app,MKTX-004,User complaint: wrong channel,2026-06-17T11:06:36.401Z,false
complaint-543,user-8617,too_many_notifications,sms,RISK-002,User complaint: too many notifications,2026-05-24T09:34:36.401Z,true
complaint-544,user-5133,missing_critical_notification,whatsapp,TXNX-002,User complaint: missing critical notification,2026-06-13T09:37:36.401Z,true
complaint-545,user-2214,missing_critical_notification,push,TXNX-001,User complaint: missing critical notification,2026-06-01T10:47:36.401Z,true
complaint-546,user-3480,missing_critical_notification,sms,RISK-004,User complaint: missing critical notification,2026-06-11T12:53:36.401Z,true
complaint-547,user-5378,wrong_channel,push,TXNX-004,User complaint: wrong channel,2026-06-15T09:41:36.401Z,false
complaint-548,user-8974,wrong_time,push,MKTX-002,User complaint: wrong time,2026-06-15T11:48:36.401Z,false
complaint-549,user-3860,wrong_time,whatsapp,TXNX-004,User complaint: wrong time,2026-06-07T09:33:36.401Z,true
complaint-550,user-4963,missing_critical_notification,email,REGX-004,User complaint: missing critical notification,2026-06-07T11:04:36.401Z,true
complaint-551,user-861,irrelevant_content,in_app,RISK-001,User complaint: irrelevant content,2026-06-13T13:41:36.401Z,false
complaint-552,user-734,wrong_time,in_app,RISK-004,User complaint: wrong time,2026-06-05T13:54:36.401Z,true
complaint-553,user-1518,wrong_time,push,TXNX-005,User complaint: wrong time,2026-06-03T09:33:36.401Z,false
complaint-554,user-9368,missing_critical_notification,email,RISK-003,User complaint: missing critical notification,2026-05-19T10:48:36.401Z,false
complaint-555,user-5834,irrelevant_content,whatsapp,TXNX-002,User complaint: irrelevant content,2026-05-22T08:33:36.401Z,false
complaint-556,user-4020,missing_critical_notification,email,TXNX-004,User complaint: missing critical notification,2026-06-17T10:05:36.401Z,false
complaint-557,user-4605,too_many_notifications,sms,TXNX-004,User complaint: too many notifications,2026-05-27T10:46:36.401Z,false
complaint-558,user-695,too_many_notifications,whatsapp,SIPX-002,User complaint: too many notifications,2026-06-05T10:26:36.401Z,true
complaint-559,user-2652,wrong_channel,whatsapp,SIPX-003,User complaint: wrong channel,2026-06-08T11:20:36.401Z,false
complaint-560,user-3792,too_many_notifications,whatsapp,RISK-005,User complaint: too many notifications,2026-06-08T13:52:36.401Z,true
complaint-561,user-1021,irrelevant_content,sms,SIPX-001,User complaint: irrelevant content,2026-05-26T11:30:36.401Z,false
complaint-562,user-7284,too_many_notifications,in_app,RISK-001,User complaint: too many notifications,2026-06-12T10:26:36.401Z,false
complaint-563,user-6789,irrelevant_content,in_app,RISK-003,User complaint: irrelevant content,2026-05-20T12:08:36.401Z,true
complaint-564,user-4413,too_many_notifications,whatsapp,TXNX-005,User complaint: too many notifications,2026-05-30T12:22:36.401Z,false
complaint-565,user-6514,too_many_notifications,sms,MKTX-004,User complaint: too many notifications,2026-05-21T08:49:36.401Z,false
complaint-566,user-9314,wrong_channel,push,RISK-004,User complaint: wrong channel,2026-06-02T10:11:36.401Z,true
complaint-567,user-4056,wrong_time,push,REGX-003,User complaint: wrong time,2026-05-30T10:26:36.401Z,false
complaint-568,user-1169,wrong_channel,in_app,REGX-001,User complaint: wrong channel,2026-05-25T11:28:36.401Z,false
complaint-569,user-814,irrelevant_content,email,SIPX-002,User complaint: irrelevant content,2026-06-17T10:52:36.401Z,true
complaint-570,user-6915,too_many_notifications,whatsapp,RISK-005,User complaint: too many notifications,2026-06-10T11:46:36.401Z,true
complaint-571,user-5050,wrong_time,in_app,RISK-001,User complaint: wrong time,2026-06-02T12:24:36.401Z,false
complaint-572,user-4349,missing_critical_notification,email,TXNX-005,User complaint: missing critical notification,2026-06-13T10:26:36.401Z,true
complaint-573,user-9726,irrelevant_content,email,TXNX-001,User complaint: irrelevant content,2026-06-05T12:05:36.401Z,true
complaint-574,user-1061,wrong_time,in_app,MKTX-004,User complaint: wrong time,2026-05-30T10:11:36.401Z,true
complaint-575,user-9058,wrong_time,whatsapp,TXNX-004,User complaint: wrong time,2026-06-06T10:26:36.401Z,false
complaint-576,user-3106,wrong_time,email,TXNX-005,User complaint: wrong time,2026-05-23T08:55:36.401Z,false
complaint-577,user-7497,too_many_notifications,email,SIPX-004,User complaint: too many notifications,2026-05-22T10:26:36.401Z,false
complaint-578,user-4448,wrong_time,in_app,MKTX-001,User complaint: wrong time,2026-05-28T10:48:36.401Z,false
complaint-579,user-6300,too_many_notifications,whatsapp,MKTX-002,User complaint: too many notifications,2026-06-05T10:26:36.401Z,true
complaint-580,user-1867,too_many_notifications,push,TXNX-002,User complaint: too many notifications,2026-06-06T10:26:36.401Z,true
complaint-581,user-576,too_many_notifications,in_app,TXNX-002,User complaint: too many notifications,2026-06-12T11:06:36.401Z,true
complaint-582,user-7260,too_many_notifications,email,REGX-003,User complaint: too many notifications,2026-06-04T08:07:36.401Z,false
complaint-583,user-7429,wrong_time,push,TXNX-001,User complaint: wrong time,2026-06-15T08:42:36.401Z,false
complaint-584,user-1185,too_many_notifications,sms,TXNX-005,User complaint: too many notifications,2026-05-30T09:01:36.401Z,true
complaint-585,user-746,wrong_channel,sms,TXNX-004,User complaint: wrong channel,2026-06-05T08:52:36.401Z,false
complaint-586,user-9523,too_many_notifications,email,RISK-004,User complaint: too many notifications,2026-06-02T09:45:36.401Z,true
complaint-587,user-7691,wrong_channel,sms,TXNX-003,User complaint: wrong channel,2026-06-14T08:38:36.401Z,true
complaint-588,user-6233,too_many_notifications,push,MKTX-005,User complaint: too many notifications,2026-06-09T11:44:36.401Z,false
complaint-589,user-9160,irrelevant_content,email,TXNX-001,User complaint: irrelevant content,2026-06-15T08:51:36.401Z,true
complaint-590,user-552,wrong_time,email,TXNX-001,User complaint: wrong time,2026-05-20T12:23:36.401Z,false
complaint-591,user-3637,irrelevant_content,sms,SIPX-004,User complaint: irrelevant content,2026-05-27T08:12:36.401Z,true
complaint-592,user-6778,wrong_time,push,TXNX-005,User complaint: wrong time,2026-06-11T10:03:36.401Z,false
complaint-593,user-2799,too_many_notifications,whatsapp,TXNX-002,User complaint: too many notifications,2026-06-05T12:11:36.401Z,true
complaint-594,user-7694,irrelevant_content,push,REGX-002,User complaint: irrelevant content,2026-05-20T10:26:36.401Z,false
complaint-595,user-7503,irrelevant_content,whatsapp,REGX-003,User complaint: irrelevant content,2026-05-20T10:36:36.401Z,true
complaint-596,user-7790,wrong_channel,sms,TXNX-004,User complaint: wrong channel,2026-05-19T13:34:36.401Z,false
complaint-597,user-192,too_many_notifications,push,TXNX-005,User complaint: too many notifications,2026-06-04T11:58:36.401Z,false
complaint-598,user-5328,too_many_notifications,sms,TXNX-001,User complaint: too many notifications,2026-06-15T12:03:36.401Z,true
complaint-599,user-8346,irrelevant_content,email,REGX-003,User complaint: irrelevant content,2026-05-24T11:20:36.401Z,true
complaint-600,user-7638,irrelevant_content,in_app,SIPX-003,User complaint: irrelevant content,2026-05-27T11:51:36.401Z,false
complaint-601,user-7192,too_many_notifications,in_app,RISK-005,User complaint: too many notifications,2026-05-27T11:24:36.401Z,false
complaint-602,user-8216,wrong_time,push,TXNX-002,User complaint: wrong time,2026-05-20T08:06:36.401Z,false
complaint-603,user-1568,irrelevant_content,sms,TXNX-004,User complaint: irrelevant content,2026-06-15T10:26:36.401Z,false
complaint-604,user-4304,wrong_time,in_app,SIPX-005,User complaint: wrong time,2026-05-25T10:26:36.401Z,false
complaint-605,user-2056,too_many_notifications,email,TXNX-002,User complaint: too many notifications,2026-06-08T10:00:36.401Z,true
complaint-606,user-2931,too_many_notifications,push,REGX-003,User complaint: too many notifications,2026-05-29T11:18:36.401Z,false
complaint-607,user-7229,wrong_channel,email,REGX-005,User complaint: wrong channel,2026-06-07T10:26:36.401Z,true
complaint-608,user-9782,too_many_notifications,sms,REGX-004,User complaint: too many notifications,2026-05-26T10:26:36.401Z,true
complaint-609,user-9172,wrong_time,email,RISK-002,User complaint: wrong time,2026-06-12T08:25:36.401Z,true
complaint-610,user-5425,too_many_notifications,email,REGX-003,User complaint: too many notifications,2026-05-28T12:56:36.401Z,false
complaint-611,user-8716,wrong_time,push,TXNX-002,User complaint: wrong time,2026-06-10T10:26:36.401Z,true
complaint-612,user-7295,irrelevant_content,email,MKTX-002,User complaint: irrelevant content,2026-06-13T13:34:36.401Z,false
complaint-613,user-7968,wrong_time,sms,TXNX-003,User complaint: wrong time,2026-05-24T10:26:36.401Z,true
complaint-614,user-8157,too_many_notifications,push,TXNX-001,User complaint: too many notifications,2026-06-02T12:38:36.401Z,false
complaint-615,user-2720,irrelevant_content,whatsapp,RISK-003,User complaint: irrelevant content,2026-05-19T12:27:36.401Z,true
complaint-616,user-1389,irrelevant_content,whatsapp,TXNX-004,User complaint: irrelevant content,2026-05-19T12:03:36.401Z,true
complaint-617,user-3723,too_many_notifications,push,TXNX-004,User complaint: too many notifications,2026-06-08T09:43:36.401Z,false
complaint-618,user-7811,irrelevant_content,email,TXNX-001,User complaint: irrelevant content,2026-06-15T12:54:36.401Z,false
complaint-619,user-6438,irrelevant_content,sms,TXNX-005,User complaint: irrelevant content,2026-06-01T13:55:36.401Z,false
complaint-620,user-2607,missing_critical_notification,email,TXNX-002,User complaint: missing critical notification,2026-05-24T10:26:36.401Z,true
complaint-621,user-194,wrong_channel,sms,SIPX-005,User complaint: wrong channel,2026-05-26T13:30:36.401Z,false
complaint-622,user-9883,missing_critical_notification,whatsapp,SIPX-003,User complaint: missing critical notification,2026-06-10T09:55:36.401Z,true
complaint-623,user-832,irrelevant_content,sms,MKTX-003,User complaint: irrelevant content,2026-06-02T09:46:36.401Z,true
complaint-624,user-1358,too_many_notifications,push,TXNX-002,User complaint: too many notifications,2026-05-22T08:40:36.401Z,true
complaint-625,user-7977,too_many_notifications,email,REGX-004,User complaint: too many notifications,2026-06-12T08:04:36.401Z,false
complaint-626,user-4185,too_many_notifications,in_app,RISK-004,User complaint: too many notifications,2026-06-11T12:35:36.401Z,false
complaint-627,user-2367,irrelevant_content,push,MKTX-004,User complaint: irrelevant content,2026-06-05T09:22:36.401Z,true
complaint-628,user-9542,wrong_channel,whatsapp,RISK-002,User complaint: wrong channel,2026-06-04T12:07:36.401Z,false
complaint-629,user-2908,missing_critical_notification,whatsapp,TXNX-005,User complaint: missing critical notification,2026-05-28T13:52:36.401Z,true
complaint-630,user-5091,too_many_notifications,push,TXNX-004,User complaint: too many notifications,2026-06-09T08:02:36.401Z,true
complaint-631,user-9417,irrelevant_content,email,RISK-002,User complaint: irrelevant content,2026-06-12T10:26:36.401Z,true
complaint-632,user-3268,too_many_notifications,push,MKTX-003,User complaint: too many notifications,2026-05-21T08:03:36.401Z,true
complaint-633,user-3048,wrong_time,sms,REGX-004,User complaint: wrong time,2026-06-07T10:26:36.401Z,true
complaint-634,user-5691,wrong_channel,sms,RISK-001,User complaint: wrong channel,2026-05-23T10:24:36.401Z,true
complaint-635,user-6136,missing_critical_notification,sms,REGX-005,User complaint: missing critical notification,2026-05-28T10:53:36.401Z,true
complaint-636,user-8624,too_many_notifications,in_app,TXNX-001,User complaint: too many notifications,2026-06-12T10:17:36.401Z,false
complaint-637,user-3263,wrong_time,sms,TXNX-004,User complaint: wrong time,2026-05-19T08:45:36.401Z,true
complaint-638,user-8945,wrong_time,whatsapp,TXNX-003,User complaint: wrong time,2026-05-22T13:31:36.401Z,false
complaint-639,user-7832,irrelevant_content,whatsapp,MKTX-002,User complaint: irrelevant content,2026-06-11T08:28:36.401Z,false
complaint-640,user-8207,too_many_notifications,sms,MKTX-005,User complaint: too many notifications,2026-05-27T09:21:36.401Z,true
complaint-641,user-8193,irrelevant_content,email,TXNX-001,User complaint: irrelevant content,2026-05-27T13:51:36.401Z,true
complaint-642,user-1925,too_many_notifications,sms,MKTX-001,User complaint: too many notifications,2026-06-08T10:26:36.401Z,true
complaint-643,user-1070,too_many_notifications,in_app,TXNX-004,User complaint: too many notifications,2026-05-30T11:05:36.401Z,true
complaint-644,user-3937,too_many_notifications,in_app,RISK-005,User complaint: too many notifications,2026-05-26T10:26:36.401Z,true
complaint-645,user-3505,irrelevant_content,push,SIPX-005,User complaint: irrelevant content,2026-05-29T11:24:36.401Z,true
complaint-646,user-585,wrong_channel,push,RISK-004,User complaint: wrong channel,2026-06-05T10:23:36.401Z,true
complaint-647,user-6835,too_many_notifications,push,SIPX-003,User complaint: too many notifications,2026-06-05T10:18:36.401Z,true
complaint-648,user-6550,too_many_notifications,push,TXNX-005,User complaint: too many notifications,2026-06-17T10:26:36.401Z,false
complaint-649,user-5408,missing_critical_notification,push,REGX-004,User complaint: missing critical notification,2026-06-07T11:17:36.401Z,true
complaint-650,user-4217,wrong_time,email,TXNX-004,User complaint: wrong time,2026-05-19T08:40:36.401Z,true
complaint-651,user-7310,missing_critical_notification,push,MKTX-003,User complaint: missing critical notification,2026-05-28T13:58:36.401Z,true
complaint-652,user-1530,missing_critical_notification,push,SIPX-002,User complaint: missing critical notification,2026-06-17T08:30:36.401Z,true
complaint-653,user-5987,too_many_notifications,in_app,TXNX-005,User complaint: too many notifications,2026-06-13T09:59:36.401Z,true
complaint-654,user-9047,irrelevant_content,push,TXNX-004,User complaint: irrelevant content,2026-06-13T11:14:36.401Z,false
complaint-655,user-9145,irrelevant_content,in_app,SIPX-003,User complaint: irrelevant content,2026-05-28T10:35:36.401Z,true
complaint-656,user-2733,wrong_channel,push,RISK-002,User complaint: wrong channel,2026-05-29T10:26:36.401Z,true
complaint-657,user-7791,too_many_notifications,email,RISK-002,User complaint: too many notifications,2026-06-03T10:26:36.401Z,false
complaint-658,user-6782,too_many_notifications,sms,TXNX-003,User complaint: too many notifications,2026-06-12T11:38:36.401Z,true
complaint-659,user-8200,irrelevant_content,email,TXNX-001,User complaint: irrelevant content,2026-05-28T09:55:36.401Z,true
complaint-660,user-8869,too_many_notifications,sms,REGX-004,User complaint: too many notifications,2026-06-08T11:27:36.401Z,true
complaint-661,user-2872,irrelevant_content,email,SIPX-005,User complaint: irrelevant content,2026-05-23T08:20:36.401Z,true
complaint-662,user-8405,wrong_channel,in_app,SIPX-003,User complaint: wrong channel,2026-05-22T13:11:36.401Z,true
complaint-663,user-4188,wrong_time,whatsapp,TXNX-005,User complaint: wrong time,2026-05-31T13:22:36.401Z,true
complaint-664,user-4736,too_many_notifications,whatsapp,RISK-005,User complaint: too many notifications,2026-06-08T08:40:36.401Z,true
complaint-665,user-6286,wrong_time,in_app,MKTX-002,User complaint: wrong time,2026-06-09T11:35:36.401Z,true
complaint-666,user-8457,wrong_time,email,SIPX-001,User complaint: wrong time,2026-05-29T10:40:36.401Z,true
complaint-667,user-8420,irrelevant_content,email,REGX-002,User complaint: irrelevant content,2026-05-23T10:58:36.401Z,false
complaint-668,user-2670,too_many_notifications,email,SIPX-002,User complaint: too many notifications,2026-05-20T10:26:36.401Z,true
complaint-669,user-1822,wrong_channel,in_app,RISK-001,User complaint: wrong channel,2026-05-22T13:08:36.401Z,true
complaint-670,user-333,wrong_channel,email,TXNX-003,User complaint: wrong channel,2026-05-29T12:25:36.401Z,true
complaint-671,user-3739,wrong_time,sms,SIPX-004,User complaint: wrong time,2026-06-02T10:17:36.401Z,true
complaint-672,user-8673,irrelevant_content,whatsapp,SIPX-003,User complaint: irrelevant content,2026-06-05T11:43:36.401Z,true
complaint-673,user-3074,too_many_notifications,sms,RISK-005,User complaint: too many notifications,2026-06-05T10:16:36.401Z,true
complaint-674,user-4384,wrong_channel,push,RISK-001,User complaint: wrong channel,2026-06-01T12:33:36.401Z,true
complaint-675,user-3054,irrelevant_content,in_app,SIPX-003,User complaint: irrelevant content,2026-06-10T11:48:36.401Z,true
complaint-676,user-916,wrong_time,in_app,REGX-001,User complaint: wrong time,2026-05-24T12:53:36.401Z,false
complaint-677,user-5957,too_many_notifications,sms,RISK-005,User complaint: too many notifications,2026-05-25T11:00:36.401Z,true
complaint-678,user-7351,wrong_time,whatsapp,RISK-003,User complaint: wrong time,2026-05-22T10:26:36.401Z,true
complaint-679,user-3485,too_many_notifications,whatsapp,TXNX-001,User complaint: too many notifications,2026-06-11T11:39:36.401Z,true
complaint-680,user-612,irrelevant_content,push,TXNX-004,User complaint: irrelevant content,2026-05-28T08:33:36.401Z,true
complaint-681,user-8295,too_many_notifications,push,TXNX-005,User complaint: too many notifications,2026-06-15T09:17:36.401Z,false
complaint-682,user-2583,missing_critical_notification,whatsapp,TXNX-002,User complaint: missing critical notification,2026-05-29T10:26:36.401Z,true
complaint-683,user-5269,irrelevant_content,push,MKTX-004,User complaint: irrelevant content,2026-06-07T11:00:36.401Z,true
complaint-684,user-2848,wrong_time,push,RISK-001,User complaint: wrong time,2026-05-31T11:24:36.401Z,false
complaint-685,user-9336,too_many_notifications,push,REGX-003,User complaint: too many notifications,2026-05-31T10:26:36.401Z,true
complaint-686,user-3514,too_many_notifications,in_app,TXNX-005,User complaint: too many notifications,2026-05-22T10:26:36.401Z,true
complaint-687,user-5852,too_many_notifications,whatsapp,RISK-004,User complaint: too many notifications,2026-05-28T10:26:36.401Z,true
complaint-688,user-1739,missing_critical_notification,sms,MKTX-003,User complaint: missing critical notification,2026-06-07T09:03:36.401Z,false
complaint-689,user-9890,irrelevant_content,in_app,RISK-002,User complaint: irrelevant content,2026-05-22T10:26:36.401Z,true
complaint-690,user-2026,missing_critical_notification,push,TXNX-002,User complaint: missing critical notification,2026-06-02T11:19:36.401Z,true
complaint-691,user-3330,wrong_channel,in_app,TXNX-001,User complaint: wrong channel,2026-06-12T09:33:36.401Z,false
complaint-692,user-304,too_many_notifications,in_app,TXNX-001,User complaint: too many notifications,2026-05-27T12:12:36.401Z,true
complaint-693,user-3748,wrong_time,whatsapp,SIPX-002,User complaint: wrong time,2026-06-10T11:13:36.401Z,true
complaint-694,user-5380,wrong_time,in_app,TXNX-003,User complaint: wrong time,2026-06-13T13:59:36.401Z,true
complaint-695,user-5050,too_many_notifications,whatsapp,TXNX-003,User complaint: too many notifications,2026-06-01T12:43:36.401Z,true
complaint-696,user-7424,wrong_time,push,TXNX-004,User complaint: wrong time,2026-05-19T13:51:36.401Z,true
complaint-697,user-2137,too_many_notifications,sms,TXNX-002,User complaint: too many notifications,2026-06-08T11:00:36.401Z,true
complaint-698,user-6527,irrelevant_content,sms,TXNX-003,User complaint: irrelevant content,2026-06-15T11:04:36.401Z,true
complaint-699,user-8548,irrelevant_content,email,TXNX-005,User complaint: irrelevant content,2026-05-28T12:24:36.401Z,false
complaint-700,user-869,wrong_time,whatsapp,TXNX-003,User complaint: wrong time,2026-06-02T10:13:36.401Z,true
complaint-701,user-1452,irrelevant_content,email,SIPX-001,User complaint: irrelevant content,2026-06-15T08:38:36.401Z,true
complaint-702,user-6471,too_many_notifications,email,TXNX-001,User complaint: too many notifications,2026-06-17T08:17:36.401Z,true
complaint-703,user-4096,wrong_time,email,TXNX-002,User complaint: wrong time,2026-05-27T10:26:36.401Z,true
complaint-704,user-4074,too_many_notifications,email,RISK-005,User complaint: too many notifications,2026-05-30T11:24:36.401Z,true
complaint-705,user-2098,too_many_notifications,email,RISK-001,User complaint: too many notifications,2026-06-15T09:16:36.401Z,true
complaint-706,user-3755,wrong_time,email,TXNX-005,User complaint: wrong time,2026-05-31T09:10:36.401Z,false
complaint-707,user-8925,irrelevant_content,email,TXNX-005,User complaint: irrelevant content,2026-05-26T10:26:36.401Z,true
complaint-708,user-2251,irrelevant_content,whatsapp,RISK-001,User complaint: irrelevant content,2026-06-09T13:43:36.401Z,false
complaint-709,user-1804,wrong_channel,sms,RISK-005,User complaint: wrong channel,2026-06-13T10:26:36.401Z,false
complaint-710,user-8406,missing_critical_notification,in_app,TXNX-004,User complaint: missing critical notification,2026-06-11T08:48:36.401Z,true
complaint-711,user-9474,missing_critical_notification,in_app,TXNX-004,User complaint: missing critical notification,2026-06-03T12:29:36.401Z,false
complaint-712,user-7736,too_many_notifications,sms,RISK-005,User complaint: too many notifications,2026-06-03T08:11:36.401Z,true
complaint-713,user-6337,too_many_notifications,email,TXNX-002,User complaint: too many notifications,2026-06-06T12:29:36.401Z,true
complaint-714,user-8231,too_many_notifications,in_app,RISK-001,User complaint: too many notifications,2026-05-23T12:42:36.401Z,true
complaint-715,user-1750,irrelevant_content,push,MKTX-001,User complaint: irrelevant content,2026-06-06T13:47:36.401Z,false
complaint-716,user-1142,too_many_notifications,sms,MKTX-002,User complaint: too many notifications,2026-05-27T09:48:36.401Z,true
complaint-717,user-8630,wrong_time,sms,RISK-005,User complaint: wrong time,2026-06-14T09:39:36.401Z,false
complaint-718,user-880,irrelevant_content,whatsapp,TXNX-003,User complaint: irrelevant content,2026-06-16T10:26:36.401Z,true
complaint-719,user-4034,wrong_channel,in_app,TXNX-003,User complaint: wrong channel,2026-05-24T09:32:36.401Z,true
complaint-720,user-406,too_many_notifications,sms,SIPX-003,User complaint: too many notifications,2026-06-01T08:25:36.401Z,false
complaint-721,user-5446,too_many_notifications,push,RISK-003,User complaint: too many notifications,2026-05-21T09:50:36.401Z,true
complaint-722,user-238,too_many_notifications,email,MKTX-001,User complaint: too many notifications,2026-05-19T13:41:36.401Z,true
complaint-723,user-3974,irrelevant_content,email,TXNX-002,User complaint: irrelevant content,2026-05-31T10:01:36.401Z,true
complaint-724,user-5994,too_many_notifications,sms,SIPX-004,User complaint: too many notifications,2026-06-05T09:57:36.401Z,true
complaint-725,user-3466,wrong_channel,in_app,TXNX-004,User complaint: wrong channel,2026-06-05T13:02:36.401Z,false
complaint-726,user-874,wrong_time,push,TXNX-001,User complaint: wrong time,2026-06-02T10:26:36.401Z,true
complaint-727,user-2556,wrong_time,push,RISK-002,User complaint: wrong time,2026-06-05T10:26:36.401Z,true
complaint-728,user-9849,wrong_time,in_app,MKTX-005,User complaint: wrong time,2026-06-02T12:06:36.401Z,true
complaint-729,user-3398,too_many_notifications,in_app,RISK-003,User complaint: too many notifications,2026-05-21T08:36:36.401Z,true
complaint-730,user-8167,too_many_notifications,in_app,SIPX-003,User complaint: too many notifications,2026-06-04T10:26:36.401Z,true
complaint-731,user-8320,wrong_channel,email,TXNX-005,User complaint: wrong channel,2026-06-12T10:05:36.401Z,false
complaint-732,user-9015,too_many_notifications,in_app,TXNX-004,User complaint: too many notifications,2026-06-08T11:12:36.401Z,true
complaint-733,user-8040,wrong_time,whatsapp,REGX-005,User complaint: wrong time,2026-06-01T10:26:36.401Z,false
complaint-734,user-9245,too_many_notifications,email,TXNX-005,User complaint: too many notifications,2026-06-09T13:21:36.401Z,false
complaint-735,user-1487,wrong_time,in_app,TXNX-004,User complaint: wrong time,2026-06-16T11:03:36.401Z,true
complaint-736,user-3972,wrong_time,push,SIPX-005,User complaint: wrong time,2026-05-25T12:50:36.401Z,false
complaint-737,user-1895,irrelevant_content,in_app,RISK-005,User complaint: irrelevant content,2026-05-20T13:13:36.401Z,true
complaint-738,user-9365,too_many_notifications,push,REGX-005,User complaint: too many notifications,2026-05-24T12:24:36.401Z,true
complaint-739,user-7762,too_many_notifications,in_app,SIPX-001,User complaint: too many notifications,2026-05-29T13:43:36.401Z,true
complaint-740,user-2338,irrelevant_content,whatsapp,REGX-001,User complaint: irrelevant content,2026-05-25T09:18:36.401Z,true
complaint-741,user-1600,wrong_time,push,TXNX-001,User complaint: wrong time,2026-05-25T12:42:36.401Z,true
complaint-742,user-7027,irrelevant_content,in_app,MKTX-005,User complaint: irrelevant content,2026-05-20T10:14:36.401Z,true
complaint-743,user-8850,missing_critical_notification,whatsapp,TXNX-002,User complaint: missing critical notification,2026-05-24T10:58:36.401Z,true
complaint-744,user-2320,irrelevant_content,sms,SIPX-002,User complaint: irrelevant content,2026-06-11T12:41:36.401Z,true
complaint-745,user-5750,irrelevant_content,sms,MKTX-001,User complaint: irrelevant content,2026-06-09T13:38:36.401Z,true
complaint-746,user-3133,wrong_time,push,TXNX-005,User complaint: wrong time,2026-06-01T09:25:36.401Z,true
complaint-747,user-6320,wrong_time,push,SIPX-004,User complaint: wrong time,2026-05-29T12:29:36.401Z,true
complaint-748,user-391,too_many_notifications,in_app,REGX-001,User complaint: too many notifications,2026-06-03T12:27:36.401Z,true
complaint-749,user-9917,too_many_notifications,in_app,RISK-001,User complaint: too many notifications,2026-06-15T10:26:36.401Z,false
complaint-750,user-7830,too_many_notifications,in_app,MKTX-001,User complaint: too many notifications,2026-05-28T10:26:36.401Z,true
complaint-751,user-2565,wrong_time,push,TXNX-005,User complaint: wrong time,2026-05-31T08:03:36.401Z,true
complaint-752,user-7958,irrelevant_content,push,SIPX-002,User complaint: irrelevant content,2026-05-21T12:15:36.401Z,true
complaint-753,user-6896,wrong_channel,in_app,MKTX-003,User complaint: wrong channel,2026-06-16T10:54:36.401Z,true
complaint-754,user-433,too_many_notifications,push,SIPX-002,User complaint: too many notifications,2026-06-12T08:34:36.401Z,false
complaint-755,user-1560,too_many_notifications,email,RISK-005,User complaint: too many notifications,2026-05-23T10:37:36.401Z,true
complaint-756,user-1970,irrelevant_content,in_app,TXNX-003,User complaint: irrelevant content,2026-06-09T10:26:36.401Z,true
complaint-757,user-630,irrelevant_content,push,RISK-002,User complaint: irrelevant content,2026-06-15T13:05:36.401Z,false
complaint-758,user-5684,too_many_notifications,sms,SIPX-005,User complaint: too many notifications,2026-06-07T10:26:36.401Z,true
complaint-759,user-3322,irrelevant_content,sms,SIPX-003,User complaint: irrelevant content,2026-06-04T11:40:36.401Z,false
complaint-760,user-7688,too_many_notifications,in_app,TXNX-004,User complaint: too many notifications,2026-06-14T12:43:36.401Z,false
complaint-761,user-7284,too_many_notifications,in_app,TXNX-005,User complaint: too many notifications,2026-06-14T09:15:36.401Z,true
complaint-762,user-7752,too_many_notifications,whatsapp,TXNX-001,User complaint: too many notifications,2026-05-23T12:15:36.401Z,true
complaint-763,user-5016,irrelevant_content,sms,REGX-001,User complaint: irrelevant content,2026-06-12T10:26:36.401Z,true
complaint-764,user-7970,wrong_channel,in_app,TXNX-004,User complaint: wrong channel,2026-05-23T09:48:36.401Z,false
complaint-765,user-1612,too_many_notifications,in_app,SIPX-001,User complaint: too many notifications,2026-06-02T10:21:36.401Z,true
complaint-766,user-4524,wrong_time,whatsapp,TXNX-001,User complaint: wrong time,2026-06-05T10:26:36.401Z,false
complaint-767,user-5496,irrelevant_content,push,SIPX-001,User complaint: irrelevant content,2026-06-06T10:26:36.401Z,false
complaint-768,user-9919,too_many_notifications,sms,TXNX-002,User complaint: too many notifications,2026-05-30T10:26:36.401Z,true
complaint-769,user-6358,wrong_channel,whatsapp,TXNX-003,User complaint: wrong channel,2026-05-28T08:19:36.401Z,false
complaint-770,user-4872,wrong_time,whatsapp,SIPX-005,User complaint: wrong time,2026-05-31T10:37:36.401Z,true
complaint-771,user-4906,missing_critical_notification,sms,TXNX-001,User complaint: missing critical notification,2026-05-29T10:26:36.401Z,true
complaint-772,user-9011,too_many_notifications,email,MKTX-003,User complaint: too many notifications,2026-06-12T10:34:36.401Z,true
complaint-773,user-9272,wrong_time,in_app,SIPX-003,User complaint: wrong time,2026-05-24T13:13:36.401Z,false
complaint-774,user-3279,wrong_channel,in_app,RISK-004,User complaint: wrong channel,2026-05-27T11:09:36.401Z,false
complaint-775,user-7030,wrong_time,whatsapp,TXNX-001,User complaint: wrong time,2026-05-29T08:34:36.401Z,true
complaint-776,user-8547,wrong_time,whatsapp,TXNX-004,User complaint: wrong time,2026-06-06T09:22:36.401Z,false
complaint-777,user-8187,too_many_notifications,push,RISK-004,User complaint: too many notifications,2026-06-07T12:59:36.401Z,true
complaint-778,user-3573,too_many_notifications,sms,TXNX-002,User complaint: too many notifications,2026-06-13T08:26:36.401Z,true
complaint-779,user-97,wrong_time,in_app,TXNX-002,User complaint: wrong time,2026-05-19T10:26:36.401Z,false
complaint-780,user-7251,wrong_time,push,TXNX-003,User complaint: wrong time,2026-06-02T08:45:36.401Z,true
complaint-781,user-4595,wrong_channel,push,TXNX-005,User complaint: wrong channel,2026-06-01T12:44:36.401Z,false
complaint-782,user-760,too_many_notifications,in_app,TXNX-003,User complaint: too many notifications,2026-05-25T10:46:36.401Z,true
complaint-783,user-1050,irrelevant_content,push,RISK-003,User complaint: irrelevant content,2026-05-25T10:56:36.401Z,false
complaint-784,user-981,irrelevant_content,in_app,TXNX-004,User complaint: irrelevant content,2026-06-03T08:36:36.401Z,true
complaint-785,user-8281,wrong_time,email,TXNX-001,User complaint: wrong time,2026-06-11T10:26:36.401Z,true
complaint-786,user-7291,wrong_time,sms,RISK-003,User complaint: wrong time,2026-06-12T11:23:36.401Z,true
complaint-787,user-5135,wrong_time,push,MKTX-003,User complaint: wrong time,2026-05-26T11:39:36.401Z,false
complaint-788,user-1353,too_many_notifications,sms,SIPX-003,User complaint: too many notifications,2026-06-13T11:30:36.401Z,true
complaint-789,user-3433,too_many_notifications,sms,REGX-005,User complaint: too many notifications,2026-06-14T09:05:36.401Z,false
complaint-790,user-5344,irrelevant_content,sms,TXNX-002,User complaint: irrelevant content,2026-05-29T08:09:36.401Z,true
complaint-791,user-834,missing_critical_notification,in_app,MKTX-001,User complaint: missing critical notification,2026-06-06T13:23:36.401Z,true
complaint-792,user-8828,wrong_time,whatsapp,TXNX-002,User complaint: wrong time,2026-06-16T10:26:36.401Z,true
complaint-793,user-1862,wrong_time,push,RISK-002,User complaint: wrong time,2026-06-11T12:29:36.401Z,true
complaint-794,user-3160,too_many_notifications,whatsapp,RISK-003,User complaint: too many notifications,2026-06-16T09:08:36.401Z,false
complaint-795,user-5071,wrong_time,in_app,SIPX-003,User complaint: wrong time,2026-06-11T13:41:36.401Z,false
complaint-796,user-9120,missing_critical_notification,in_app,TXNX-001,User complaint: missing critical notification,2026-06-03T11:24:36.401Z,false
complaint-797,user-9416,too_many_notifications,sms,RISK-004,User complaint: too many notifications,2026-06-01T10:26:36.401Z,false
complaint-798,user-5235,wrong_time,push,MKTX-005,User complaint: wrong time,2026-06-14T11:01:36.401Z,true
complaint-799,user-8004,too_many_notifications,push,TXNX-004,User complaint: too many notifications,2026-06-07T13:45:36.401Z,false
complaint-800,user-4208,wrong_time,in_app,REGX-002,User complaint: wrong time,2026-06-09T12:51:36.401Z,false
complaint-801,user-890,irrelevant_content,push,TXNX-001,User complaint: irrelevant content,2026-05-28T13:38:36.401Z,true
complaint-802,user-6528,irrelevant_content,sms,RISK-005,User complaint: irrelevant content,2026-06-14T13:43:36.401Z,false
complaint-803,user-6299,wrong_channel,push,RISK-003,User complaint: wrong channel,2026-06-08T13:49:36.401Z,true
complaint-804,user-2468,irrelevant_content,in_app,MKTX-001,User complaint: irrelevant content,2026-05-27T11:24:36.401Z,false
complaint-805,user-3559,missing_critical_notification,push,SIPX-002,User complaint: missing critical notification,2026-06-11T11:35:36.401Z,false
complaint-806,user-3355,too_many_notifications,push,RISK-001,User complaint: too many notifications,2026-05-31T11:43:36.401Z,true
complaint-807,user-8340,wrong_channel,in_app,TXNX-002,User complaint: wrong channel,2026-05-25T08:59:36.401Z,false
complaint-808,user-3534,too_many_notifications,email,SIPX-001,User complaint: too many notifications,2026-05-28T12:12:36.401Z,true
complaint-809,user-8792,wrong_time,in_app,SIPX-003,User complaint: wrong time,2026-06-10T12:26:36.401Z,false
complaint-810,user-8853,irrelevant_content,push,SIPX-002,User complaint: irrelevant content,2026-05-21T09:52:36.401Z,false
complaint-811,user-3084,wrong_time,in_app,TXNX-003,User complaint: wrong time,2026-05-28T13:00:36.401Z,false
complaint-812,user-6615,too_many_notifications,sms,TXNX-001,User complaint: too many notifications,2026-05-24T10:26:36.402Z,true
complaint-813,user-3774,wrong_channel,sms,RISK-004,User complaint: wrong channel,2026-05-21T10:26:36.402Z,false
complaint-814,user-2086,wrong_time,sms,MKTX-001,User complaint: wrong time,2026-05-30T10:26:36.402Z,true
complaint-815,user-5252,too_many_notifications,push,SIPX-002,User complaint: too many notifications,2026-05-22T11:43:36.402Z,true
complaint-816,user-6221,irrelevant_content,push,TXNX-003,User complaint: irrelevant content,2026-06-12T10:26:36.402Z,true
complaint-817,user-6865,missing_critical_notification,whatsapp,RISK-002,User complaint: missing critical notification,2026-06-16T10:43:36.402Z,false
complaint-818,user-5486,wrong_time,whatsapp,RISK-003,User complaint: wrong time,2026-05-26T08:58:36.402Z,false
complaint-819,user-3365,wrong_time,whatsapp,MKTX-004,User complaint: wrong time,2026-06-09T10:26:36.402Z,true
complaint-820,user-9844,wrong_channel,email,MKTX-002,User complaint: wrong channel,2026-05-19T10:59:36.402Z,false
complaint-821,user-1469,wrong_time,sms,MKTX-002,User complaint: wrong time,2026-06-02T09:37:36.402Z,true
complaint-822,user-2554,wrong_time,push,TXNX-005,User complaint: wrong time,2026-05-19T08:04:36.402Z,false
complaint-823,user-4748,wrong_channel,email,RISK-005,User complaint: wrong channel,2026-05-27T10:06:36.402Z,true
complaint-824,user-3083,wrong_time,whatsapp,RISK-005,User complaint: wrong time,2026-06-13T12:43:36.402Z,true
complaint-825,user-5432,irrelevant_content,whatsapp,MKTX-003,User complaint: irrelevant content,2026-06-12T08:53:36.402Z,false
complaint-826,user-3277,wrong_time,in_app,RISK-005,User complaint: wrong time,2026-06-17T10:26:36.402Z,true
complaint-827,user-4850,too_many_notifications,whatsapp,SIPX-002,User complaint: too many notifications,2026-05-30T09:27:36.402Z,true
complaint-828,user-6578,too_many_notifications,in_app,RISK-004,User complaint: too many notifications,2026-05-25T10:26:36.402Z,true
complaint-829,user-8906,too_many_notifications,in_app,RISK-005,User complaint: too many notifications,2026-06-14T12:07:36.402Z,true
complaint-830,user-2651,wrong_channel,push,MKTX-004,User complaint: wrong channel,2026-06-02T12:45:36.402Z,false
complaint-831,user-9685,wrong_time,sms,REGX-001,User complaint: wrong time,2026-06-14T11:55:36.402Z,true
complaint-832,user-3380,wrong_time,push,SIPX-004,User complaint: wrong time,2026-05-31T08:34:36.402Z,false
complaint-833,user-6344,wrong_time,sms,MKTX-005,User complaint: wrong time,2026-06-02T08:31:36.402Z,true
complaint-834,user-2548,wrong_time,whatsapp,TXNX-003,User complaint: wrong time,2026-05-20T11:02:36.402Z,true
complaint-835,user-6530,wrong_time,in_app,TXNX-004,User complaint: wrong time,2026-06-04T10:26:36.402Z,false
complaint-836,user-3067,too_many_notifications,in_app,TXNX-002,User complaint: too many notifications,2026-06-11T10:48:36.402Z,true
complaint-837,user-9332,missing_critical_notification,push,TXNX-005,User complaint: missing critical notification,2026-06-08T09:17:36.402Z,true
complaint-838,user-4538,wrong_time,sms,TXNX-003,User complaint: wrong time,2026-05-27T10:39:36.402Z,false
complaint-839,user-7362,missing_critical_notification,email,MKTX-003,User complaint: missing critical notification,2026-05-31T08:07:36.402Z,true
complaint-840,user-2800,irrelevant_content,in_app,MKTX-002,User complaint: irrelevant content,2026-05-19T13:21:36.402Z,false
complaint-841,user-5796,too_many_notifications,push,RISK-005,User complaint: too many notifications,2026-05-29T13:58:36.402Z,false
complaint-842,user-3600,too_many_notifications,push,MKTX-004,User complaint: too many notifications,2026-06-16T13:10:36.402Z,false
complaint-843,user-6467,missing_critical_notification,sms,TXNX-001,User complaint: missing critical notification,2026-05-27T10:26:36.402Z,true
complaint-844,user-78,irrelevant_content,in_app,TXNX-004,User complaint: irrelevant content,2026-06-02T12:16:36.402Z,true
complaint-845,user-4013,missing_critical_notification,in_app,RISK-004,User complaint: missing critical notification,2026-05-26T10:49:36.402Z,true
complaint-846,user-3984,missing_critical_notification,email,SIPX-003,User complaint: missing critical notification,2026-06-09T09:52:36.402Z,false
complaint-847,user-7103,wrong_time,sms,TXNX-002,User complaint: wrong time,2026-05-27T10:59:36.402Z,true
complaint-848,user-9109,irrelevant_content,sms,TXNX-005,User complaint: irrelevant content,2026-05-28T13:03:36.402Z,false
complaint-849,user-1501,too_many_notifications,email,SIPX-003,User complaint: too many notifications,2026-06-02T12:50:36.402Z,true
complaint-850,user-9943,irrelevant_content,email,MKTX-005,User complaint: irrelevant content,2026-06-15T10:44:36.402Z,true
complaint-851,user-9198,too_many_notifications,in_app,RISK-001,User complaint: too many notifications,2026-05-22T12:09:36.402Z,true
complaint-852,user-8644,too_many_notifications,whatsapp,MKTX-002,User complaint: too many notifications,2026-05-30T10:58:36.402Z,false
complaint-853,user-3380,too_many_notifications,sms,TXNX-002,User complaint: too many notifications,2026-05-24T09:02:36.402Z,false
complaint-854,user-4129,too_many_notifications,in_app,RISK-005,User complaint: too many notifications,2026-05-20T09:28:36.402Z,false
complaint-855,user-6535,wrong_channel,push,SIPX-004,User complaint: wrong channel,2026-06-03T13:26:36.402Z,false
complaint-856,user-5674,too_many_notifications,push,REGX-003,User complaint: too many notifications,2026-06-17T10:26:36.402Z,true
complaint-857,user-2407,wrong_time,email,MKTX-004,User complaint: wrong time,2026-06-02T08:13:36.402Z,true
complaint-858,user-4350,irrelevant_content,in_app,TXNX-003,User complaint: irrelevant content,2026-05-28T12:45:36.402Z,true
complaint-859,user-9392,too_many_notifications,in_app,MKTX-002,User complaint: too many notifications,2026-06-09T10:26:36.402Z,true
complaint-860,user-3298,too_many_notifications,push,TXNX-001,User complaint: too many notifications,2026-06-07T10:26:36.402Z,false
complaint-861,user-8087,too_many_notifications,in_app,TXNX-003,User complaint: too many notifications,2026-06-13T08:22:36.402Z,true
complaint-862,user-6809,wrong_time,email,MKTX-001,User complaint: wrong time,2026-06-07T13:18:36.402Z,true
complaint-863,user-6427,missing_critical_notification,push,MKTX-003,User complaint: missing critical notification,2026-05-21T12:05:36.402Z,true
complaint-864,user-2634,irrelevant_content,in_app,MKTX-002,User complaint: irrelevant content,2026-06-02T12:03:36.402Z,true
complaint-865,user-6590,too_many_notifications,sms,SIPX-002,User complaint: too many notifications,2026-06-04T10:26:36.402Z,true
complaint-866,user-7395,wrong_time,push,TXNX-001,User complaint: wrong time,2026-06-05T10:14:36.402Z,false
complaint-867,user-4010,wrong_time,sms,RISK-001,User complaint: wrong time,2026-06-14T09:43:36.402Z,true
complaint-868,user-7937,wrong_time,email,SIPX-004,User complaint: wrong time,2026-05-27T11:51:36.402Z,true
complaint-869,user-9978,too_many_notifications,in_app,TXNX-003,User complaint: too many notifications,2026-06-16T09:30:36.402Z,true
complaint-870,user-6932,irrelevant_content,sms,TXNX-001,User complaint: irrelevant content,2026-06-11T09:15:36.402Z,true
complaint-871,user-3313,wrong_channel,push,TXNX-002,User complaint: wrong channel,2026-05-22T11:16:36.402Z,false
complaint-872,user-6390,wrong_time,in_app,SIPX-004,User complaint: wrong time,2026-06-13T13:13:36.402Z,true
complaint-873,user-1227,too_many_notifications,in_app,SIPX-002,User complaint: too many notifications,2026-06-12T09:11:36.402Z,true
complaint-874,user-7645,wrong_channel,in_app,SIPX-001,User complaint: wrong channel,2026-06-08T13:39:36.402Z,false
complaint-875,user-1861,missing_critical_notification,in_app,REGX-004,User complaint: missing critical notification,2026-05-21T12:45:36.402Z,false
complaint-876,user-4689,too_many_notifications,email,TXNX-001,User complaint: too many notifications,2026-06-06T10:20:36.402Z,false
complaint-877,user-9446,too_many_notifications,in_app,RISK-003,User complaint: too many notifications,2026-05-22T09:42:36.402Z,true
complaint-878,user-4465,too_many_notifications,email,RISK-003,User complaint: too many notifications,2026-06-01T09:45:36.402Z,true
complaint-879,user-9291,missing_critical_notification,whatsapp,TXNX-002,User complaint: missing critical notification,2026-06-11T10:26:36.402Z,false
complaint-880,user-7077,too_many_notifications,whatsapp,MKTX-004,User complaint: too many notifications,2026-05-28T08:19:36.402Z,true
complaint-881,user-4497,wrong_time,push,RISK-001,User complaint: wrong time,2026-05-21T11:51:36.402Z,true
complaint-882,user-6058,irrelevant_content,whatsapp,TXNX-004,User complaint: irrelevant content,2026-06-06T11:01:36.402Z,true
complaint-883,user-3558,wrong_time,in_app,MKTX-005,User complaint: wrong time,2026-05-27T10:26:36.402Z,true
complaint-884,user-6085,too_many_notifications,sms,TXNX-005,User complaint: too many notifications,2026-05-19T10:26:36.402Z,true
complaint-885,user-1203,too_many_notifications,in_app,TXNX-002,User complaint: too many notifications,2026-06-06T11:54:36.402Z,false
complaint-886,user-9076,wrong_time,push,SIPX-003,User complaint: wrong time,2026-05-19T08:44:36.402Z,true
complaint-887,user-6442,wrong_time,push,TXNX-005,User complaint: wrong time,2026-06-08T10:45:36.402Z,false
complaint-888,user-9100,wrong_time,in_app,RISK-004,User complaint: wrong time,2026-05-29T11:40:36.402Z,false
complaint-889,user-4597,missing_critical_notification,whatsapp,REGX-002,User complaint: missing critical notification,2026-06-03T10:26:36.402Z,false
complaint-890,user-4117,too_many_notifications,email,TXNX-002,User complaint: too many notifications,2026-06-16T10:26:36.402Z,true
complaint-891,user-5420,wrong_channel,sms,MKTX-005,User complaint: wrong channel,2026-06-07T08:22:36.402Z,false
complaint-892,user-4398,wrong_channel,email,TXNX-001,User complaint: wrong channel,2026-06-05T10:57:36.402Z,true
complaint-893,user-9900,irrelevant_content,in_app,TXNX-001,User complaint: irrelevant content,2026-05-27T11:29:36.402Z,true
complaint-894,user-9111,too_many_notifications,in_app,TXNX-005,User complaint: too many notifications,2026-05-28T13:39:36.402Z,false
complaint-895,user-1345,irrelevant_content,push,RISK-005,User complaint: irrelevant content,2026-06-17T08:31:36.402Z,true
complaint-896,user-3328,too_many_notifications,email,TXNX-004,User complaint: too many notifications,2026-05-25T13:29:36.402Z,true
complaint-897,user-5591,too_many_notifications,push,MKTX-001,User complaint: too many notifications,2026-06-01T12:33:36.402Z,true
complaint-898,user-8522,irrelevant_content,whatsapp,TXNX-001,User complaint: irrelevant content,2026-05-25T09:18:36.402Z,true
complaint-899,user-7002,wrong_channel,push,SIPX-005,User complaint: wrong channel,2026-06-14T08:55:36.402Z,false
complaint-900,user-1101,too_many_notifications,sms,SIPX-002,User complaint: too many notifications,2026-06-16T12:32:36.402Z,false
complaint-901,user-4475,too_many_notifications,email,SIPX-004,User complaint: too many notifications,2026-06-16T11:45:36.402Z,true
complaint-902,user-8536,wrong_time,whatsapp,TXNX-001,User complaint: wrong time,2026-05-28T10:26:36.402Z,false
complaint-903,user-7246,wrong_time,push,SIPX-005,User complaint: wrong time,2026-06-13T11:26:36.402Z,true
complaint-904,user-8573,missing_critical_notification,email,RISK-005,User complaint: missing critical notification,2026-06-12T10:26:36.402Z,false
complaint-905,user-5571,wrong_time,whatsapp,REGX-001,User complaint: wrong time,2026-06-06T12:04:36.402Z,true
complaint-906,user-812,wrong_time,push,MKTX-002,User complaint: wrong time,2026-06-01T13:38:36.402Z,true
complaint-907,user-7693,irrelevant_content,whatsapp,TXNX-002,User complaint: irrelevant content,2026-05-26T10:26:36.402Z,true
complaint-908,user-1774,wrong_time,email,TXNX-005,User complaint: wrong time,2026-06-07T13:36:36.402Z,true
complaint-909,user-8953,wrong_time,push,RISK-001,User complaint: wrong time,2026-05-30T10:26:36.402Z,true
complaint-910,user-150,too_many_notifications,sms,TXNX-005,User complaint: too many notifications,2026-06-11T11:41:36.402Z,true
complaint-911,user-1271,too_many_notifications,email,RISK-001,User complaint: too many notifications,2026-05-19T08:23:36.402Z,false
complaint-912,user-2159,wrong_time,in_app,RISK-005,User complaint: wrong time,2026-06-03T13:50:36.402Z,false
complaint-913,user-8724,too_many_notifications,push,MKTX-002,User complaint: too many notifications,2026-05-27T10:20:36.402Z,false
complaint-914,user-5401,irrelevant_content,in_app,TXNX-004,User complaint: irrelevant content,2026-05-31T10:26:36.402Z,true
complaint-915,user-5794,wrong_time,whatsapp,MKTX-002,User complaint: wrong time,2026-06-02T08:17:36.402Z,false
complaint-916,user-6963,too_many_notifications,sms,TXNX-004,User complaint: too many notifications,2026-05-29T08:33:36.402Z,false
complaint-917,user-3007,missing_critical_notification,push,TXNX-003,User complaint: missing critical notification,2026-05-21T09:04:36.402Z,true
complaint-918,user-1643,wrong_channel,email,TXNX-004,User complaint: wrong channel,2026-05-26T10:26:36.402Z,true
complaint-919,user-3427,too_many_notifications,sms,MKTX-003,User complaint: too many notifications,2026-05-30T09:40:36.402Z,true
complaint-920,user-8189,wrong_time,sms,SIPX-002,User complaint: wrong time,2026-06-08T09:31:36.402Z,false
complaint-921,user-2982,too_many_notifications,email,REGX-005,User complaint: too many notifications,2026-06-04T13:04:36.402Z,true
complaint-922,user-7036,missing_critical_notification,sms,RISK-002,User complaint: missing critical notification,2026-06-04T12:00:36.402Z,false
complaint-923,user-6382,wrong_time,in_app,TXNX-004,User complaint: wrong time,2026-05-21T13:13:36.402Z,false
complaint-924,user-8138,too_many_notifications,in_app,TXNX-003,User complaint: too many notifications,2026-05-25T11:36:36.402Z,true
complaint-925,user-5008,wrong_time,in_app,SIPX-002,User complaint: wrong time,2026-05-23T12:28:36.402Z,false
complaint-926,user-7473,wrong_time,push,TXNX-005,User complaint: wrong time,2026-06-04T12:26:36.402Z,true
complaint-927,user-5822,wrong_time,email,TXNX-004,User complaint: wrong time,2026-05-22T10:27:36.402Z,false
complaint-928,user-8911,too_many_notifications,email,TXNX-003,User complaint: too many notifications,2026-05-24T09:44:36.402Z,true
complaint-929,user-1876,too_many_notifications,push,RISK-003,User complaint: too many notifications,2026-06-15T13:16:36.402Z,true
complaint-930,user-5413,wrong_channel,in_app,SIPX-001,User complaint: wrong channel,2026-06-07T10:26:36.402Z,true
complaint-931,user-1421,wrong_channel,whatsapp,TXNX-003,User complaint: wrong channel,2026-05-19T10:26:36.402Z,true
complaint-932,user-9757,too_many_notifications,in_app,RISK-002,User complaint: too many notifications,2026-06-07T08:35:36.402Z,true
complaint-933,user-811,irrelevant_content,push,TXNX-002,User complaint: irrelevant content,2026-05-19T10:26:36.402Z,true
complaint-934,user-1521,too_many_notifications,push,MKTX-004,User complaint: too many notifications,2026-06-07T11:18:36.402Z,true
complaint-935,user-1897,too_many_notifications,whatsapp,RISK-003,User complaint: too many notifications,2026-05-27T11:26:36.402Z,false
complaint-936,user-6084,wrong_channel,in_app,REGX-005,User complaint: wrong channel,2026-06-01T10:26:36.402Z,false
complaint-937,user-1199,wrong_time,email,RISK-005,User complaint: wrong time,2026-06-09T12:06:36.402Z,true
complaint-938,user-6678,too_many_notifications,in_app,RISK-002,User complaint: too many notifications,2026-06-14T11:30:36.402Z,false
complaint-939,user-9485,wrong_time,email,RISK-003,User complaint: wrong time,2026-06-11T10:58:36.402Z,false
complaint-940,user-1594,wrong_time,whatsapp,TXNX-002,User complaint: wrong time,2026-05-21T13:57:36.402Z,true
complaint-941,user-6551,wrong_time,in_app,RISK-005,User complaint: wrong time,2026-05-23T10:26:36.402Z,true
complaint-942,user-4486,too_many_notifications,sms,TXNX-003,User complaint: too many notifications,2026-06-11T12:24:36.402Z,false
complaint-943,user-1067,missing_critical_notification,in_app,TXNX-002,User complaint: missing critical notification,2026-06-08T11:54:36.402Z,true
complaint-944,user-8945,irrelevant_content,in_app,TXNX-001,User complaint: irrelevant content,2026-05-20T13:42:36.402Z,true
complaint-945,user-6416,irrelevant_content,email,SIPX-005,User complaint: irrelevant content,2026-06-08T09:39:36.402Z,true
complaint-946,user-3440,missing_critical_notification,in_app,RISK-002,User complaint: missing critical notification,2026-06-14T13:46:36.402Z,true
complaint-947,user-6058,wrong_channel,sms,TXNX-004,User complaint: wrong channel,2026-06-06T12:22:36.402Z,true
complaint-948,user-8096,wrong_channel,in_app,SIPX-004,User complaint: wrong channel,2026-06-12T13:43:36.402Z,false
complaint-949,user-9748,irrelevant_content,sms,SIPX-001,User complaint: irrelevant content,2026-05-19T11:13:36.402Z,true
complaint-950,user-6197,too_many_notifications,in_app,MKTX-005,User complaint: too many notifications,2026-05-25T12:06:36.402Z,false
complaint-951,user-8028,wrong_channel,email,TXNX-002,User complaint: wrong channel,2026-05-20T12:42:36.402Z,false
complaint-952,user-3280,wrong_time,email,SIPX-004,User complaint: wrong time,2026-05-31T09:05:36.402Z,false
complaint-953,user-7689,irrelevant_content,email,SIPX-002,User complaint: irrelevant content,2026-05-26T13:43:36.402Z,true
complaint-954,user-1340,too_many_notifications,email,TXNX-004,User complaint: too many notifications,2026-06-06T13:44:36.402Z,true
complaint-955,user-7699,too_many_notifications,email,TXNX-005,User complaint: too many notifications,2026-06-14T12:06:36.402Z,false
complaint-956,user-606,wrong_time,sms,MKTX-001,User complaint: wrong time,2026-05-19T08:27:36.402Z,false
complaint-957,user-4201,irrelevant_content,whatsapp,TXNX-004,User complaint: irrelevant content,2026-06-02T13:08:36.402Z,true
complaint-958,user-8086,irrelevant_content,sms,TXNX-001,User complaint: irrelevant content,2026-06-07T11:57:36.402Z,true
complaint-959,user-1373,too_many_notifications,email,TXNX-001,User complaint: too many notifications,2026-06-10T13:06:36.402Z,true
complaint-960,user-9954,wrong_time,whatsapp,MKTX-001,User complaint: wrong time,2026-06-04T13:30:36.402Z,true
complaint-961,user-5333,too_many_notifications,whatsapp,TXNX-001,User complaint: too many notifications,2026-05-24T08:58:36.402Z,true
complaint-962,user-1781,irrelevant_content,in_app,TXNX-001,User complaint: irrelevant content,2026-05-28T10:26:36.402Z,true
complaint-963,user-9503,irrelevant_content,email,MKTX-002,User complaint: irrelevant content,2026-05-24T10:57:36.402Z,false
complaint-964,user-3418,irrelevant_content,push,SIPX-004,User complaint: irrelevant content,2026-05-23T09:31:36.402Z,true
complaint-965,user-3177,irrelevant_content,sms,TXNX-001,User complaint: irrelevant content,2026-05-22T12:49:36.402Z,true
complaint-966,user-5368,too_many_notifications,email,RISK-005,User complaint: too many notifications,2026-06-11T13:58:36.402Z,false
complaint-967,user-9581,irrelevant_content,sms,REGX-005,User complaint: irrelevant content,2026-06-08T09:08:36.402Z,true
complaint-968,user-5700,wrong_time,sms,TXNX-004,User complaint: wrong time,2026-05-20T11:40:36.402Z,false
complaint-969,user-9643,too_many_notifications,push,TXNX-003,User complaint: too many notifications,2026-05-24T11:22:36.402Z,false
complaint-970,user-2325,too_many_notifications,email,MKTX-003,User complaint: too many notifications,2026-06-06T10:37:36.402Z,true
complaint-971,user-9536,too_many_notifications,in_app,RISK-003,User complaint: too many notifications,2026-05-29T13:53:36.402Z,true
complaint-972,user-6580,too_many_notifications,push,REGX-001,User complaint: too many notifications,2026-06-12T10:47:36.402Z,true
complaint-973,user-4973,wrong_time,email,TXNX-002,User complaint: wrong time,2026-06-06T11:53:36.402Z,true
complaint-974,user-7496,too_many_notifications,sms,REGX-004,User complaint: too many notifications,2026-06-04T10:31:36.402Z,false
complaint-975,user-9375,wrong_time,whatsapp,RISK-005,User complaint: wrong time,2026-06-05T12:27:36.402Z,true
complaint-976,user-2407,missing_critical_notification,in_app,SIPX-002,User complaint: missing critical notification,2026-06-12T10:26:36.402Z,true
complaint-977,user-9156,wrong_time,whatsapp,TXNX-001,User complaint: wrong time,2026-06-14T10:26:36.402Z,false
complaint-978,user-4374,wrong_channel,email,REGX-004,User complaint: wrong channel,2026-06-10T10:24:36.402Z,false
complaint-979,user-267,wrong_time,push,TXNX-005,User complaint: wrong time,2026-05-19T13:48:36.402Z,true
complaint-980,user-4483,too_many_notifications,whatsapp,TXNX-004,User complaint: too many notifications,2026-06-07T11:03:36.402Z,true
complaint-981,user-7836,too_many_notifications,email,SIPX-003,User complaint: too many notifications,2026-05-23T10:26:36.402Z,true
complaint-982,user-1557,wrong_channel,in_app,TXNX-002,User complaint: wrong channel,2026-06-10T10:17:36.402Z,true
complaint-983,user-2430,wrong_channel,push,TXNX-003,User complaint: wrong channel,2026-05-26T10:26:36.402Z,true
complaint-984,user-6635,missing_critical_notification,push,TXNX-001,User complaint: missing critical notification,2026-05-26T11:14:36.402Z,true
complaint-985,user-5397,too_many_notifications,whatsapp,REGX-004,User complaint: too many notifications,2026-06-15T11:41:36.402Z,true
complaint-986,user-3425,too_many_notifications,whatsapp,TXNX-005,User complaint: too many notifications,2026-06-11T12:54:36.402Z,true
complaint-987,user-3860,wrong_channel,push,TXNX-004,User complaint: wrong channel,2026-06-15T09:27:36.402Z,false
complaint-988,user-8679,wrong_time,email,MKTX-002,User complaint: wrong time,2026-05-29T13:50:36.402Z,true
complaint-989,user-8038,wrong_time,push,TXNX-005,User complaint: wrong time,2026-05-29T13:19:36.402Z,false
complaint-990,user-9449,wrong_time,whatsapp,RISK-002,User complaint: wrong time,2026-05-21T10:26:36.402Z,true
complaint-991,user-8600,irrelevant_content,whatsapp,TXNX-004,User complaint: irrelevant content,2026-05-27T09:57:36.402Z,true
complaint-992,user-6946,irrelevant_content,whatsapp,RISK-002,User complaint: irrelevant content,2026-05-20T13:13:36.402Z,true
complaint-993,user-9034,wrong_channel,in_app,SIPX-003,User complaint: wrong channel,2026-05-24T12:44:36.402Z,true
complaint-994,user-900,irrelevant_content,email,REGX-004,User complaint: irrelevant content,2026-05-25T09:27:36.402Z,false
complaint-995,user-4942,too_many_notifications,push,SIPX-002,User complaint: too many notifications,2026-06-03T08:05:36.402Z,true
complaint-996,user-8936,missing_critical_notification,in_app,TXNX-003,User complaint: missing critical notification,2026-05-19T09:44:36.402Z,false
complaint-997,user-1935,wrong_channel,in_app,SIPX-001,User complaint: wrong channel,2026-06-13T12:17:36.402Z,false
complaint-998,user-8014,irrelevant_content,push,TXNX-005,User complaint: irrelevant content,2026-06-09T13:08:36.402Z,false
complaint-999,user-8347,wrong_time,sms,MKTX-001,User complaint: wrong time,2026-06-17T10:26:36.402Z,false
complaint-1000,user-5318,missing_critical_notification,push,MKTX-002,User complaint: missing critical notification,2026-06-11T10:39:36.402Z,true
complaint-1001,user-2701,too_many_notifications,push,RISK-005,User complaint: too many notifications,2026-05-26T10:54:36.402Z,false
complaint-1002,user-5163,too_many_notifications,in_app,REGX-001,User complaint: too many notifications,2026-06-12T10:21:36.402Z,true
complaint-1003,user-2575,wrong_channel,email,RISK-002,User complaint: wrong channel,2026-05-29T09:41:36.402Z,true
complaint-1004,user-2935,wrong_time,sms,TXNX-004,User complaint: wrong time,2026-05-26T11:09:36.402Z,true
complaint-1005,user-638,too_many_notifications,email,RISK-003,User complaint: too many notifications,2026-06-06T10:26:36.402Z,true
complaint-1006,user-6455,wrong_channel,whatsapp,RISK-001,User complaint: wrong channel,2026-05-19T12:13:36.402Z,true
complaint-1007,user-9401,too_many_notifications,push,RISK-004,User complaint: too many notifications,2026-06-04T11:01:36.402Z,true
complaint-1008,user-7643,irrelevant_content,sms,TXNX-001,User complaint: irrelevant content,2026-05-22T13:13:36.402Z,true
complaint-1009,user-4290,wrong_time,in_app,MKTX-001,User complaint: wrong time,2026-05-25T08:55:36.402Z,false
complaint-1010,user-1977,irrelevant_content,push,REGX-002,User complaint: irrelevant content,2026-05-27T10:12:36.402Z,false
complaint-1011,user-2797,too_many_notifications,push,SIPX-004,User complaint: too many notifications,2026-06-07T12:12:36.402Z,false
complaint-1012,user-7731,irrelevant_content,email,SIPX-001,User complaint: irrelevant content,2026-05-21T10:26:36.402Z,true
complaint-1013,user-5220,too_many_notifications,in_app,TXNX-002,User complaint: too many notifications,2026-06-06T11:16:36.402Z,false
complaint-1014,user-8076,wrong_channel,whatsapp,RISK-002,User complaint: wrong channel,2026-05-30T11:05:36.402Z,true
complaint-1015,user-571,wrong_time,in_app,SIPX-003,User complaint: wrong time,2026-05-25T08:21:36.402Z,false
complaint-1016,user-6100,irrelevant_content,email,TXNX-002,User complaint: irrelevant content,2026-06-07T11:33:36.402Z,true
complaint-1017,user-5839,irrelevant_content,whatsapp,TXNX-001,User complaint: irrelevant content,2026-06-11T12:33:36.402Z,true
complaint-1018,user-6530,wrong_time,in_app,SIPX-003,User complaint: wrong time,2026-06-06T09:38:36.402Z,true
complaint-1019,user-9188,irrelevant_content,push,RISK-002,User complaint: irrelevant content,2026-06-03T11:17:36.402Z,true
complaint-1020,user-5752,too_many_notifications,push,RISK-004,User complaint: too many notifications,2026-06-08T12:27:36.402Z,false
complaint-1021,user-570,wrong_time,sms,TXNX-003,User complaint: wrong time,2026-06-08T09:55:36.402Z,false
complaint-1022,user-2563,too_many_notifications,in_app,REGX-003,User complaint: too many notifications,2026-06-12T09:23:36.402Z,true
complaint-1023,user-201,wrong_time,whatsapp,TXNX-001,User complaint: wrong time,2026-06-17T10:19:36.402Z,false
complaint-1024,user-8075,too_many_notifications,push,SIPX-001,User complaint: too many notifications,2026-06-12T08:05:36.402Z,false
complaint-1025,user-5584,missing_critical_notification,push,TXNX-002,User complaint: missing critical notification,2026-06-10T10:09:36.402Z,true
complaint-1026,user-7772,too_many_notifications,whatsapp,REGX-005,User complaint: too many notifications,2026-06-12T08:23:36.402Z,true
complaint-1027,user-4606,too_many_notifications,in_app,SIPX-002,User complaint: too many notifications,2026-06-07T09:34:36.402Z,false
complaint-1028,user-4447,wrong_time,in_app,TXNX-003,User complaint: wrong time,2026-05-21T12:21:36.402Z,true
complaint-1029,user-9323,wrong_time,whatsapp,TXNX-005,User complaint: wrong time,2026-06-07T10:37:36.402Z,false
complaint-1030,user-7297,irrelevant_content,email,TXNX-004,User complaint: irrelevant content,2026-06-08T12:28:36.402Z,false
complaint-1031,user-146,too_many_notifications,email,MKTX-001,User complaint: too many notifications,2026-06-11T08:22:36.402Z,false
complaint-1032,user-3051,irrelevant_content,push,REGX-004,User complaint: irrelevant content,2026-06-09T12:41:36.402Z,true
complaint-1033,user-4761,wrong_time,in_app,MKTX-003,User complaint: wrong time,2026-06-01T10:26:36.402Z,true
complaint-1034,user-4642,irrelevant_content,email,SIPX-004,User complaint: irrelevant content,2026-06-11T09:02:36.402Z,true
complaint-1035,user-1173,irrelevant_content,push,MKTX-003,User complaint: irrelevant content,2026-06-13T12:37:36.402Z,false
complaint-1036,user-7511,too_many_notifications,push,SIPX-005,User complaint: too many notifications,2026-06-15T08:34:36.402Z,true
complaint-1037,user-2499,wrong_time,email,REGX-001,User complaint: wrong time,2026-06-07T12:45:36.402Z,false
complaint-1038,user-8948,wrong_time,email,TXNX-003,User complaint: wrong time,2026-06-05T09:54:36.402Z,false
complaint-1039,user-4977,irrelevant_content,sms,RISK-001,User complaint: irrelevant content,2026-05-25T09:25:36.402Z,true
complaint-1040,user-6121,wrong_time,push,MKTX-005,User complaint: wrong time,2026-06-06T11:49:36.402Z,false
complaint-1041,user-8397,wrong_time,email,RISK-001,User complaint: wrong time,2026-06-10T11:42:36.402Z,true
complaint-1042,user-1697,too_many_notifications,sms,TXNX-002,User complaint: too many notifications,2026-06-05T09:48:36.402Z,false
complaint-1043,user-7842,too_many_notifications,in_app,REGX-002,User complaint: too many notifications,2026-05-22T10:06:36.402Z,false
complaint-1044,user-2401,wrong_time,in_app,SIPX-001,User complaint: wrong time,2026-06-13T09:59:36.402Z,true
complaint-1045,user-6248,too_many_notifications,push,TXNX-001,User complaint: too many notifications,2026-06-01T08:08:36.402Z,true
complaint-1046,user-8983,too_many_notifications,email,TXNX-004,User complaint: too many notifications,2026-05-24T08:27:36.402Z,true
complaint-1047,user-5425,too_many_notifications,in_app,RISK-003,User complaint: too many notifications,2026-05-19T08:33:36.402Z,true
complaint-1048,user-4370,too_many_notifications,sms,RISK-001,User complaint: too many notifications,2026-06-15T13:06:36.402Z,true
complaint-1049,user-7200,missing_critical_notification,sms,TXNX-005,User complaint: missing critical notification,2026-06-03T13:02:36.402Z,false
complaint-1050,user-7506,too_many_notifications,sms,RISK-004,User complaint: too many notifications,2026-06-15T09:06:36.402Z,false
complaint-1051,user-859,missing_critical_notification,in_app,SIPX-002,User complaint: missing critical notification,2026-05-25T11:56:36.402Z,true
complaint-1052,user-4743,too_many_notifications,push,TXNX-003,User complaint: too many notifications,2026-06-08T10:26:36.402Z,true
complaint-1053,user-6347,too_many_notifications,whatsapp,TXNX-005,User complaint: too many notifications,2026-06-13T08:51:36.402Z,false
complaint-1054,user-2509,too_many_notifications,push,MKTX-003,User complaint: too many notifications,2026-06-10T11:10:36.402Z,true
complaint-1055,user-6350,too_many_notifications,email,TXNX-005,User complaint: too many notifications,2026-06-06T10:07:36.402Z,true
complaint-1056,user-5819,too_many_notifications,push,RISK-005,User complaint: too many notifications,2026-06-13T10:26:36.402Z,false
complaint-1057,user-4513,irrelevant_content,push,RISK-001,User complaint: irrelevant content,2026-06-13T13:24:36.402Z,true
complaint-1058,user-8409,wrong_channel,whatsapp,RISK-005,User complaint: wrong channel,2026-05-28T08:28:36.402Z,true
complaint-1059,user-612,irrelevant_content,in_app,REGX-002,User complaint: irrelevant content,2026-06-07T11:19:36.402Z,true
complaint-1060,user-7893,wrong_time,push,RISK-002,User complaint: wrong time,2026-06-14T11:32:36.402Z,true
complaint-1061,user-8429,wrong_time,sms,REGX-002,User complaint: wrong time,2026-06-09T10:26:36.402Z,true
complaint-1062,user-5772,irrelevant_content,email,SIPX-005,User complaint: irrelevant content,2026-06-06T08:44:36.402Z,true
complaint-1063,user-4713,too_many_notifications,whatsapp,TXNX-003,User complaint: too many notifications,2026-06-09T12:07:36.402Z,true
complaint-1064,user-4003,wrong_channel,sms,RISK-001,User complaint: wrong channel,2026-05-25T10:42:36.402Z,true
complaint-1065,user-7306,missing_critical_notification,push,TXNX-001,User complaint: missing critical notification,2026-05-20T10:26:36.402Z,true
complaint-1066,user-2546,too_many_notifications,in_app,TXNX-004,User complaint: too many notifications,2026-05-28T09:32:36.402Z,true
complaint-1067,user-9130,missing_critical_notification,push,RISK-001,User complaint: missing critical notification,2026-06-17T13:02:36.402Z,false
complaint-1068,user-2871,too_many_notifications,sms,SIPX-004,User complaint: too many notifications,2026-06-11T10:26:36.402Z,false
complaint-1069,user-6495,wrong_time,push,TXNX-003,User complaint: wrong time,2026-05-27T11:19:36.402Z,true
complaint-1070,user-8262,irrelevant_content,sms,TXNX-003,User complaint: irrelevant content,2026-06-08T12:59:36.402Z,true
complaint-1071,user-6949,wrong_time,in_app,RISK-001,User complaint: wrong time,2026-05-29T10:26:36.402Z,true
complaint-1072,user-488,too_many_notifications,sms,RISK-004,User complaint: too many notifications,2026-05-20T10:26:36.402Z,true
complaint-1073,user-7483,missing_critical_notification,whatsapp,RISK-004,User complaint: missing critical notification,2026-05-27T11:34:36.402Z,true
complaint-1074,user-7895,too_many_notifications,email,TXNX-004,User complaint: too many notifications,2026-06-08T13:05:36.402Z,false
complaint-1075,user-8410,missing_critical_notification,push,TXNX-002,User complaint: missing critical notification,2026-06-01T09:28:36.402Z,true
complaint-1076,user-6467,too_many_notifications,push,TXNX-005,User complaint: too many notifications,2026-06-09T13:02:36.402Z,true
complaint-1077,user-3912,wrong_time,push,TXNX-003,User complaint: wrong time,2026-06-04T10:20:36.402Z,true
complaint-1078,user-4200,too_many_notifications,email,RISK-005,User complaint: too many notifications,2026-06-06T09:25:36.402Z,true
complaint-1079,user-3181,wrong_channel,in_app,TXNX-005,User complaint: wrong channel,2026-05-20T09:16:36.402Z,true
complaint-1080,user-8665,wrong_time,in_app,TXNX-003,User complaint: wrong time,2026-05-31T10:26:36.402Z,false
complaint-1081,user-299,too_many_notifications,email,TXNX-004,User complaint: too many notifications,2026-06-01T08:41:36.402Z,false
complaint-1082,user-5433,irrelevant_content,push,MKTX-002,User complaint: irrelevant content,2026-05-22T11:48:36.402Z,true
complaint-1083,user-5792,wrong_channel,whatsapp,RISK-005,User complaint: wrong channel,2026-06-05T08:27:36.402Z,true
complaint-1084,user-7356,too_many_notifications,in_app,MKTX-004,User complaint: too many notifications,2026-06-02T10:17:36.402Z,true
complaint-1085,user-8464,irrelevant_content,email,SIPX-001,User complaint: irrelevant content,2026-06-08T10:49:36.402Z,true
complaint-1086,user-9033,too_many_notifications,sms,TXNX-004,User complaint: too many notifications,2026-06-16T09:44:36.402Z,false
complaint-1087,user-8700,too_many_notifications,whatsapp,REGX-005,User complaint: too many notifications,2026-05-24T11:10:36.402Z,true
complaint-1088,user-8972,wrong_time,email,RISK-002,User complaint: wrong time,2026-05-30T10:29:36.402Z,true
complaint-1089,user-3375,too_many_notifications,whatsapp,MKTX-003,User complaint: too many notifications,2026-05-23T10:07:36.402Z,true
complaint-1090,user-4107,irrelevant_content,email,TXNX-004,User complaint: irrelevant content,2026-06-07T10:26:36.402Z,false
complaint-1091,user-8753,irrelevant_content,whatsapp,TXNX-004,User complaint: irrelevant content,2026-06-14T10:26:36.402Z,true
complaint-1092,user-9419,irrelevant_content,email,TXNX-004,User complaint: irrelevant content,2026-06-05T10:52:36.402Z,false
complaint-1093,user-5468,irrelevant_content,email,RISK-002,User complaint: irrelevant content,2026-06-15T11:28:36.402Z,false
complaint-1094,user-3149,wrong_channel,sms,MKTX-002,User complaint: wrong channel,2026-06-15T13:46:36.402Z,true
complaint-1095,user-5112,too_many_notifications,email,REGX-001,User complaint: too many notifications,2026-05-25T12:03:36.402Z,true
complaint-1096,user-1499,too_many_notifications,push,RISK-001,User complaint: too many notifications,2026-06-09T13:31:36.402Z,false
complaint-1097,user-554,wrong_time,in_app,TXNX-003,User complaint: wrong time,2026-06-02T13:18:36.402Z,false
complaint-1098,user-4222,wrong_time,in_app,RISK-004,User complaint: wrong time,2026-05-26T10:26:36.402Z,false
complaint-1099,user-1537,too_many_notifications,email,MKTX-001,User complaint: too many notifications,2026-05-22T10:26:36.402Z,false
complaint-1100,user-3123,too_many_notifications,sms,RISK-003,User complaint: too many notifications,2026-05-19T13:32:36.402Z,false
complaint-1101,user-3310,missing_critical_notification,sms,TXNX-003,User complaint: missing critical notification,2026-06-10T09:27:36.402Z,false
complaint-1102,user-3652,too_many_notifications,in_app,TXNX-004,User complaint: too many notifications,2026-06-08T09:11:36.402Z,true
complaint-1103,user-8832,too_many_notifications,sms,MKTX-005,User complaint: too many notifications,2026-06-17T08:40:36.402Z,false
complaint-1104,user-4661,irrelevant_content,email,RISK-001,User complaint: irrelevant content,2026-06-03T08:50:36.402Z,false
complaint-1105,user-7203,wrong_time,email,TXNX-004,User complaint: wrong time,2026-06-04T13:22:36.402Z,true
complaint-1106,user-505,missing_critical_notification,whatsapp,RISK-001,User complaint: missing critical notification,2026-06-15T12:08:36.402Z,true
complaint-1107,user-2344,too_many_notifications,in_app,SIPX-003,User complaint: too many notifications,2026-06-16T08:24:36.402Z,false
complaint-1108,user-7618,too_many_notifications,whatsapp,MKTX-005,User complaint: too many notifications,2026-05-23T13:50:36.402Z,true
complaint-1109,user-9108,too_many_notifications,email,SIPX-005,User complaint: too many notifications,2026-06-06T13:52:36.402Z,true
complaint-1110,user-2135,too_many_notifications,in_app,MKTX-002,User complaint: too many notifications,2026-05-19T10:54:36.402Z,true
complaint-1111,user-4158,wrong_channel,in_app,MKTX-001,User complaint: wrong channel,2026-06-03T09:38:36.402Z,true
complaint-1112,user-1552,missing_critical_notification,in_app,TXNX-002,User complaint: missing critical notification,2026-06-09T12:16:36.402Z,false
complaint-1113,user-4338,wrong_channel,whatsapp,MKTX-002,User complaint: wrong channel,2026-06-12T10:26:36.402Z,false
complaint-1114,user-5748,missing_critical_notification,email,TXNX-005,User complaint: missing critical notification,2026-06-12T08:50:36.402Z,true
complaint-1115,user-5402,wrong_channel,push,MKTX-002,User complaint: wrong channel,2026-06-12T10:26:36.402Z,true
complaint-1116,user-8658,too_many_notifications,sms,MKTX-004,User complaint: too many notifications,2026-05-28T11:42:36.402Z,true
complaint-1117,user-424,irrelevant_content,push,REGX-002,User complaint: irrelevant content,2026-05-21T08:51:36.402Z,true
complaint-1118,user-6432,irrelevant_content,push,SIPX-005,User complaint: irrelevant content,2026-06-03T11:34:36.402Z,true
complaint-1119,user-5966,missing_critical_notification,push,MKTX-004,User complaint: missing critical notification,2026-06-14T09:08:36.402Z,true
complaint-1120,user-4999,too_many_notifications,sms,RISK-004,User complaint: too many notifications,2026-06-11T10:26:36.402Z,false
complaint-1121,user-9129,wrong_time,sms,TXNX-005,User complaint: wrong time,2026-05-20T10:26:36.402Z,true
complaint-1122,user-7097,wrong_channel,email,MKTX-002,User complaint: wrong channel,2026-05-29T08:04:36.402Z,false
complaint-1123,user-4292,wrong_channel,in_app,MKTX-005,User complaint: wrong channel,2026-05-20T10:25:36.402Z,true
complaint-1124,user-9755,too_many_notifications,push,SIPX-003,User complaint: too many notifications,2026-05-27T10:26:36.402Z,false
complaint-1125,user-3045,irrelevant_content,email,TXNX-003,User complaint: irrelevant content,2026-05-21T12:57:36.402Z,true
complaint-1126,user-9415,wrong_time,sms,RISK-002,User complaint: wrong time,2026-06-12T10:51:36.402Z,true
complaint-1127,user-3881,wrong_channel,in_app,SIPX-003,User complaint: wrong channel,2026-05-22T10:26:36.402Z,false
complaint-1128,user-2228,too_many_notifications,email,MKTX-004,User complaint: too many notifications,2026-05-31T10:43:36.402Z,true
complaint-1129,user-4550,too_many_notifications,push,RISK-002,User complaint: too many notifications,2026-06-08T13:47:36.402Z,true
complaint-1130,user-8239,wrong_time,email,SIPX-002,User complaint: wrong time,2026-05-29T11:29:36.402Z,true
complaint-1131,user-5483,too_many_notifications,email,SIPX-004,User complaint: too many notifications,2026-06-17T10:20:36.402Z,true
complaint-1132,user-1541,irrelevant_content,email,REGX-001,User complaint: irrelevant content,2026-05-19T10:00:36.402Z,true
complaint-1133,user-3310,irrelevant_content,whatsapp,TXNX-003,User complaint: irrelevant content,2026-05-29T10:26:36.402Z,true
complaint-1134,user-3666,irrelevant_content,whatsapp,REGX-002,User complaint: irrelevant content,2026-06-15T10:26:36.402Z,true
complaint-1135,user-6023,too_many_notifications,whatsapp,RISK-005,User complaint: too many notifications,2026-06-14T10:09:36.402Z,true
complaint-1136,user-8370,wrong_time,whatsapp,RISK-003,User complaint: wrong time,2026-06-12T10:15:36.402Z,false
complaint-1137,user-4518,irrelevant_content,whatsapp,SIPX-004,User complaint: irrelevant content,2026-05-28T12:52:36.402Z,false
complaint-1138,user-55,too_many_notifications,in_app,MKTX-001,User complaint: too many notifications,2026-05-22T10:26:36.402Z,false
complaint-1139,user-8841,too_many_notifications,sms,SIPX-005,User complaint: too many notifications,2026-05-28T10:26:36.402Z,false
complaint-1140,user-7096,too_many_notifications,push,MKTX-005,User complaint: too many notifications,2026-05-20T09:51:36.402Z,true
complaint-1141,user-2786,wrong_channel,in_app,MKTX-004,User complaint: wrong channel,2026-06-04T10:47:36.402Z,true
complaint-1142,user-4841,too_many_notifications,push,TXNX-003,User complaint: too many notifications,2026-06-17T12:45:36.402Z,false
complaint-1143,user-4617,irrelevant_content,in_app,TXNX-004,User complaint: irrelevant content,2026-05-26T11:29:36.402Z,false
complaint-1144,user-802,wrong_channel,email,TXNX-004,User complaint: wrong channel,2026-05-31T12:04:36.402Z,false
complaint-1145,user-7703,wrong_time,email,REGX-003,User complaint: wrong time,2026-05-25T13:28:36.402Z,false
complaint-1146,user-7201,wrong_channel,email,SIPX-002,User complaint: wrong channel,2026-06-14T08:34:36.402Z,true
complaint-1147,user-5913,wrong_time,whatsapp,SIPX-003,User complaint: wrong time,2026-06-17T08:16:36.402Z,true
complaint-1148,user-7906,wrong_time,email,RISK-002,User complaint: wrong time,2026-06-02T10:20:36.402Z,false
complaint-1149,user-1971,too_many_notifications,email,RISK-005,User complaint: too many notifications,2026-05-19T10:26:36.402Z,false
complaint-1150,user-1357,too_many_notifications,email,RISK-003,User complaint: too many notifications,2026-06-15T09:28:36.402Z,true
complaint-1151,user-8064,irrelevant_content,whatsapp,RISK-002,User complaint: irrelevant content,2026-05-23T10:26:36.402Z,false
complaint-1152,user-3859,too_many_notifications,email,RISK-005,User complaint: too many notifications,2026-06-12T10:26:36.402Z,true
complaint-1153,user-6605,irrelevant_content,sms,SIPX-003,User complaint: irrelevant content,2026-06-03T13:03:36.402Z,true
complaint-1154,user-3871,irrelevant_content,sms,REGX-002,User complaint: irrelevant content,2026-06-05T10:55:36.402Z,true
complaint-1155,user-6439,irrelevant_content,push,TXNX-005,User complaint: irrelevant content,2026-06-11T10:26:36.402Z,false
complaint-1156,user-2726,wrong_channel,push,SIPX-003,User complaint: wrong channel,2026-06-04T09:25:36.402Z,true
complaint-1157,user-2319,wrong_time,email,SIPX-004,User complaint: wrong time,2026-05-29T13:44:36.402Z,true
complaint-1158,user-6421,wrong_time,in_app,REGX-004,User complaint: wrong time,2026-05-29T10:12:36.402Z,true
complaint-1159,user-441,too_many_notifications,in_app,MKTX-003,User complaint: too many notifications,2026-06-06T12:06:36.402Z,false
complaint-1160,user-4307,irrelevant_content,sms,REGX-001,User complaint: irrelevant content,2026-06-11T09:26:36.402Z,true
complaint-1161,user-7513,missing_critical_notification,whatsapp,MKTX-002,User complaint: missing critical notification,2026-06-13T11:43:36.402Z,true
complaint-1162,user-7421,wrong_time,email,MKTX-002,User complaint: wrong time,2026-05-30T10:19:36.402Z,true
complaint-1163,user-7222,wrong_channel,sms,MKTX-005,User complaint: wrong channel,2026-06-10T08:25:36.402Z,true
complaint-1164,user-9713,wrong_time,in_app,RISK-001,User complaint: wrong time,2026-06-09T09:26:36.402Z,true
complaint-1165,user-2285,too_many_notifications,email,TXNX-005,User complaint: too many notifications,2026-05-24T13:31:36.402Z,true
complaint-1166,user-6161,missing_critical_notification,email,REGX-005,User complaint: missing critical notification,2026-06-10T09:54:36.402Z,true
complaint-1167,user-4557,wrong_time,email,TXNX-001,User complaint: wrong time,2026-05-30T08:08:36.402Z,true
complaint-1168,user-6015,too_many_notifications,sms,TXNX-005,User complaint: too many notifications,2026-05-28T12:10:36.402Z,false
complaint-1169,user-447,too_many_notifications,whatsapp,TXNX-004,User complaint: too many notifications,2026-06-10T10:26:36.402Z,false
complaint-1170,user-5453,wrong_channel,whatsapp,RISK-004,User complaint: wrong channel,2026-06-04T12:00:36.402Z,false
complaint-1171,user-5762,missing_critical_notification,in_app,TXNX-002,User complaint: missing critical notification,2026-06-06T10:26:36.402Z,true
complaint-1172,user-6645,too_many_notifications,push,RISK-003,User complaint: too many notifications,2026-06-17T11:02:36.402Z,true
complaint-1173,user-1897,too_many_notifications,in_app,TXNX-002,User complaint: too many notifications,2026-06-01T08:43:36.402Z,true
complaint-1174,user-6885,irrelevant_content,whatsapp,RISK-001,User complaint: irrelevant content,2026-06-10T10:10:36.402Z,true
complaint-1175,user-2481,missing_critical_notification,in_app,TXNX-003,User complaint: missing critical notification,2026-05-28T10:35:36.402Z,true
complaint-1176,user-8756,wrong_time,push,TXNX-002,User complaint: wrong time,2026-05-31T10:26:36.402Z,true
complaint-1177,user-8995,too_many_notifications,push,MKTX-004,User complaint: too many notifications,2026-05-29T09:33:36.402Z,false
complaint-1178,user-989,wrong_time,push,REGX-002,User complaint: wrong time,2026-06-12T12:29:36.402Z,true
complaint-1179,user-288,wrong_channel,sms,TXNX-001,User complaint: wrong channel,2026-06-03T09:12:36.402Z,true
complaint-1180,user-8751,too_many_notifications,in_app,RISK-002,User complaint: too many notifications,2026-05-31T08:39:36.402Z,true
complaint-1181,user-9541,missing_critical_notification,whatsapp,TXNX-002,User complaint: missing critical notification,2026-05-22T11:25:36.402Z,true
complaint-1182,user-5588,too_many_notifications,in_app,REGX-002,User complaint: too many notifications,2026-06-01T10:08:36.402Z,true
complaint-1183,user-7446,irrelevant_content,email,SIPX-004,User complaint: irrelevant content,2026-05-23T09:26:36.402Z,false
complaint-1184,user-7555,wrong_time,in_app,TXNX-004,User complaint: wrong time,2026-05-27T11:06:36.402Z,false
complaint-1185,user-678,too_many_notifications,sms,TXNX-005,User complaint: too many notifications,2026-06-17T13:13:36.402Z,true
complaint-1186,user-2192,too_many_notifications,in_app,MKTX-002,User complaint: too many notifications,2026-05-20T09:25:36.402Z,true
complaint-1187,user-5494,irrelevant_content,whatsapp,MKTX-005,User complaint: irrelevant content,2026-05-29T08:39:36.402Z,true
complaint-1188,user-1757,missing_critical_notification,email,RISK-004,User complaint: missing critical notification,2026-05-27T10:57:36.402Z,true
complaint-1189,user-6619,too_many_notifications,email,TXNX-002,User complaint: too many notifications,2026-06-07T09:14:36.402Z,false
complaint-1190,user-4400,too_many_notifications,whatsapp,TXNX-004,User complaint: too many notifications,2026-05-20T11:17:36.402Z,false
complaint-1191,user-8770,too_many_notifications,whatsapp,REGX-001,User complaint: too many notifications,2026-05-29T08:52:36.402Z,false
complaint-1192,user-375,wrong_channel,in_app,SIPX-001,User complaint: wrong channel,2026-06-04T10:18:36.402Z,true
complaint-1193,user-9295,missing_critical_notification,in_app,RISK-005,User complaint: missing critical notification,2026-06-06T13:43:36.402Z,true
complaint-1194,user-7671,too_many_notifications,email,TXNX-003,User complaint: too many notifications,2026-06-13T10:26:36.402Z,false
complaint-1195,user-8593,too_many_notifications,sms,SIPX-003,User complaint: too many notifications,2026-05-31T09:54:36.402Z,true
complaint-1196,user-6144,too_many_notifications,sms,RISK-002,User complaint: too many notifications,2026-05-29T13:42:36.402Z,true
complaint-1197,user-7690,wrong_channel,in_app,SIPX-001,User complaint: wrong channel,2026-05-19T09:49:36.402Z,true
complaint-1198,user-4066,too_many_notifications,push,REGX-003,User complaint: too many notifications,2026-06-07T13:36:36.402Z,true
complaint-1199,user-8692,irrelevant_content,sms,RISK-003,User complaint: irrelevant content,2026-06-07T09:11:36.402Z,true
complaint-1200,user-1225,wrong_time,whatsapp,TXNX-002,User complaint: wrong time,2026-06-06T08:31:36.402Z,false
complaint-1201,user-2274,missing_critical_notification,whatsapp,TXNX-005,User complaint: missing critical notification,2026-05-28T10:51:36.402Z,false
complaint-1202,user-210,too_many_notifications,in_app,TXNX-003,User complaint: too many notifications,2026-05-24T09:37:36.402Z,true
complaint-1203,user-1654,too_many_notifications,sms,MKTX-003,User complaint: too many notifications,2026-05-23T10:26:36.402Z,true
complaint-1204,user-7249,too_many_notifications,email,TXNX-002,User complaint: too many notifications,2026-06-12T12:25:36.402Z,false
complaint-1205,user-374,too_many_notifications,sms,TXNX-003,User complaint: too many notifications,2026-05-25T09:02:36.402Z,true
complaint-1206,user-5685,missing_critical_notification,whatsapp,MKTX-003,User complaint: missing critical notification,2026-05-29T12:47:36.402Z,false
complaint-1207,user-364,wrong_time,in_app,SIPX-003,User complaint: wrong time,2026-05-19T09:57:36.402Z,true
complaint-1208,user-621,wrong_time,in_app,TXNX-004,User complaint: wrong time,2026-06-01T08:57:36.402Z,true
complaint-1209,user-4743,too_many_notifications,whatsapp,TXNX-005,User complaint: too many notifications,2026-05-22T10:26:36.402Z,false
complaint-1210,user-3479,wrong_channel,push,MKTX-002,User complaint: wrong channel,2026-05-22T10:42:36.403Z,true
complaint-1211,user-2261,wrong_time,whatsapp,SIPX-001,User complaint: wrong time,2026-06-06T10:30:36.403Z,true
complaint-1212,user-3484,wrong_time,in_app,TXNX-002,User complaint: wrong time,2026-06-13T12:05:36.403Z,false
complaint-1213,user-2643,wrong_time,whatsapp,RISK-004,User complaint: wrong time,2026-06-11T12:06:36.403Z,true
complaint-1214,user-6852,missing_critical_notification,sms,MKTX-004,User complaint: missing critical notification,2026-05-27T10:26:36.403Z,true
complaint-1215,user-3959,missing_critical_notification,whatsapp,TXNX-002,User complaint: missing critical notification,2026-05-25T11:51:36.403Z,false
complaint-1216,user-9723,wrong_time,sms,REGX-003,User complaint: wrong time,2026-06-03T11:38:36.403Z,true
complaint-1217,user-5153,too_many_notifications,push,MKTX-003,User complaint: too many notifications,2026-06-13T12:57:36.403Z,false
complaint-1218,user-1002,wrong_channel,email,REGX-004,User complaint: wrong channel,2026-06-14T12:55:36.403Z,false
complaint-1219,user-9169,too_many_notifications,push,TXNX-001,User complaint: too many notifications,2026-06-02T08:49:36.403Z,true
complaint-1220,user-1766,irrelevant_content,in_app,RISK-002,User complaint: irrelevant content,2026-05-20T11:55:36.403Z,true
complaint-1221,user-4977,wrong_channel,sms,SIPX-003,User complaint: wrong channel,2026-05-19T09:50:36.403Z,true
complaint-1222,user-4606,irrelevant_content,in_app,MKTX-001,User complaint: irrelevant content,2026-06-02T12:39:36.403Z,false
complaint-1223,user-6332,too_many_notifications,sms,MKTX-003,User complaint: too many notifications,2026-06-16T10:56:36.403Z,true
complaint-1224,user-978,irrelevant_content,sms,REGX-004,User complaint: irrelevant content,2026-06-10T09:03:36.403Z,true
complaint-1225,user-232,too_many_notifications,whatsapp,TXNX-002,User complaint: too many notifications,2026-06-08T08:27:36.403Z,true
complaint-1226,user-9063,irrelevant_content,whatsapp,RISK-005,User complaint: irrelevant content,2026-05-23T09:12:36.403Z,true
complaint-1227,user-8497,too_many_notifications,push,TXNX-002,User complaint: too many notifications,2026-06-12T10:26:36.403Z,true
complaint-1228,user-5983,missing_critical_notification,push,TXNX-005,User complaint: missing critical notification,2026-05-24T10:26:36.403Z,false
complaint-1229,user-6382,irrelevant_content,email,TXNX-005,User complaint: irrelevant content,2026-06-11T10:26:36.403Z,true
complaint-1230,user-3256,wrong_time,whatsapp,TXNX-004,User complaint: wrong time,2026-05-27T09:33:36.403Z,false
complaint-1231,user-8131,too_many_notifications,sms,SIPX-003,User complaint: too many notifications,2026-06-12T10:43:36.403Z,false
complaint-1232,user-8840,wrong_time,in_app,SIPX-001,User complaint: wrong time,2026-06-02T12:57:36.403Z,false
complaint-1233,user-5935,too_many_notifications,in_app,TXNX-004,User complaint: too many notifications,2026-06-15T13:25:36.403Z,true
complaint-1234,user-6353,too_many_notifications,email,SIPX-002,User complaint: too many notifications,2026-06-04T08:08:36.403Z,false
complaint-1235,user-7349,irrelevant_content,in_app,SIPX-004,User complaint: irrelevant content,2026-06-05T10:26:36.403Z,true
complaint-1236,user-7385,wrong_time,push,TXNX-005,User complaint: wrong time,2026-06-14T13:02:36.403Z,true
complaint-1237,user-6453,too_many_notifications,email,SIPX-002,User complaint: too many notifications,2026-06-10T09:25:36.403Z,true
complaint-1238,user-2321,wrong_channel,email,SIPX-001,User complaint: wrong channel,2026-06-03T10:53:36.403Z,true
complaint-1239,user-1025,too_many_notifications,sms,SIPX-004,User complaint: too many notifications,2026-06-09T08:29:36.403Z,false
complaint-1240,user-4604,too_many_notifications,email,RISK-003,User complaint: too many notifications,2026-06-03T11:10:36.403Z,true
complaint-1241,user-13,irrelevant_content,whatsapp,RISK-003,User complaint: irrelevant content,2026-05-30T09:00:36.403Z,true
complaint-1242,user-5470,too_many_notifications,push,REGX-003,User complaint: too many notifications,2026-06-09T09:26:36.403Z,true
complaint-1243,user-844,irrelevant_content,in_app,TXNX-002,User complaint: irrelevant content,2026-05-30T10:26:36.403Z,false
complaint-1244,user-2862,too_many_notifications,whatsapp,TXNX-001,User complaint: too many notifications,2026-06-06T10:07:36.403Z,true
complaint-1245,user-5861,wrong_time,sms,TXNX-003,User complaint: wrong time,2026-06-05T09:29:36.403Z,true
complaint-1246,user-9448,too_many_notifications,sms,SIPX-003,User complaint: too many notifications,2026-05-23T12:41:36.403Z,true
complaint-1247,user-2626,too_many_notifications,sms,TXNX-001,User complaint: too many notifications,2026-06-04T13:10:36.403Z,true
complaint-1248,user-637,irrelevant_content,sms,TXNX-004,User complaint: irrelevant content,2026-05-30T09:32:36.403Z,false
complaint-1249,user-3199,wrong_time,in_app,REGX-005,User complaint: wrong time,2026-06-15T11:40:36.403Z,false
complaint-1250,user-2810,missing_critical_notification,email,TXNX-003,User complaint: missing critical notification,2026-05-29T10:26:36.403Z,false
complaint-1251,user-2195,irrelevant_content,sms,TXNX-002,User complaint: irrelevant content,2026-06-13T10:26:36.403Z,true
complaint-1252,user-7774,wrong_channel,whatsapp,REGX-005,User complaint: wrong channel,2026-05-20T11:03:36.403Z,true
complaint-1253,user-7998,irrelevant_content,sms,RISK-005,User complaint: irrelevant content,2026-05-20T09:44:36.403Z,true
complaint-1254,user-1976,wrong_time,sms,RISK-005,User complaint: wrong time,2026-06-04T10:25:36.403Z,true
complaint-1255,user-886,too_many_notifications,push,RISK-003,User complaint: too many notifications,2026-05-20T10:26:36.403Z,false
complaint-1256,user-2720,too_many_notifications,push,TXNX-001,User complaint: too many notifications,2026-06-16T13:36:36.403Z,false
complaint-1257,user-7925,wrong_time,email,MKTX-004,User complaint: wrong time,2026-06-11T09:14:36.403Z,false
complaint-1258,user-7264,irrelevant_content,push,TXNX-004,User complaint: irrelevant content,2026-06-16T08:34:36.403Z,false
complaint-1259,user-6176,wrong_time,email,SIPX-005,User complaint: wrong time,2026-06-12T10:26:36.403Z,false
complaint-1260,user-7856,too_many_notifications,email,REGX-005,User complaint: too many notifications,2026-06-01T10:14:36.403Z,false
complaint-1261,user-3578,wrong_time,sms,TXNX-001,User complaint: wrong time,2026-06-11T08:38:36.403Z,false
complaint-1262,user-2861,wrong_time,whatsapp,TXNX-002,User complaint: wrong time,2026-06-04T09:57:36.403Z,true
complaint-1263,user-2943,wrong_channel,email,TXNX-002,User complaint: wrong channel,2026-06-02T11:48:36.403Z,true
complaint-1264,user-7483,wrong_time,whatsapp,RISK-003,User complaint: wrong time,2026-06-16T10:22:36.403Z,false
complaint-1265,user-1861,irrelevant_content,push,TXNX-003,User complaint: irrelevant content,2026-05-25T12:58:36.403Z,true
complaint-1266,user-5205,irrelevant_content,push,TXNX-005,User complaint: irrelevant content,2026-06-12T12:40:36.403Z,true
complaint-1267,user-2864,wrong_channel,whatsapp,SIPX-001,User complaint: wrong channel,2026-06-13T08:13:36.403Z,true
complaint-1268,user-4351,wrong_time,push,RISK-001,User complaint: wrong time,2026-05-28T09:24:36.403Z,false
complaint-1269,user-1825,too_many_notifications,email,TXNX-004,User complaint: too many notifications,2026-05-25T10:26:36.403Z,true
complaint-1270,user-2836,too_many_notifications,sms,TXNX-005,User complaint: too many notifications,2026-06-15T09:17:36.403Z,false
complaint-1271,user-3440,too_many_notifications,sms,SIPX-003,User complaint: too many notifications,2026-06-02T08:03:36.403Z,false
complaint-1272,user-450,irrelevant_content,push,SIPX-002,User complaint: irrelevant content,2026-06-17T11:04:36.403Z,true
complaint-1273,user-5892,wrong_time,push,TXNX-002,User complaint: wrong time,2026-05-26T09:58:36.403Z,true
complaint-1274,user-9222,irrelevant_content,sms,MKTX-001,User complaint: irrelevant content,2026-06-17T11:10:36.403Z,false
complaint-1275,user-7303,wrong_time,sms,TXNX-002,User complaint: wrong time,2026-06-11T08:43:36.403Z,true
complaint-1276,user-4749,too_many_notifications,push,TXNX-003,User complaint: too many notifications,2026-06-03T08:35:36.403Z,true
complaint-1277,user-9142,too_many_notifications,push,REGX-005,User complaint: too many notifications,2026-06-05T10:26:36.403Z,true
complaint-1278,user-1966,irrelevant_content,email,MKTX-004,User complaint: irrelevant content,2026-06-03T10:02:36.403Z,true
complaint-1279,user-6497,too_many_notifications,push,TXNX-003,User complaint: too many notifications,2026-05-27T11:10:36.403Z,true
complaint-1280,user-5038,missing_critical_notification,in_app,TXNX-005,User complaint: missing critical notification,2026-06-01T10:26:36.403Z,false
complaint-1281,user-7972,missing_critical_notification,in_app,MKTX-001,User complaint: missing critical notification,2026-05-28T10:26:36.403Z,true
complaint-1282,user-4262,irrelevant_content,push,MKTX-002,User complaint: irrelevant content,2026-06-15T10:26:36.403Z,false
complaint-1283,user-7457,too_many_notifications,email,RISK-001,User complaint: too many notifications,2026-06-13T10:05:36.403Z,true
complaint-1284,user-8418,too_many_notifications,push,REGX-005,User complaint: too many notifications,2026-06-08T09:15:36.403Z,false
complaint-1285,user-1950,wrong_time,email,RISK-001,User complaint: wrong time,2026-06-06T09:54:36.403Z,true
complaint-1286,user-6165,too_many_notifications,email,SIPX-005,User complaint: too many notifications,2026-06-03T10:27:36.403Z,false
complaint-1287,user-5606,too_many_notifications,in_app,MKTX-003,User complaint: too many notifications,2026-06-08T10:57:36.403Z,false
complaint-1288,user-1279,wrong_time,whatsapp,RISK-001,User complaint: wrong time,2026-06-14T10:17:36.403Z,false
complaint-1289,user-3194,irrelevant_content,whatsapp,RISK-004,User complaint: irrelevant content,2026-05-27T10:26:36.403Z,true
complaint-1290,user-2716,too_many_notifications,whatsapp,RISK-001,User complaint: too many notifications,2026-05-27T09:08:36.403Z,true
complaint-1291,user-5111,irrelevant_content,sms,TXNX-003,User complaint: irrelevant content,2026-06-07T12:30:36.403Z,true
complaint-1292,user-7894,wrong_time,email,TXNX-004,User complaint: wrong time,2026-06-05T13:35:36.403Z,false
complaint-1293,user-1514,missing_critical_notification,email,TXNX-002,User complaint: missing critical notification,2026-06-17T11:24:36.403Z,false
complaint-1294,user-6090,wrong_channel,sms,RISK-001,User complaint: wrong channel,2026-06-08T13:19:36.403Z,false
complaint-1295,user-2754,irrelevant_content,in_app,TXNX-005,User complaint: irrelevant content,2026-06-06T09:57:36.403Z,true
complaint-1296,user-3580,wrong_time,email,MKTX-004,User complaint: wrong time,2026-06-14T10:42:36.403Z,true
complaint-1297,user-9391,too_many_notifications,push,TXNX-003,User complaint: too many notifications,2026-05-19T12:53:36.403Z,true
complaint-1298,user-7190,missing_critical_notification,sms,TXNX-005,User complaint: missing critical notification,2026-05-26T10:26:36.403Z,true
complaint-1299,user-6806,irrelevant_content,whatsapp,SIPX-004,User complaint: irrelevant content,2026-06-08T10:27:36.403Z,false
complaint-1300,user-149,missing_critical_notification,email,REGX-005,User complaint: missing critical notification,2026-06-04T12:29:36.403Z,true
complaint-1301,user-1095,wrong_time,push,TXNX-002,User complaint: wrong time,2026-06-01T11:43:36.403Z,false
complaint-1302,user-1163,too_many_notifications,in_app,REGX-004,User complaint: too many notifications,2026-05-26T12:55:36.403Z,true
complaint-1303,user-5517,too_many_notifications,sms,TXNX-002,User complaint: too many notifications,2026-06-12T10:44:36.403Z,false
complaint-1304,user-4196,too_many_notifications,email,TXNX-005,User complaint: too many notifications,2026-06-17T08:19:36.403Z,true
complaint-1305,user-8977,wrong_time,in_app,TXNX-003,User complaint: wrong time,2026-06-06T10:03:36.403Z,true
complaint-1306,user-4579,wrong_time,in_app,RISK-004,User complaint: wrong time,2026-05-20T09:11:36.403Z,true
complaint-1307,user-4275,missing_critical_notification,push,REGX-004,User complaint: missing critical notification,2026-06-14T10:26:36.403Z,false
complaint-1308,user-3601,irrelevant_content,in_app,MKTX-004,User complaint: irrelevant content,2026-05-19T09:15:36.403Z,true
complaint-1309,user-3402,wrong_time,push,MKTX-002,User complaint: wrong time,2026-06-09T12:08:36.403Z,true
complaint-1310,user-7329,too_many_notifications,in_app,TXNX-004,User complaint: too many notifications,2026-05-22T10:00:36.403Z,false
complaint-1311,user-5870,too_many_notifications,whatsapp,SIPX-003,User complaint: too many notifications,2026-06-04T11:53:36.403Z,true
complaint-1312,user-5212,irrelevant_content,email,TXNX-003,User complaint: irrelevant content,2026-05-23T11:15:36.403Z,false
complaint-1313,user-7672,wrong_time,email,RISK-002,User complaint: wrong time,2026-05-27T09:33:36.403Z,false
complaint-1314,user-4326,irrelevant_content,in_app,RISK-002,User complaint: irrelevant content,2026-05-30T10:26:36.403Z,true
complaint-1315,user-1260,too_many_notifications,whatsapp,SIPX-002,User complaint: too many notifications,2026-06-07T12:49:36.403Z,false
complaint-1316,user-7096,too_many_notifications,push,TXNX-005,User complaint: too many notifications,2026-06-17T10:42:36.403Z,true
complaint-1317,user-9998,wrong_time,push,TXNX-004,User complaint: wrong time,2026-06-16T12:01:36.403Z,false
complaint-1318,user-6460,wrong_channel,email,TXNX-001,User complaint: wrong channel,2026-05-25T10:26:36.403Z,false
complaint-1319,user-4390,wrong_channel,email,TXNX-001,User complaint: wrong channel,2026-05-22T09:51:36.403Z,true
complaint-1320,user-2170,too_many_notifications,push,RISK-005,User complaint: too many notifications,2026-05-19T12:06:36.403Z,true
complaint-1321,user-3173,irrelevant_content,push,MKTX-004,User complaint: irrelevant content,2026-06-03T08:31:36.403Z,true
complaint-1322,user-1663,irrelevant_content,in_app,RISK-005,User complaint: irrelevant content,2026-05-30T09:24:36.403Z,false
complaint-1323,user-4434,wrong_time,sms,TXNX-004,User complaint: wrong time,2026-06-02T08:07:36.403Z,true
complaint-1324,user-6647,missing_critical_notification,in_app,REGX-001,User complaint: missing critical notification,2026-05-20T13:06:36.403Z,false
complaint-1325,user-918,too_many_notifications,sms,MKTX-001,User complaint: too many notifications,2026-05-26T13:14:36.403Z,true
complaint-1326,user-9034,missing_critical_notification,whatsapp,RISK-005,User complaint: missing critical notification,2026-06-16T13:45:36.403Z,false
complaint-1327,user-4470,wrong_time,email,MKTX-003,User complaint: wrong time,2026-06-10T10:26:36.403Z,true
complaint-1328,user-576,too_many_notifications,email,REGX-002,User complaint: too many notifications,2026-06-10T11:24:36.403Z,false
complaint-1329,user-2816,irrelevant_content,in_app,RISK-005,User complaint: irrelevant content,2026-06-12T13:36:36.403Z,true
complaint-1330,user-1301,wrong_time,push,TXNX-001,User complaint: wrong time,2026-05-26T11:26:36.403Z,true
complaint-1331,user-841,wrong_time,sms,TXNX-002,User complaint: wrong time,2026-06-13T10:26:36.403Z,true
complaint-1332,user-564,irrelevant_content,in_app,RISK-002,User complaint: irrelevant content,2026-06-06T13:58:36.403Z,false
complaint-1333,user-3453,wrong_time,sms,REGX-004,User complaint: wrong time,2026-05-22T13:08:36.403Z,true
complaint-1334,user-8378,too_many_notifications,whatsapp,RISK-001,User complaint: too many notifications,2026-06-12T10:26:36.403Z,true
complaint-1335,user-2940,wrong_time,push,MKTX-003,User complaint: wrong time,2026-05-23T13:06:36.403Z,true
complaint-1336,user-4935,irrelevant_content,whatsapp,TXNX-001,User complaint: irrelevant content,2026-06-04T11:50:36.403Z,false
complaint-1337,user-6151,irrelevant_content,in_app,RISK-005,User complaint: irrelevant content,2026-06-06T13:24:36.403Z,false
complaint-1338,user-7306,wrong_time,email,TXNX-005,User complaint: wrong time,2026-06-03T09:37:36.403Z,true
complaint-1339,user-691,irrelevant_content,sms,RISK-003,User complaint: irrelevant content,2026-06-16T12:46:36.403Z,true
complaint-1340,user-2746,too_many_notifications,sms,RISK-003,User complaint: too many notifications,2026-06-06T11:57:36.403Z,false
complaint-1341,user-8088,wrong_channel,email,MKTX-001,User complaint: wrong channel,2026-06-13T11:28:36.403Z,true
complaint-1342,user-3833,too_many_notifications,whatsapp,TXNX-005,User complaint: too many notifications,2026-05-20T10:26:36.403Z,false
complaint-1343,user-1601,irrelevant_content,sms,RISK-001,User complaint: irrelevant content,2026-06-09T10:50:36.403Z,true
complaint-1344,user-5577,irrelevant_content,sms,MKTX-002,User complaint: irrelevant content,2026-06-06T12:10:36.403Z,true
complaint-1345,user-7878,irrelevant_content,push,MKTX-003,User complaint: irrelevant content,2026-06-08T10:26:36.403Z,true
complaint-1346,user-4017,too_many_notifications,email,SIPX-004,User complaint: too many notifications,2026-06-11T12:10:36.403Z,true
complaint-1347,user-6041,too_many_notifications,in_app,SIPX-003,User complaint: too many notifications,2026-06-10T10:26:36.403Z,true
complaint-1348,user-9299,irrelevant_content,email,RISK-001,User complaint: irrelevant content,2026-05-29T08:22:36.403Z,false
complaint-1349,user-4194,wrong_channel,in_app,MKTX-003,User complaint: wrong channel,2026-06-05T09:11:36.403Z,true
complaint-1350,user-2312,too_many_notifications,push,TXNX-003,User complaint: too many notifications,2026-06-06T12:58:36.403Z,true
complaint-1351,user-1911,too_many_notifications,in_app,TXNX-005,User complaint: too many notifications,2026-05-24T12:50:36.403Z,false
complaint-1352,user-1853,irrelevant_content,in_app,TXNX-004,User complaint: irrelevant content,2026-05-31T08:53:36.403Z,false
complaint-1353,user-737,too_many_notifications,sms,RISK-004,User complaint: too many notifications,2026-05-24T08:10:36.403Z,false
complaint-1354,user-1169,too_many_notifications,whatsapp,REGX-001,User complaint: too many notifications,2026-06-05T08:07:36.403Z,true
complaint-1355,user-6520,irrelevant_content,whatsapp,TXNX-004,User complaint: irrelevant content,2026-06-07T10:26:36.403Z,true
complaint-1356,user-7569,irrelevant_content,push,REGX-003,User complaint: irrelevant content,2026-06-15T10:22:36.403Z,true
complaint-1357,user-5482,too_many_notifications,email,TXNX-005,User complaint: too many notifications,2026-05-25T11:58:36.403Z,true
complaint-1358,user-2016,wrong_channel,in_app,RISK-004,User complaint: wrong channel,2026-05-24T10:26:36.403Z,false
complaint-1359,user-1328,wrong_channel,push,TXNX-001,User complaint: wrong channel,2026-05-19T10:26:36.403Z,true
complaint-1360,user-8133,wrong_time,push,TXNX-003,User complaint: wrong time,2026-06-17T09:10:36.403Z,true
complaint-1361,user-8434,too_many_notifications,whatsapp,SIPX-003,User complaint: too many notifications,2026-05-27T10:05:36.403Z,true
complaint-1362,user-5875,irrelevant_content,email,TXNX-005,User complaint: irrelevant content,2026-05-31T11:21:36.403Z,true
complaint-1363,user-8906,irrelevant_content,email,RISK-005,User complaint: irrelevant content,2026-05-23T10:26:36.403Z,false
complaint-1364,user-1508,too_many_notifications,push,REGX-005,User complaint: too many notifications,2026-06-04T10:26:36.403Z,true
complaint-1365,user-5279,too_many_notifications,push,TXNX-003,User complaint: too many notifications,2026-06-14T10:26:36.403Z,true
complaint-1366,user-4165,wrong_time,push,MKTX-004,User complaint: wrong time,2026-06-02T08:14:36.403Z,false
complaint-1367,user-2870,irrelevant_content,whatsapp,RISK-004,User complaint: irrelevant content,2026-05-26T10:26:36.403Z,true
complaint-1368,user-5730,too_many_notifications,email,TXNX-005,User complaint: too many notifications,2026-05-27T11:18:36.403Z,false
complaint-1369,user-7448,wrong_channel,push,REGX-003,User complaint: wrong channel,2026-06-09T13:54:36.403Z,false
complaint-1370,user-1312,too_many_notifications,email,TXNX-004,User complaint: too many notifications,2026-05-29T09:13:36.403Z,true
complaint-1371,user-5049,too_many_notifications,sms,TXNX-002,User complaint: too many notifications,2026-06-05T11:00:36.403Z,false
complaint-1372,user-7152,wrong_time,whatsapp,SIPX-005,User complaint: wrong time,2026-06-04T08:29:36.403Z,true
complaint-1373,user-3401,too_many_notifications,sms,REGX-005,User complaint: too many notifications,2026-05-21T13:00:36.403Z,false
complaint-1374,user-2322,missing_critical_notification,whatsapp,TXNX-003,User complaint: missing critical notification,2026-06-10T10:26:36.403Z,true
complaint-1375,user-6834,missing_critical_notification,in_app,REGX-004,User complaint: missing critical notification,2026-06-11T12:14:36.403Z,false
complaint-1376,user-4855,irrelevant_content,whatsapp,MKTX-005,User complaint: irrelevant content,2026-06-13T11:09:36.403Z,false
complaint-1377,user-6381,wrong_time,email,RISK-004,User complaint: wrong time,2026-05-27T10:57:36.403Z,false
complaint-1378,user-6991,too_many_notifications,sms,MKTX-005,User complaint: too many notifications,2026-06-09T11:18:36.403Z,true
complaint-1379,user-5770,too_many_notifications,sms,TXNX-002,User complaint: too many notifications,2026-05-26T13:29:36.403Z,false
complaint-1380,user-4563,irrelevant_content,in_app,SIPX-004,User complaint: irrelevant content,2026-06-17T12:01:36.403Z,false
complaint-1381,user-9768,missing_critical_notification,in_app,TXNX-001,User complaint: missing critical notification,2026-05-21T10:26:36.403Z,true
complaint-1382,user-4233,wrong_time,sms,TXNX-001,User complaint: wrong time,2026-05-28T09:27:36.403Z,false
complaint-1383,user-713,missing_critical_notification,push,RISK-002,User complaint: missing critical notification,2026-06-16T13:13:36.403Z,false
complaint-1384,user-4877,too_many_notifications,sms,RISK-001,User complaint: too many notifications,2026-06-12T12:19:36.403Z,false
complaint-1385,user-8166,wrong_channel,sms,RISK-004,User complaint: wrong channel,2026-06-01T12:37:36.403Z,true
complaint-1386,user-5703,too_many_notifications,email,TXNX-001,User complaint: too many notifications,2026-06-03T12:44:36.403Z,true
complaint-1387,user-9807,wrong_channel,sms,MKTX-005,User complaint: wrong channel,2026-06-04T11:58:36.403Z,false
complaint-1388,user-4605,wrong_channel,sms,MKTX-002,User complaint: wrong channel,2026-06-17T09:44:36.403Z,true
complaint-1389,user-2808,wrong_channel,sms,SIPX-003,User complaint: wrong channel,2026-05-22T12:36:36.403Z,true
complaint-1390,user-1609,wrong_time,sms,REGX-005,User complaint: wrong time,2026-06-05T13:56:36.403Z,false
complaint-1391,user-8801,wrong_time,whatsapp,SIPX-004,User complaint: wrong time,2026-06-10T10:26:36.403Z,true
complaint-1392,user-2119,irrelevant_content,email,TXNX-004,User complaint: irrelevant content,2026-06-01T13:44:36.403Z,true
complaint-1393,user-7057,irrelevant_content,in_app,TXNX-005,User complaint: irrelevant content,2026-06-05T10:50:36.403Z,true
complaint-1394,user-9598,irrelevant_content,sms,TXNX-003,User complaint: irrelevant content,2026-06-15T13:02:36.403Z,false
complaint-1395,user-198,irrelevant_content,whatsapp,TXNX-005,User complaint: irrelevant content,2026-06-09T11:20:36.403Z,false
complaint-1396,user-2057,too_many_notifications,sms,REGX-001,User complaint: too many notifications,2026-06-16T09:53:36.403Z,false
complaint-1397,user-281,wrong_time,email,TXNX-002,User complaint: wrong time,2026-06-11T13:49:36.403Z,true
complaint-1398,user-2110,wrong_channel,email,SIPX-003,User complaint: wrong channel,2026-06-03T11:25:36.403Z,true
complaint-1399,user-5628,wrong_time,push,TXNX-005,User complaint: wrong time,2026-06-04T08:43:36.403Z,true
complaint-1400,user-4775,too_many_notifications,sms,TXNX-003,User complaint: too many notifications,2026-05-26T12:46:36.403Z,true
complaint-1401,user-8006,missing_critical_notification,in_app,RISK-002,User complaint: missing critical notification,2026-06-02T08:34:36.403Z,true
complaint-1402,user-9396,wrong_time,push,MKTX-002,User complaint: wrong time,2026-06-10T08:58:36.403Z,false
complaint-1403,user-113,too_many_notifications,sms,RISK-003,User complaint: too many notifications,2026-05-26T13:15:36.403Z,true
complaint-1404,user-2960,too_many_notifications,push,TXNX-001,User complaint: too many notifications,2026-05-28T09:50:36.403Z,true
complaint-1405,user-1134,wrong_time,whatsapp,TXNX-001,User complaint: wrong time,2026-06-04T13:34:36.403Z,true
complaint-1406,user-6954,wrong_time,email,REGX-002,User complaint: wrong time,2026-05-24T12:47:36.403Z,false
complaint-1407,user-6498,irrelevant_content,whatsapp,TXNX-002,User complaint: irrelevant content,2026-06-16T10:26:36.403Z,false
complaint-1408,user-6055,too_many_notifications,sms,TXNX-004,User complaint: too many notifications,2026-05-20T08:07:36.403Z,false
complaint-1409,user-6861,missing_critical_notification,email,TXNX-004,User complaint: missing critical notification,2026-05-30T10:26:36.403Z,false
complaint-1410,user-1853,too_many_notifications,email,TXNX-003,User complaint: too many notifications,2026-06-05T10:26:36.403Z,true
complaint-1411,user-6360,wrong_channel,email,TXNX-001,User complaint: wrong channel,2026-05-19T11:11:36.403Z,false
complaint-1412,user-3698,irrelevant_content,email,REGX-004,User complaint: irrelevant content,2026-06-11T11:59:36.403Z,true
complaint-1413,user-9210,missing_critical_notification,email,TXNX-003,User complaint: missing critical notification,2026-06-12T08:38:36.403Z,false
complaint-1414,user-6097,too_many_notifications,email,TXNX-003,User complaint: too many notifications,2026-05-28T08:12:36.403Z,false
complaint-1415,user-5863,irrelevant_content,sms,MKTX-002,User complaint: irrelevant content,2026-05-24T12:05:36.403Z,false
complaint-1416,user-8833,irrelevant_content,whatsapp,TXNX-002,User complaint: irrelevant content,2026-05-27T10:44:36.403Z,false
complaint-1417,user-429,irrelevant_content,in_app,MKTX-001,User complaint: irrelevant content,2026-05-22T08:58:36.403Z,true
complaint-1418,user-6267,too_many_notifications,push,TXNX-004,User complaint: too many notifications,2026-05-27T10:26:36.403Z,false
complaint-1419,user-3977,too_many_notifications,whatsapp,MKTX-002,User complaint: too many notifications,2026-06-07T09:20:36.403Z,true
complaint-1420,user-3627,irrelevant_content,email,RISK-005,User complaint: irrelevant content,2026-06-10T12:51:36.403Z,false
complaint-1421,user-4786,missing_critical_notification,whatsapp,SIPX-002,User complaint: missing critical notification,2026-06-02T11:02:36.403Z,false
complaint-1422,user-8823,too_many_notifications,email,REGX-001,User complaint: too many notifications,2026-06-06T12:39:36.403Z,true
complaint-1423,user-2062,irrelevant_content,push,TXNX-003,User complaint: irrelevant content,2026-05-22T10:26:36.403Z,true
complaint-1424,user-1953,wrong_time,push,MKTX-002,User complaint: wrong time,2026-05-30T08:23:36.403Z,true
complaint-1425,user-954,wrong_time,push,MKTX-003,User complaint: wrong time,2026-06-14T12:54:36.403Z,false
complaint-1426,user-431,too_many_notifications,email,TXNX-001,User complaint: too many notifications,2026-06-12T13:44:36.403Z,true
complaint-1427,user-9626,wrong_channel,push,SIPX-004,User complaint: wrong channel,2026-06-13T10:37:36.403Z,false
complaint-1428,user-9695,too_many_notifications,whatsapp,REGX-004,User complaint: too many notifications,2026-06-15T12:07:36.403Z,true
complaint-1429,user-530,too_many_notifications,whatsapp,RISK-002,User complaint: too many notifications,2026-06-09T13:39:36.403Z,true
complaint-1430,user-4282,wrong_time,in_app,TXNX-001,User complaint: wrong time,2026-05-19T10:26:36.403Z,false
complaint-1431,user-7990,irrelevant_content,whatsapp,MKTX-002,User complaint: irrelevant content,2026-05-26T11:39:36.403Z,false
complaint-1432,user-8697,too_many_notifications,in_app,TXNX-005,User complaint: too many notifications,2026-05-28T13:20:36.403Z,true
complaint-1433,user-5750,irrelevant_content,sms,TXNX-004,User complaint: irrelevant content,2026-06-10T10:45:36.403Z,false
complaint-1434,user-8590,wrong_time,sms,SIPX-003,User complaint: wrong time,2026-06-16T08:01:36.403Z,false
complaint-1435,user-4608,irrelevant_content,email,MKTX-001,User complaint: irrelevant content,2026-05-24T11:22:36.403Z,true
complaint-1436,user-8500,too_many_notifications,sms,MKTX-003,User complaint: too many notifications,2026-06-08T09:34:36.403Z,true
complaint-1437,user-5925,too_many_notifications,in_app,TXNX-003,User complaint: too many notifications,2026-06-03T10:31:36.403Z,false
complaint-1438,user-7180,wrong_time,push,RISK-002,User complaint: wrong time,2026-06-13T11:48:36.403Z,true
complaint-1439,user-2013,too_many_notifications,email,TXNX-002,User complaint: too many notifications,2026-05-23T13:37:36.403Z,false
complaint-1440,user-4373,too_many_notifications,push,TXNX-002,User complaint: too many notifications,2026-06-04T12:33:36.403Z,false
complaint-1441,user-6914,too_many_notifications,in_app,SIPX-002,User complaint: too many notifications,2026-06-12T08:54:36.403Z,true
complaint-1442,user-6653,irrelevant_content,whatsapp,SIPX-003,User complaint: irrelevant content,2026-06-15T13:38:36.403Z,true
complaint-1443,user-1723,irrelevant_content,push,TXNX-003,User complaint: irrelevant content,2026-06-04T08:04:36.403Z,false
complaint-1444,user-5720,wrong_time,whatsapp,SIPX-004,User complaint: wrong time,2026-06-05T12:47:36.403Z,false
complaint-1445,user-6777,irrelevant_content,in_app,SIPX-001,User complaint: irrelevant content,2026-05-23T09:21:36.403Z,true
complaint-1446,user-5202,wrong_channel,email,MKTX-001,User complaint: wrong channel,2026-06-02T12:16:36.403Z,false
complaint-1447,user-8856,wrong_time,in_app,MKTX-003,User complaint: wrong time,2026-05-24T10:26:36.403Z,true
complaint-1448,user-9743,missing_critical_notification,sms,RISK-001,User complaint: missing critical notification,2026-05-26T10:57:36.403Z,true
complaint-1449,user-8893,missing_critical_notification,push,MKTX-003,User complaint: missing critical notification,2026-06-10T09:00:36.403Z,true
complaint-1450,user-8633,too_many_notifications,sms,TXNX-004,User complaint: too many notifications,2026-06-10T13:34:36.403Z,true
complaint-1451,user-9937,too_many_notifications,sms,TXNX-005,User complaint: too many notifications,2026-05-23T12:37:36.403Z,false
complaint-1452,user-1546,wrong_time,in_app,MKTX-005,User complaint: wrong time,2026-06-10T09:26:36.403Z,false
complaint-1453,user-2933,missing_critical_notification,email,SIPX-003,User complaint: missing critical notification,2026-06-17T10:26:36.403Z,true
complaint-1454,user-8357,wrong_channel,push,SIPX-002,User complaint: wrong channel,2026-06-02T10:26:36.403Z,false
complaint-1455,user-9324,missing_critical_notification,sms,TXNX-004,User complaint: missing critical notification,2026-06-03T09:20:36.403Z,true
complaint-1456,user-7299,too_many_notifications,sms,SIPX-003,User complaint: too many notifications,2026-06-17T11:29:36.403Z,true
complaint-1457,user-4413,too_many_notifications,email,TXNX-002,User complaint: too many notifications,2026-06-11T09:56:36.403Z,true
complaint-1458,user-9141,too_many_notifications,push,MKTX-005,User complaint: too many notifications,2026-06-05T10:22:36.403Z,true
complaint-1459,user-9056,irrelevant_content,in_app,TXNX-002,User complaint: irrelevant content,2026-05-21T13:28:36.403Z,true
complaint-1460,user-1176,wrong_time,email,TXNX-003,User complaint: wrong time,2026-06-03T10:26:36.403Z,true
complaint-1461,user-5186,too_many_notifications,push,TXNX-004,User complaint: too many notifications,2026-06-13T08:30:36.403Z,true
complaint-1462,user-9185,too_many_notifications,sms,RISK-004,User complaint: too many notifications,2026-05-21T11:47:36.403Z,true
complaint-1463,user-4509,wrong_time,push,MKTX-004,User complaint: wrong time,2026-06-05T08:40:36.403Z,true
complaint-1464,user-6298,wrong_time,whatsapp,RISK-001,User complaint: wrong time,2026-06-11T13:53:36.403Z,true
complaint-1465,user-2970,irrelevant_content,in_app,TXNX-001,User complaint: irrelevant content,2026-05-25T12:56:36.403Z,true
complaint-1466,user-1080,irrelevant_content,email,TXNX-001,User complaint: irrelevant content,2026-06-04T10:26:36.403Z,true
complaint-1467,user-6861,wrong_channel,in_app,TXNX-005,User complaint: wrong channel,2026-06-08T08:58:36.403Z,true
complaint-1468,user-9606,irrelevant_content,push,TXNX-004,User complaint: irrelevant content,2026-06-17T10:26:36.403Z,true
complaint-1469,user-6124,irrelevant_content,whatsapp,SIPX-005,User complaint: irrelevant content,2026-05-31T10:04:36.403Z,true
complaint-1470,user-7134,missing_critical_notification,push,TXNX-005,User complaint: missing critical notification,2026-06-11T12:45:36.403Z,false
complaint-1471,user-4680,wrong_time,in_app,TXNX-004,User complaint: wrong time,2026-05-31T10:26:36.403Z,true
complaint-1472,user-4248,missing_critical_notification,sms,TXNX-004,User complaint: missing critical notification,2026-06-08T11:34:36.403Z,true
complaint-1473,user-8359,irrelevant_content,sms,SIPX-003,User complaint: irrelevant content,2026-06-04T12:14:36.403Z,false
complaint-1474,user-702,wrong_time,push,TXNX-003,User complaint: wrong time,2026-06-05T13:44:36.403Z,false
complaint-1475,user-8690,too_many_notifications,push,RISK-004,User complaint: too many notifications,2026-06-11T10:19:36.403Z,false
complaint-1476,user-1091,wrong_time,email,TXNX-005,User complaint: wrong time,2026-06-07T12:31:36.403Z,false
complaint-1477,user-9861,irrelevant_content,in_app,TXNX-001,User complaint: irrelevant content,2026-05-25T12:17:36.403Z,true
complaint-1478,user-899,too_many_notifications,email,TXNX-005,User complaint: too many notifications,2026-06-05T10:26:36.403Z,true
complaint-1479,user-2188,too_many_notifications,whatsapp,TXNX-001,User complaint: too many notifications,2026-05-22T11:03:36.403Z,true
complaint-1480,user-1196,irrelevant_content,email,SIPX-002,User complaint: irrelevant content,2026-05-25T10:16:36.403Z,true
complaint-1481,user-3614,irrelevant_content,push,RISK-003,User complaint: irrelevant content,2026-06-01T12:11:36.403Z,true
complaint-1482,user-1424,wrong_time,email,SIPX-002,User complaint: wrong time,2026-05-19T13:14:36.403Z,true
complaint-1483,user-9062,too_many_notifications,email,SIPX-001,User complaint: too many notifications,2026-05-29T12:44:36.403Z,false
complaint-1484,user-2577,too_many_notifications,push,RISK-001,User complaint: too many notifications,2026-06-11T08:00:36.403Z,true
complaint-1485,user-5623,wrong_channel,sms,SIPX-002,User complaint: wrong channel,2026-06-04T13:32:36.403Z,false
complaint-1486,user-77,wrong_time,sms,REGX-005,User complaint: wrong time,2026-05-20T12:29:36.403Z,true
complaint-1487,user-4923,too_many_notifications,sms,SIPX-002,User complaint: too many notifications,2026-05-30T11:55:36.403Z,true
complaint-1488,user-6373,too_many_notifications,push,TXNX-002,User complaint: too many notifications,2026-05-24T10:26:36.403Z,true
complaint-1489,user-8574,too_many_notifications,in_app,TXNX-005,User complaint: too many notifications,2026-05-30T10:26:36.403Z,false
complaint-1490,user-3434,wrong_channel,whatsapp,TXNX-003,User complaint: wrong channel,2026-05-27T12:34:36.403Z,true
complaint-1491,user-9208,missing_critical_notification,in_app,RISK-001,User complaint: missing critical notification,2026-06-05T13:28:36.403Z,true
complaint-1492,user-6028,wrong_time,email,TXNX-002,User complaint: wrong time,2026-06-08T08:51:36.403Z,false
complaint-1493,user-1782,too_many_notifications,whatsapp,RISK-001,User complaint: too many notifications,2026-06-08T10:26:36.403Z,true
complaint-1494,user-8402,wrong_time,in_app,RISK-001,User complaint: wrong time,2026-05-30T10:26:36.403Z,false
complaint-1495,user-9868,irrelevant_content,in_app,TXNX-003,User complaint: irrelevant content,2026-05-26T12:29:36.403Z,true
complaint-1496,user-6371,missing_critical_notification,whatsapp,TXNX-004,User complaint: missing critical notification,2026-06-08T12:41:36.403Z,true
complaint-1497,user-2438,wrong_channel,in_app,TXNX-005,User complaint: wrong channel,2026-05-23T09:04:36.403Z,false
complaint-1498,user-8102,wrong_time,whatsapp,TXNX-002,User complaint: wrong time,2026-06-08T08:11:36.403Z,true
complaint-1499,user-6326,too_many_notifications,sms,TXNX-005,User complaint: too many notifications,2026-06-13T13:00:36.403Z,true
complaint-1500,user-7931,wrong_time,email,SIPX-004,User complaint: wrong time,2026-06-02T13:56:36.403Z,false
complaint-1501,user-337,wrong_time,email,SIPX-003,User complaint: wrong time,2026-05-29T10:26:36.403Z,true
complaint-1502,user-7807,too_many_notifications,email,SIPX-002,User complaint: too many notifications,2026-05-31T09:38:36.403Z,false
complaint-1503,user-8305,too_many_notifications,whatsapp,MKTX-003,User complaint: too many notifications,2026-06-03T13:18:36.403Z,true
complaint-1504,user-1562,irrelevant_content,email,RISK-001,User complaint: irrelevant content,2026-06-12T10:26:36.403Z,false
complaint-1505,user-8733,wrong_time,email,RISK-004,User complaint: wrong time,2026-06-09T10:26:36.403Z,true
complaint-1506,user-5607,irrelevant_content,in_app,REGX-001,User complaint: irrelevant content,2026-05-25T09:21:36.403Z,true
complaint-1507,user-5401,wrong_channel,push,MKTX-002,User complaint: wrong channel,2026-05-19T10:26:36.403Z,false
complaint-1508,user-5205,wrong_time,push,SIPX-005,User complaint: wrong time,2026-06-03T12:51:36.403Z,true
complaint-1509,user-6919,wrong_time,push,MKTX-004,User complaint: wrong time,2026-06-11T10:26:36.403Z,true
complaint-1510,user-7902,wrong_time,sms,MKTX-001,User complaint: wrong time,2026-05-24T09:46:36.403Z,false
complaint-1511,user-6351,too_many_notifications,sms,REGX-004,User complaint: too many notifications,2026-06-17T12:14:36.403Z,false
complaint-1512,user-7760,wrong_time,sms,SIPX-004,User complaint: wrong time,2026-05-27T12:29:36.403Z,false
complaint-1513,user-6820,wrong_time,email,MKTX-001,User complaint: wrong time,2026-06-13T08:55:36.403Z,true
complaint-1514,user-7343,wrong_time,sms,TXNX-002,User complaint: wrong time,2026-05-20T08:07:36.403Z,false
complaint-1515,user-6500,too_many_notifications,sms,TXNX-001,User complaint: too many notifications,2026-06-03T12:37:36.403Z,false
complaint-1516,user-3406,missing_critical_notification,whatsapp,TXNX-005,User complaint: missing critical notification,2026-05-24T09:54:36.403Z,false
complaint-1517,user-5033,irrelevant_content,whatsapp,MKTX-001,User complaint: irrelevant content,2026-06-05T11:45:36.403Z,false
complaint-1518,user-3802,wrong_channel,whatsapp,SIPX-005,User complaint: wrong channel,2026-05-23T08:55:36.403Z,true
complaint-1519,user-8507,irrelevant_content,whatsapp,TXNX-002,User complaint: irrelevant content,2026-06-15T08:12:36.403Z,true
complaint-1520,user-8767,missing_critical_notification,push,TXNX-005,User complaint: missing critical notification,2026-05-30T10:26:36.403Z,true
complaint-1521,user-1502,wrong_time,push,SIPX-005,User complaint: wrong time,2026-05-24T08:54:36.403Z,true
complaint-1522,user-1992,wrong_time,in_app,TXNX-001,User complaint: wrong time,2026-05-27T10:57:36.403Z,true
complaint-1523,user-4396,too_many_notifications,email,TXNX-001,User complaint: too many notifications,2026-06-09T08:55:36.403Z,false
complaint-1524,user-1903,wrong_time,in_app,MKTX-001,User complaint: wrong time,2026-06-12T10:16:36.403Z,true
complaint-1525,user-5459,too_many_notifications,whatsapp,TXNX-004,User complaint: too many notifications,2026-06-17T12:28:36.403Z,false
complaint-1526,user-8744,wrong_channel,sms,REGX-001,User complaint: wrong channel,2026-06-16T09:04:36.403Z,true
complaint-1527,user-3253,wrong_time,in_app,TXNX-005,User complaint: wrong time,2026-06-16T13:35:36.403Z,true
complaint-1528,user-7393,irrelevant_content,sms,RISK-001,User complaint: irrelevant content,2026-06-10T12:27:36.403Z,true
complaint-1529,user-1242,irrelevant_content,push,SIPX-003,User complaint: irrelevant content,2026-05-20T11:12:36.403Z,true
complaint-1530,user-9289,irrelevant_content,push,SIPX-003,User complaint: irrelevant content,2026-05-28T08:00:36.403Z,true
complaint-1531,user-2525,too_many_notifications,push,TXNX-002,User complaint: too many notifications,2026-06-07T10:53:36.403Z,false
complaint-1532,user-3674,wrong_time,sms,TXNX-001,User complaint: wrong time,2026-05-27T10:58:36.403Z,false
complaint-1533,user-5584,irrelevant_content,in_app,RISK-004,User complaint: irrelevant content,2026-05-19T12:16:36.403Z,true
complaint-1534,user-1135,too_many_notifications,email,TXNX-003,User complaint: too many notifications,2026-06-13T10:26:36.403Z,true
complaint-1535,user-6216,wrong_time,whatsapp,TXNX-003,User complaint: wrong time,2026-05-29T11:25:36.403Z,true
complaint-1536,user-9539,too_many_notifications,sms,SIPX-003,User complaint: too many notifications,2026-05-29T10:26:36.403Z,false
complaint-1537,user-4035,too_many_notifications,email,REGX-001,User complaint: too many notifications,2026-06-16T11:04:36.403Z,true
complaint-1538,user-7033,missing_critical_notification,sms,SIPX-004,User complaint: missing critical notification,2026-05-28T09:25:36.403Z,true
complaint-1539,user-9855,too_many_notifications,email,TXNX-004,User complaint: too many notifications,2026-05-26T10:32:36.403Z,true
complaint-1540,user-8223,too_many_notifications,push,MKTX-005,User complaint: too many notifications,2026-06-07T11:20:36.403Z,false
complaint-1541,user-5042,too_many_notifications,whatsapp,TXNX-005,User complaint: too many notifications,2026-06-14T09:25:36.403Z,true
complaint-1542,user-505,too_many_notifications,email,RISK-002,User complaint: too many notifications,2026-06-11T11:17:36.403Z,false
complaint-1543,user-8292,irrelevant_content,whatsapp,MKTX-003,User complaint: irrelevant content,2026-05-26T10:26:36.403Z,true
complaint-1544,user-2990,irrelevant_content,in_app,SIPX-002,User complaint: irrelevant content,2026-05-21T10:26:36.403Z,true
complaint-1545,user-9279,irrelevant_content,push,RISK-001,User complaint: irrelevant content,2026-05-30T10:26:36.403Z,true
complaint-1546,user-2980,irrelevant_content,email,TXNX-002,User complaint: irrelevant content,2026-05-31T11:48:36.403Z,true
complaint-1547,user-1738,wrong_channel,in_app,RISK-005,User complaint: wrong channel,2026-06-11T10:26:36.403Z,true
complaint-1548,user-4547,missing_critical_notification,whatsapp,TXNX-004,User complaint: missing critical notification,2026-05-27T09:30:36.403Z,false
complaint-1549,user-7671,irrelevant_content,push,TXNX-003,User complaint: irrelevant content,2026-06-01T09:02:36.403Z,true
complaint-1550,user-8904,irrelevant_content,sms,SIPX-002,User complaint: irrelevant content,2026-05-29T08:44:36.403Z,false
complaint-1551,user-7129,too_many_notifications,sms,RISK-003,User complaint: too many notifications,2026-06-08T09:47:36.403Z,false
complaint-1552,user-1325,wrong_channel,email,TXNX-003,User complaint: wrong channel,2026-06-06T11:01:36.403Z,false
complaint-1553,user-8800,irrelevant_content,email,MKTX-002,User complaint: irrelevant content,2026-05-26T12:33:36.403Z,true
complaint-1554,user-2605,irrelevant_content,push,REGX-002,User complaint: irrelevant content,2026-06-02T11:04:36.403Z,true
complaint-1555,user-1451,too_many_notifications,sms,TXNX-001,User complaint: too many notifications,2026-05-30T09:12:36.403Z,false
complaint-1556,user-5725,too_many_notifications,email,SIPX-001,User complaint: too many notifications,2026-06-01T11:41:36.403Z,true
complaint-1557,user-1994,too_many_notifications,whatsapp,MKTX-002,User complaint: too many notifications,2026-06-06T12:22:36.403Z,true
complaint-1558,user-2436,irrelevant_content,sms,MKTX-004,User complaint: irrelevant content,2026-06-11T11:29:36.403Z,true
complaint-1559,user-162,wrong_time,email,TXNX-002,User complaint: wrong time,2026-06-17T10:09:36.403Z,true
complaint-1560,user-3256,wrong_time,sms,REGX-004,User complaint: wrong time,2026-05-20T08:57:36.403Z,true
complaint-1561,user-3755,too_many_notifications,email,RISK-002,User complaint: too many notifications,2026-06-17T10:26:36.403Z,false
complaint-1562,user-4036,wrong_time,push,TXNX-003,User complaint: wrong time,2026-06-14T08:00:36.403Z,true
complaint-1563,user-5046,too_many_notifications,whatsapp,MKTX-003,User complaint: too many notifications,2026-06-10T10:42:36.403Z,true
complaint-1564,user-7283,too_many_notifications,sms,TXNX-004,User complaint: too many notifications,2026-06-07T11:01:36.403Z,false
complaint-1565,user-1866,too_many_notifications,whatsapp,RISK-002,User complaint: too many notifications,2026-05-24T12:51:36.403Z,true
complaint-1566,user-9856,wrong_time,sms,SIPX-001,User complaint: wrong time,2026-05-30T13:45:36.403Z,true
complaint-1567,user-2236,too_many_notifications,in_app,MKTX-002,User complaint: too many notifications,2026-05-27T10:26:36.403Z,false
complaint-1568,user-5666,irrelevant_content,email,RISK-004,User complaint: irrelevant content,2026-06-04T13:31:36.403Z,true
complaint-1569,user-6463,too_many_notifications,whatsapp,TXNX-005,User complaint: too many notifications,2026-05-19T09:27:36.403Z,false
complaint-1570,user-1248,wrong_time,in_app,RISK-005,User complaint: wrong time,2026-05-23T09:09:36.403Z,false
complaint-1571,user-6589,irrelevant_content,push,MKTX-001,User complaint: irrelevant content,2026-05-19T10:26:36.403Z,true
complaint-1572,user-7533,too_many_notifications,sms,RISK-002,User complaint: too many notifications,2026-05-26T10:57:36.403Z,false
complaint-1573,user-2699,irrelevant_content,sms,TXNX-004,User complaint: irrelevant content,2026-06-05T08:40:36.403Z,false
complaint-1574,user-8163,too_many_notifications,in_app,RISK-003,User complaint: too many notifications,2026-05-26T09:37:36.403Z,false
complaint-1575,user-1929,too_many_notifications,whatsapp,RISK-001,User complaint: too many notifications,2026-06-14T09:55:36.403Z,false
complaint-1576,user-9800,wrong_time,whatsapp,RISK-004,User complaint: wrong time,2026-06-12T12:18:36.403Z,true
complaint-1577,user-9391,irrelevant_content,push,TXNX-005,User complaint: irrelevant content,2026-06-16T10:26:36.403Z,true
complaint-1578,user-8807,too_many_notifications,in_app,RISK-005,User complaint: too many notifications,2026-06-01T10:26:36.403Z,true
complaint-1579,user-9821,wrong_time,push,REGX-005,User complaint: wrong time,2026-06-03T12:19:36.403Z,false
complaint-1580,user-7480,missing_critical_notification,email,TXNX-005,User complaint: missing critical notification,2026-06-12T11:07:36.403Z,true
complaint-1581,user-2479,irrelevant_content,in_app,TXNX-004,User complaint: irrelevant content,2026-06-15T10:26:36.403Z,true
complaint-1582,user-6770,irrelevant_content,in_app,MKTX-004,User complaint: irrelevant content,2026-06-02T10:26:36.403Z,true
complaint-1583,user-4223,too_many_notifications,sms,TXNX-002,User complaint: too many notifications,2026-05-24T13:57:36.403Z,false
complaint-1584,user-3631,too_many_notifications,in_app,RISK-003,User complaint: too many notifications,2026-06-11T11:41:36.403Z,false
complaint-1585,user-9635,irrelevant_content,email,MKTX-004,User complaint: irrelevant content,2026-05-19T13:13:36.403Z,false
complaint-1586,user-2804,too_many_notifications,email,REGX-001,User complaint: too many notifications,2026-05-31T09:02:36.403Z,false
complaint-1587,user-946,too_many_notifications,email,TXNX-001,User complaint: too many notifications,2026-06-17T10:26:36.403Z,true
complaint-1588,user-4521,irrelevant_content,whatsapp,RISK-001,User complaint: irrelevant content,2026-06-10T10:26:36.403Z,true
complaint-1589,user-879,too_many_notifications,in_app,TXNX-003,User complaint: too many notifications,2026-06-12T09:26:36.403Z,true
complaint-1590,user-9066,irrelevant_content,whatsapp,TXNX-005,User complaint: irrelevant content,2026-05-24T10:26:36.403Z,true
complaint-1591,user-3291,too_many_notifications,sms,SIPX-001,User complaint: too many notifications,2026-05-30T11:07:36.403Z,true
complaint-1592,user-5922,too_many_notifications,push,RISK-005,User complaint: too many notifications,2026-06-17T08:18:36.403Z,true
complaint-1593,user-8478,wrong_channel,sms,MKTX-001,User complaint: wrong channel,2026-06-02T08:10:36.403Z,false
complaint-1594,user-5284,irrelevant_content,whatsapp,TXNX-005,User complaint: irrelevant content,2026-06-06T10:26:36.403Z,true
complaint-1595,user-1725,irrelevant_content,whatsapp,MKTX-004,User complaint: irrelevant content,2026-05-22T10:26:36.403Z,true
complaint-1596,user-4124,too_many_notifications,whatsapp,TXNX-003,User complaint: too many notifications,2026-05-20T10:12:36.403Z,false
complaint-1597,user-2656,wrong_time,push,MKTX-002,User complaint: wrong time,2026-05-29T13:17:36.403Z,false
complaint-1598,user-8005,wrong_channel,push,RISK-001,User complaint: wrong channel,2026-06-11T10:20:36.403Z,true
complaint-1599,user-7831,irrelevant_content,push,TXNX-004,User complaint: irrelevant content,2026-05-29T10:35:36.403Z,false
complaint-1600,user-3849,irrelevant_content,sms,SIPX-004,User complaint: irrelevant content,2026-06-01T13:22:36.403Z,true
complaint-1601,user-9119,wrong_time,in_app,TXNX-005,User complaint: wrong time,2026-06-11T08:36:36.403Z,true
complaint-1602,user-6385,wrong_time,in_app,MKTX-001,User complaint: wrong time,2026-06-04T08:14:36.403Z,true
complaint-1603,user-9482,too_many_notifications,whatsapp,TXNX-003,User complaint: too many notifications,2026-06-11T13:11:36.403Z,true
complaint-1604,user-9635,irrelevant_content,in_app,RISK-003,User complaint: irrelevant content,2026-05-27T12:05:36.403Z,true
complaint-1605,user-441,irrelevant_content,in_app,MKTX-005,User complaint: irrelevant content,2026-05-20T12:27:36.403Z,true
complaint-1606,user-146,too_many_notifications,whatsapp,MKTX-003,User complaint: too many notifications,2026-06-05T10:14:36.403Z,false
complaint-1607,user-8319,irrelevant_content,push,TXNX-003,User complaint: irrelevant content,2026-06-06T13:29:36.403Z,true
complaint-1608,user-267,irrelevant_content,email,TXNX-003,User complaint: irrelevant content,2026-06-10T09:29:36.403Z,false
complaint-1609,user-9,irrelevant_content,push,RISK-004,User complaint: irrelevant content,2026-05-23T10:26:36.403Z,false
complaint-1610,user-827,too_many_notifications,push,RISK-004,User complaint: too many notifications,2026-06-10T09:23:36.403Z,false
complaint-1611,user-5388,wrong_time,whatsapp,SIPX-004,User complaint: wrong time,2026-05-25T13:18:36.403Z,false
complaint-1612,user-837,wrong_time,sms,RISK-004,User complaint: wrong time,2026-06-04T11:01:36.403Z,true
complaint-1613,user-3016,wrong_channel,sms,SIPX-001,User complaint: wrong channel,2026-06-15T13:52:36.403Z,true
complaint-1614,user-8204,too_many_notifications,in_app,RISK-002,User complaint: too many notifications,2026-06-07T10:26:36.403Z,true
complaint-1615,user-113,wrong_channel,push,SIPX-004,User complaint: wrong channel,2026-06-17T10:26:36.403Z,false
complaint-1616,user-8758,wrong_time,in_app,RISK-002,User complaint: wrong time,2026-06-11T10:26:36.403Z,false
complaint-1617,user-1157,irrelevant_content,whatsapp,TXNX-001,User complaint: irrelevant content,2026-05-30T10:26:36.403Z,true
complaint-1618,user-6454,missing_critical_notification,email,TXNX-003,User complaint: missing critical notification,2026-06-07T10:26:36.403Z,false
complaint-1619,user-9373,irrelevant_content,push,RISK-003,User complaint: irrelevant content,2026-06-13T12:46:36.403Z,true
complaint-1620,user-9593,missing_critical_notification,whatsapp,TXNX-001,User complaint: missing critical notification,2026-05-19T09:07:36.403Z,true
complaint-1621,user-7948,missing_critical_notification,sms,TXNX-002,User complaint: missing critical notification,2026-06-01T12:53:36.403Z,true
complaint-1622,user-1260,irrelevant_content,whatsapp,TXNX-003,User complaint: irrelevant content,2026-05-30T11:29:36.403Z,false
complaint-1623,user-2999,missing_critical_notification,whatsapp,SIPX-005,User complaint: missing critical notification,2026-06-03T09:11:36.403Z,true
complaint-1624,user-3355,missing_critical_notification,push,TXNX-004,User complaint: missing critical notification,2026-05-19T09:52:36.403Z,true
complaint-1625,user-6870,too_many_notifications,whatsapp,SIPX-004,User complaint: too many notifications,2026-06-15T10:26:36.403Z,true
complaint-1626,user-1281,wrong_time,push,TXNX-003,User complaint: wrong time,2026-06-10T12:39:36.403Z,true
complaint-1627,user-7679,wrong_channel,in_app,TXNX-004,User complaint: wrong channel,2026-06-08T11:46:36.403Z,false
complaint-1628,user-4088,irrelevant_content,sms,REGX-005,User complaint: irrelevant content,2026-06-10T12:49:36.403Z,true
complaint-1629,user-7208,irrelevant_content,email,TXNX-004,User complaint: irrelevant content,2026-05-19T10:26:36.403Z,false
complaint-1630,user-2926,irrelevant_content,in_app,RISK-002,User complaint: irrelevant content,2026-06-01T10:26:36.403Z,true
complaint-1631,user-1429,missing_critical_notification,email,REGX-004,User complaint: missing critical notification,2026-06-07T13:53:36.403Z,false
complaint-1632,user-3554,too_many_notifications,whatsapp,TXNX-001,User complaint: too many notifications,2026-06-05T10:47:36.403Z,true
complaint-1633,user-9189,too_many_notifications,in_app,TXNX-005,User complaint: too many notifications,2026-06-17T09:08:36.403Z,false
complaint-1634,user-2992,wrong_channel,in_app,TXNX-001,User complaint: wrong channel,2026-05-26T11:09:36.403Z,false
complaint-1635,user-395,irrelevant_content,whatsapp,RISK-004,User complaint: irrelevant content,2026-05-31T12:18:36.403Z,true
complaint-1636,user-6154,irrelevant_content,email,MKTX-005,User complaint: irrelevant content,2026-06-09T10:01:36.403Z,true
complaint-1637,user-1162,wrong_time,in_app,RISK-005,User complaint: wrong time,2026-05-29T09:35:36.403Z,false
complaint-1638,user-4611,missing_critical_notification,sms,SIPX-001,User complaint: missing critical notification,2026-05-28T11:05:36.403Z,true
complaint-1639,user-234,missing_critical_notification,sms,TXNX-005,User complaint: missing critical notification,2026-06-12T11:31:36.403Z,true
complaint-1640,user-2339,too_many_notifications,in_app,TXNX-001,User complaint: too many notifications,2026-06-10T09:28:36.403Z,true
complaint-1641,user-659,wrong_time,push,RISK-001,User complaint: wrong time,2026-05-29T13:13:36.403Z,true
complaint-1642,user-1676,irrelevant_content,email,TXNX-005,User complaint: irrelevant content,2026-05-24T10:26:36.403Z,true
complaint-1643,user-3060,too_many_notifications,whatsapp,SIPX-003,User complaint: too many notifications,2026-05-27T11:40:36.403Z,false
complaint-1644,user-8124,missing_critical_notification,sms,REGX-004,User complaint: missing critical notification,2026-05-28T08:35:36.403Z,false
complaint-1645,user-9865,too_many_notifications,whatsapp,RISK-005,User complaint: too many notifications,2026-05-28T11:31:36.403Z,false
complaint-1646,user-3633,too_many_notifications,email,MKTX-003,User complaint: too many notifications,2026-06-06T11:49:36.403Z,true
complaint-1647,user-4332,too_many_notifications,email,RISK-005,User complaint: too many notifications,2026-05-22T12:33:36.403Z,true
complaint-1648,user-6416,irrelevant_content,whatsapp,RISK-002,User complaint: irrelevant content,2026-05-27T08:53:36.403Z,true
complaint-1649,user-2957,wrong_channel,whatsapp,TXNX-002,User complaint: wrong channel,2026-06-08T10:50:36.403Z,false
complaint-1650,user-1796,wrong_channel,email,SIPX-001,User complaint: wrong channel,2026-05-21T10:03:36.403Z,true
complaint-1651,user-8665,wrong_channel,in_app,TXNX-001,User complaint: wrong channel,2026-06-17T10:26:36.403Z,true
complaint-1652,user-7630,wrong_time,push,RISK-001,User complaint: wrong time,2026-06-10T08:37:36.403Z,true
complaint-1653,user-6248,missing_critical_notification,whatsapp,RISK-001,User complaint: missing critical notification,2026-05-22T13:03:36.403Z,false
complaint-1654,user-6542,wrong_time,whatsapp,TXNX-005,User complaint: wrong time,2026-06-03T09:23:36.404Z,true
complaint-1655,user-1107,too_many_notifications,push,SIPX-003,User complaint: too many notifications,2026-05-19T13:14:36.404Z,false
complaint-1656,user-3936,missing_critical_notification,push,TXNX-003,User complaint: missing critical notification,2026-06-11T10:16:36.404Z,false
complaint-1657,user-629,missing_critical_notification,email,RISK-001,User complaint: missing critical notification,2026-05-27T08:37:36.404Z,true
complaint-1658,user-6097,wrong_channel,push,RISK-003,User complaint: wrong channel,2026-05-28T08:56:36.404Z,false
complaint-1659,user-9187,too_many_notifications,email,SIPX-005,User complaint: too many notifications,2026-06-17T13:22:36.404Z,true
complaint-1660,user-1856,irrelevant_content,whatsapp,TXNX-004,User complaint: irrelevant content,2026-06-07T09:53:36.404Z,true
complaint-1661,user-824,irrelevant_content,push,TXNX-002,User complaint: irrelevant content,2026-05-20T09:26:36.404Z,true
complaint-1662,user-353,too_many_notifications,whatsapp,RISK-002,User complaint: too many notifications,2026-06-13T13:03:36.404Z,false
complaint-1663,user-2889,irrelevant_content,whatsapp,TXNX-001,User complaint: irrelevant content,2026-06-01T08:36:36.404Z,true
complaint-1664,user-420,too_many_notifications,sms,MKTX-001,User complaint: too many notifications,2026-06-16T09:13:36.404Z,false
complaint-1665,user-1331,too_many_notifications,sms,RISK-004,User complaint: too many notifications,2026-05-22T11:50:36.404Z,true
complaint-1666,user-4017,wrong_time,sms,MKTX-002,User complaint: wrong time,2026-06-09T11:34:36.404Z,true
complaint-1667,user-9386,wrong_channel,push,TXNX-002,User complaint: wrong channel,2026-05-21T10:26:36.404Z,true
complaint-1668,user-1259,missing_critical_notification,sms,MKTX-004,User complaint: missing critical notification,2026-05-24T08:14:36.404Z,true
complaint-1669,user-5015,missing_critical_notification,sms,TXNX-004,User complaint: missing critical notification,2026-06-02T11:49:36.404Z,true
complaint-1670,user-8782,too_many_notifications,push,REGX-001,User complaint: too many notifications,2026-05-24T09:47:36.404Z,true
complaint-1671,user-3277,wrong_channel,sms,RISK-003,User complaint: wrong channel,2026-05-26T10:50:36.404Z,true
complaint-1672,user-1272,wrong_time,push,RISK-001,User complaint: wrong time,2026-05-29T10:58:36.404Z,false
complaint-1673,user-8616,irrelevant_content,whatsapp,SIPX-002,User complaint: irrelevant content,2026-06-16T10:26:36.404Z,true
complaint-1674,user-4069,wrong_time,push,SIPX-003,User complaint: wrong time,2026-05-23T10:16:36.404Z,false
complaint-1675,user-9796,irrelevant_content,push,SIPX-005,User complaint: irrelevant content,2026-06-07T08:57:36.404Z,true
complaint-1676,user-7555,irrelevant_content,push,TXNX-003,User complaint: irrelevant content,2026-05-25T10:26:36.404Z,true
complaint-1677,user-4375,missing_critical_notification,whatsapp,RISK-002,User complaint: missing critical notification,2026-06-12T12:02:36.404Z,true
complaint-1678,user-4097,too_many_notifications,whatsapp,SIPX-005,User complaint: too many notifications,2026-06-04T10:33:36.404Z,true
complaint-1679,user-9930,too_many_notifications,sms,TXNX-003,User complaint: too many notifications,2026-05-21T12:43:36.404Z,false
complaint-1680,user-6114,wrong_channel,email,SIPX-005,User complaint: wrong channel,2026-06-07T10:51:36.404Z,true
complaint-1681,user-3828,irrelevant_content,email,TXNX-001,User complaint: irrelevant content,2026-06-01T12:59:36.404Z,false
complaint-1682,user-4670,too_many_notifications,email,SIPX-001,User complaint: too many notifications,2026-05-29T10:08:36.404Z,true
complaint-1683,user-4184,too_many_notifications,push,TXNX-005,User complaint: too many notifications,2026-06-12T09:10:36.404Z,true
complaint-1684,user-1422,missing_critical_notification,push,TXNX-001,User complaint: missing critical notification,2026-05-23T10:26:36.404Z,false
complaint-1685,user-3275,irrelevant_content,push,REGX-002,User complaint: irrelevant content,2026-05-23T09:09:36.404Z,true
complaint-1686,user-8371,too_many_notifications,whatsapp,TXNX-005,User complaint: too many notifications,2026-06-14T12:05:36.404Z,false
complaint-1687,user-2443,irrelevant_content,in_app,RISK-003,User complaint: irrelevant content,2026-06-13T13:52:36.404Z,false
complaint-1688,user-3489,too_many_notifications,in_app,RISK-004,User complaint: too many notifications,2026-05-28T12:30:36.404Z,false
complaint-1689,user-5726,wrong_channel,whatsapp,SIPX-005,User complaint: wrong channel,2026-06-03T12:11:36.404Z,false
complaint-1690,user-3170,irrelevant_content,sms,REGX-003,User complaint: irrelevant content,2026-05-21T10:26:36.404Z,true
complaint-1691,user-8329,too_many_notifications,whatsapp,MKTX-003,User complaint: too many notifications,2026-06-12T10:33:36.404Z,false
complaint-1692,user-380,too_many_notifications,push,RISK-005,User complaint: too many notifications,2026-06-15T10:26:36.404Z,true
complaint-1693,user-3842,too_many_notifications,in_app,MKTX-003,User complaint: too many notifications,2026-06-07T13:17:36.404Z,true
complaint-1694,user-6442,wrong_time,email,MKTX-004,User complaint: wrong time,2026-06-11T08:25:36.404Z,true
complaint-1695,user-3631,too_many_notifications,in_app,RISK-005,User complaint: too many notifications,2026-05-26T11:57:36.404Z,true
complaint-1696,user-221,wrong_channel,sms,TXNX-004,User complaint: wrong channel,2026-06-12T13:20:36.404Z,true
complaint-1697,user-6044,irrelevant_content,push,RISK-005,User complaint: irrelevant content,2026-05-23T10:04:36.404Z,true
complaint-1698,user-1132,wrong_channel,email,TXNX-001,User complaint: wrong channel,2026-05-25T08:17:36.404Z,false
complaint-1699,user-3474,wrong_channel,sms,MKTX-005,User complaint: wrong channel,2026-06-02T10:57:36.404Z,false
complaint-1700,user-4453,wrong_time,email,SIPX-003,User complaint: wrong time,2026-06-02T10:26:36.404Z,true
complaint-1701,user-34,wrong_time,push,TXNX-004,User complaint: wrong time,2026-06-16T09:57:36.404Z,false
complaint-1702,user-5204,too_many_notifications,push,TXNX-004,User complaint: too many notifications,2026-06-09T09:35:36.404Z,true
complaint-1703,user-6275,too_many_notifications,push,REGX-002,User complaint: too many notifications,2026-05-21T11:23:36.404Z,false
complaint-1704,user-1404,wrong_time,sms,MKTX-004,User complaint: wrong time,2026-06-01T12:51:36.404Z,true
complaint-1705,user-9116,wrong_channel,whatsapp,TXNX-005,User complaint: wrong channel,2026-06-03T09:34:36.404Z,false
complaint-1706,user-6919,irrelevant_content,whatsapp,RISK-003,User complaint: irrelevant content,2026-06-16T10:26:36.404Z,true
complaint-1707,user-7398,wrong_channel,email,SIPX-001,User complaint: wrong channel,2026-05-23T10:26:36.404Z,true
complaint-1708,user-2402,missing_critical_notification,push,TXNX-004,User complaint: missing critical notification,2026-05-21T13:07:36.404Z,true
complaint-1709,user-1294,too_many_notifications,whatsapp,RISK-002,User complaint: too many notifications,2026-06-17T13:13:36.404Z,true
complaint-1710,user-6792,too_many_notifications,whatsapp,TXNX-003,User complaint: too many notifications,2026-05-20T10:26:36.404Z,true
complaint-1711,user-6829,irrelevant_content,push,MKTX-001,User complaint: irrelevant content,2026-05-26T13:34:36.404Z,true
complaint-1712,user-3715,wrong_time,in_app,MKTX-005,User complaint: wrong time,2026-06-05T13:02:36.404Z,true
complaint-1713,user-9672,wrong_time,whatsapp,RISK-003,User complaint: wrong time,2026-06-09T10:26:36.404Z,true
complaint-1714,user-9903,wrong_channel,sms,RISK-002,User complaint: wrong channel,2026-06-10T08:54:36.404Z,false
complaint-1715,user-2255,wrong_channel,whatsapp,TXNX-005,User complaint: wrong channel,2026-05-19T11:30:36.404Z,false
complaint-1716,user-4480,irrelevant_content,push,MKTX-005,User complaint: irrelevant content,2026-06-01T10:26:36.404Z,true
complaint-1717,user-3468,wrong_time,push,TXNX-001,User complaint: wrong time,2026-05-20T09:24:36.404Z,true
complaint-1718,user-6118,wrong_channel,push,TXNX-003,User complaint: wrong channel,2026-06-17T10:26:36.404Z,false
complaint-1719,user-1970,too_many_notifications,push,MKTX-005,User complaint: too many notifications,2026-05-26T10:26:36.404Z,true
complaint-1720,user-2567,irrelevant_content,whatsapp,SIPX-003,User complaint: irrelevant content,2026-05-26T09:25:36.404Z,true
complaint-1721,user-4116,too_many_notifications,email,RISK-005,User complaint: too many notifications,2026-05-25T12:57:36.404Z,false
complaint-1722,user-1258,too_many_notifications,push,TXNX-001,User complaint: too many notifications,2026-05-25T09:07:36.404Z,true
complaint-1723,user-8155,wrong_channel,email,TXNX-003,User complaint: wrong channel,2026-05-28T08:33:36.404Z,true
complaint-1724,user-5151,wrong_time,email,REGX-002,User complaint: wrong time,2026-06-12T11:31:36.404Z,false
complaint-1725,user-1188,too_many_notifications,push,TXNX-004,User complaint: too many notifications,2026-06-03T08:11:36.404Z,false
complaint-1726,user-3626,wrong_time,whatsapp,SIPX-003,User complaint: wrong time,2026-05-19T09:52:36.404Z,false
complaint-1727,user-6980,too_many_notifications,sms,MKTX-003,User complaint: too many notifications,2026-05-31T11:56:36.404Z,false
complaint-1728,user-2071,wrong_time,in_app,TXNX-005,User complaint: wrong time,2026-06-15T08:58:36.404Z,false
complaint-1729,user-117,wrong_channel,in_app,TXNX-001,User complaint: wrong channel,2026-06-15T11:59:36.404Z,true
complaint-1730,user-6132,irrelevant_content,in_app,REGX-004,User complaint: irrelevant content,2026-05-28T12:58:36.404Z,true
complaint-1731,user-1055,too_many_notifications,whatsapp,MKTX-004,User complaint: too many notifications,2026-06-05T10:29:36.404Z,true
complaint-1732,user-4814,wrong_channel,whatsapp,SIPX-005,User complaint: wrong channel,2026-06-05T12:59:36.404Z,true
complaint-1733,user-3486,wrong_time,sms,REGX-003,User complaint: wrong time,2026-05-31T08:06:36.404Z,false
complaint-1734,user-2872,wrong_time,whatsapp,TXNX-004,User complaint: wrong time,2026-06-07T08:27:36.404Z,true
complaint-1735,user-5468,missing_critical_notification,sms,RISK-004,User complaint: missing critical notification,2026-06-17T08:24:36.404Z,false
complaint-1736,user-4038,wrong_time,whatsapp,MKTX-002,User complaint: wrong time,2026-06-12T13:08:36.404Z,true
complaint-1737,user-2670,missing_critical_notification,push,MKTX-005,User complaint: missing critical notification,2026-06-06T13:16:36.404Z,true
complaint-1738,user-3277,irrelevant_content,whatsapp,TXNX-003,User complaint: irrelevant content,2026-06-02T12:19:36.404Z,true
complaint-1739,user-8978,wrong_time,whatsapp,MKTX-004,User complaint: wrong time,2026-05-22T09:36:36.404Z,false
complaint-1740,user-2323,irrelevant_content,sms,SIPX-005,User complaint: irrelevant content,2026-06-13T11:17:36.404Z,true
complaint-1741,user-3819,wrong_channel,sms,TXNX-001,User complaint: wrong channel,2026-05-28T10:44:36.404Z,true
complaint-1742,user-1194,too_many_notifications,push,MKTX-004,User complaint: too many notifications,2026-06-08T10:14:36.404Z,true
complaint-1743,user-1686,too_many_notifications,in_app,TXNX-004,User complaint: too many notifications,2026-06-06T08:33:36.404Z,true
complaint-1744,user-541,too_many_notifications,sms,SIPX-004,User complaint: too many notifications,2026-05-30T11:20:36.404Z,false
complaint-1745,user-4694,wrong_time,in_app,REGX-005,User complaint: wrong time,2026-06-13T13:30:36.404Z,true
complaint-1746,user-2934,wrong_channel,whatsapp,MKTX-005,User complaint: wrong channel,2026-05-31T13:53:36.404Z,true
complaint-1747,user-3383,wrong_time,sms,REGX-005,User complaint: wrong time,2026-05-19T13:35:36.404Z,true
complaint-1748,user-6147,wrong_time,whatsapp,TXNX-004,User complaint: wrong time,2026-06-13T09:59:36.404Z,false
complaint-1749,user-6957,missing_critical_notification,whatsapp,TXNX-001,User complaint: missing critical notification,2026-06-12T08:13:36.404Z,false
complaint-1750,user-2950,too_many_notifications,in_app,REGX-002,User complaint: too many notifications,2026-06-14T13:15:36.404Z,false
complaint-1751,user-1502,too_many_notifications,whatsapp,RISK-003,User complaint: too many notifications,2026-06-10T10:26:36.404Z,true
complaint-1752,user-4507,too_many_notifications,push,SIPX-001,User complaint: too many notifications,2026-05-26T10:26:36.404Z,false
complaint-1753,user-5131,irrelevant_content,sms,REGX-003,User complaint: irrelevant content,2026-05-21T13:30:36.404Z,true
complaint-1754,user-3413,wrong_time,push,MKTX-005,User complaint: wrong time,2026-05-24T09:33:36.404Z,true
complaint-1755,user-7585,too_many_notifications,sms,TXNX-004,User complaint: too many notifications,2026-06-05T12:27:36.404Z,false
complaint-1756,user-741,missing_critical_notification,email,TXNX-001,User complaint: missing critical notification,2026-06-08T13:52:36.404Z,false
complaint-1757,user-207,wrong_time,push,RISK-003,User complaint: wrong time,2026-05-19T11:58:36.404Z,false
complaint-1758,user-347,too_many_notifications,push,RISK-001,User complaint: too many notifications,2026-05-23T10:26:36.404Z,true
complaint-1759,user-9494,wrong_time,sms,RISK-005,User complaint: wrong time,2026-05-27T10:26:36.404Z,true
complaint-1760,user-1673,irrelevant_content,email,TXNX-002,User complaint: irrelevant content,2026-05-23T13:42:36.404Z,true
complaint-1761,user-4963,wrong_time,in_app,RISK-001,User complaint: wrong time,2026-05-31T12:23:36.404Z,false
complaint-1762,user-1810,too_many_notifications,in_app,TXNX-005,User complaint: too many notifications,2026-05-21T10:26:36.404Z,false
complaint-1763,user-1734,too_many_notifications,email,TXNX-002,User complaint: too many notifications,2026-05-31T10:32:36.404Z,true
complaint-1764,user-4937,missing_critical_notification,push,TXNX-003,User complaint: missing critical notification,2026-06-13T11:41:36.404Z,true
complaint-1765,user-6839,wrong_time,sms,RISK-005,User complaint: wrong time,2026-06-13T13:30:36.404Z,true
complaint-1766,user-6214,wrong_channel,sms,SIPX-002,User complaint: wrong channel,2026-06-15T09:18:36.404Z,false
complaint-1767,user-3270,too_many_notifications,sms,TXNX-001,User complaint: too many notifications,2026-06-03T13:01:36.404Z,false
complaint-1768,user-1100,wrong_time,push,REGX-001,User complaint: wrong time,2026-06-14T11:19:36.404Z,false
complaint-1769,user-493,too_many_notifications,email,REGX-004,User complaint: too many notifications,2026-06-15T11:50:36.404Z,false
complaint-1770,user-8913,wrong_time,email,MKTX-003,User complaint: wrong time,2026-05-24T10:49:36.404Z,false
complaint-1771,user-4405,irrelevant_content,push,REGX-002,User complaint: irrelevant content,2026-05-25T10:42:36.404Z,false
complaint-1772,user-8945,wrong_time,email,MKTX-003,User complaint: wrong time,2026-06-10T08:49:36.404Z,false
complaint-1773,user-4378,missing_critical_notification,whatsapp,TXNX-005,User complaint: missing critical notification,2026-06-13T13:45:36.404Z,true
complaint-1774,user-2110,too_many_notifications,email,TXNX-004,User complaint: too many notifications,2026-05-31T09:09:36.404Z,false
complaint-1775,user-5445,wrong_channel,in_app,TXNX-003,User complaint: wrong channel,2026-06-08T10:18:36.404Z,true
complaint-1776,user-7294,irrelevant_content,sms,TXNX-002,User complaint: irrelevant content,2026-05-24T09:08:36.404Z,true
complaint-1777,user-6950,wrong_time,in_app,TXNX-003,User complaint: wrong time,2026-06-09T09:30:36.404Z,true
complaint-1778,user-3883,wrong_time,email,RISK-005,User complaint: wrong time,2026-06-12T13:59:36.404Z,true
complaint-1779,user-4431,too_many_notifications,push,SIPX-002,User complaint: too many notifications,2026-06-12T09:06:36.404Z,true
complaint-1780,user-6955,irrelevant_content,push,TXNX-002,User complaint: irrelevant content,2026-06-01T09:41:36.404Z,true
complaint-1781,user-2604,irrelevant_content,email,SIPX-005,User complaint: irrelevant content,2026-06-09T13:58:36.404Z,true
complaint-1782,user-3921,irrelevant_content,sms,TXNX-005,User complaint: irrelevant content,2026-06-17T08:19:36.404Z,true
complaint-1783,user-1421,wrong_time,sms,TXNX-003,User complaint: wrong time,2026-06-02T10:47:36.404Z,false
complaint-1784,user-9099,missing_critical_notification,sms,TXNX-002,User complaint: missing critical notification,2026-06-06T10:53:36.404Z,true
complaint-1785,user-2290,too_many_notifications,email,TXNX-002,User complaint: too many notifications,2026-06-06T12:08:36.404Z,false
complaint-1786,user-1165,wrong_channel,whatsapp,SIPX-004,User complaint: wrong channel,2026-06-11T12:17:36.404Z,true
complaint-1787,user-5724,too_many_notifications,email,RISK-005,User complaint: too many notifications,2026-05-24T12:47:36.404Z,true
complaint-1788,user-4430,too_many_notifications,sms,RISK-005,User complaint: too many notifications,2026-06-15T10:05:36.404Z,true
complaint-1789,user-4763,irrelevant_content,in_app,TXNX-003,User complaint: irrelevant content,2026-06-08T10:26:36.404Z,false
complaint-1790,user-8486,missing_critical_notification,whatsapp,TXNX-005,User complaint: missing critical notification,2026-06-07T10:26:36.404Z,true
complaint-1791,user-4807,too_many_notifications,email,MKTX-001,User complaint: too many notifications,2026-05-19T13:19:36.404Z,true
complaint-1792,user-5894,wrong_time,in_app,RISK-001,User complaint: wrong time,2026-05-29T12:12:36.404Z,false
complaint-1793,user-3593,wrong_channel,sms,REGX-003,User complaint: wrong channel,2026-06-05T13:23:36.404Z,false
complaint-1794,user-8070,wrong_time,push,SIPX-004,User complaint: wrong time,2026-05-28T11:32:36.404Z,true
complaint-1795,user-2110,too_many_notifications,email,RISK-003,User complaint: too many notifications,2026-06-10T10:26:36.404Z,false
complaint-1796,user-1724,wrong_time,whatsapp,TXNX-001,User complaint: wrong time,2026-06-09T13:55:36.404Z,false
complaint-1797,user-4529,irrelevant_content,email,TXNX-005,User complaint: irrelevant content,2026-06-04T08:50:36.404Z,true
complaint-1798,user-2861,wrong_time,sms,TXNX-001,User complaint: wrong time,2026-06-11T10:26:36.404Z,false
complaint-1799,user-3918,irrelevant_content,whatsapp,RISK-002,User complaint: irrelevant content,2026-06-13T13:58:36.404Z,false
complaint-1800,user-4094,irrelevant_content,in_app,RISK-002,User complaint: irrelevant content,2026-06-12T09:22:36.404Z,true
complaint-1801,user-3459,irrelevant_content,whatsapp,RISK-002,User complaint: irrelevant content,2026-05-31T10:54:36.404Z,true
complaint-1802,user-2747,irrelevant_content,email,RISK-003,User complaint: irrelevant content,2026-05-29T08:28:36.404Z,true
complaint-1803,user-8638,too_many_notifications,sms,SIPX-004,User complaint: too many notifications,2026-06-06T10:26:36.404Z,true
complaint-1804,user-6833,wrong_time,in_app,RISK-004,User complaint: wrong time,2026-06-13T08:34:36.404Z,true
complaint-1805,user-8751,too_many_notifications,whatsapp,TXNX-004,User complaint: too many notifications,2026-06-15T08:51:36.404Z,false
complaint-1806,user-2305,irrelevant_content,sms,SIPX-004,User complaint: irrelevant content,2026-06-06T13:40:36.404Z,true
complaint-1807,user-3221,irrelevant_content,whatsapp,RISK-005,User complaint: irrelevant content,2026-05-28T09:33:36.404Z,false
complaint-1808,user-1701,wrong_channel,email,RISK-004,User complaint: wrong channel,2026-05-29T09:48:36.404Z,false
complaint-1809,user-8087,too_many_notifications,push,REGX-004,User complaint: too many notifications,2026-05-21T10:26:36.404Z,true
complaint-1810,user-439,irrelevant_content,in_app,TXNX-003,User complaint: irrelevant content,2026-06-11T09:25:36.404Z,true
complaint-1811,user-6956,too_many_notifications,whatsapp,TXNX-002,User complaint: too many notifications,2026-06-14T12:55:36.404Z,false
complaint-1812,user-8777,missing_critical_notification,sms,RISK-005,User complaint: missing critical notification,2026-06-04T11:27:36.404Z,true
complaint-1813,user-5474,wrong_time,email,SIPX-005,User complaint: wrong time,2026-05-31T10:29:36.404Z,true
complaint-1814,user-1710,missing_critical_notification,email,TXNX-003,User complaint: missing critical notification,2026-06-04T09:33:36.404Z,true
complaint-1815,user-5190,too_many_notifications,email,TXNX-002,User complaint: too many notifications,2026-06-02T10:26:36.404Z,true
complaint-1816,user-1716,wrong_time,whatsapp,SIPX-001,User complaint: wrong time,2026-06-15T12:07:36.404Z,false
complaint-1817,user-8305,wrong_channel,email,RISK-005,User complaint: wrong channel,2026-06-10T10:26:36.404Z,false
complaint-1818,user-4215,irrelevant_content,whatsapp,TXNX-001,User complaint: irrelevant content,2026-05-22T12:17:36.404Z,true
complaint-1819,user-9224,irrelevant_content,in_app,SIPX-004,User complaint: irrelevant content,2026-06-04T09:37:36.404Z,false
complaint-1820,user-6093,wrong_time,whatsapp,TXNX-001,User complaint: wrong time,2026-05-24T10:26:36.404Z,true
complaint-1821,user-1209,missing_critical_notification,in_app,MKTX-005,User complaint: missing critical notification,2026-06-13T13:15:36.404Z,true
complaint-1822,user-3835,wrong_time,sms,SIPX-004,User complaint: wrong time,2026-06-13T10:53:36.404Z,true
complaint-1823,user-4196,wrong_channel,sms,SIPX-001,User complaint: wrong channel,2026-06-03T12:55:36.404Z,false
complaint-1824,user-1195,too_many_notifications,in_app,TXNX-003,User complaint: too many notifications,2026-05-25T10:26:36.404Z,true
complaint-1825,user-6142,irrelevant_content,email,RISK-002,User complaint: irrelevant content,2026-06-14T13:32:36.404Z,false
complaint-1826,user-1926,irrelevant_content,push,TXNX-002,User complaint: irrelevant content,2026-05-20T13:50:36.404Z,true
complaint-1827,user-2638,too_many_notifications,push,TXNX-004,User complaint: too many notifications,2026-06-03T08:32:36.404Z,true
complaint-1828,user-3601,too_many_notifications,sms,TXNX-005,User complaint: too many notifications,2026-06-15T12:00:36.404Z,false
complaint-1829,user-8143,missing_critical_notification,push,RISK-005,User complaint: missing critical notification,2026-05-21T13:50:36.404Z,true
complaint-1830,user-8062,wrong_time,email,TXNX-005,User complaint: wrong time,2026-05-19T11:44:36.404Z,true
complaint-1831,user-995,too_many_notifications,whatsapp,RISK-005,User complaint: too many notifications,2026-05-28T11:17:36.404Z,false
complaint-1832,user-2054,missing_critical_notification,sms,MKTX-001,User complaint: missing critical notification,2026-05-23T13:33:36.404Z,false
complaint-1833,user-1696,irrelevant_content,whatsapp,MKTX-001,User complaint: irrelevant content,2026-05-23T13:23:36.404Z,true
complaint-1834,user-9535,wrong_time,email,TXNX-001,User complaint: wrong time,2026-06-02T10:46:36.404Z,false
complaint-1835,user-3409,too_many_notifications,sms,REGX-005,User complaint: too many notifications,2026-05-22T11:04:36.404Z,true
complaint-1836,user-9035,irrelevant_content,whatsapp,RISK-005,User complaint: irrelevant content,2026-06-08T08:13:36.404Z,true
complaint-1837,user-5572,irrelevant_content,whatsapp,MKTX-002,User complaint: irrelevant content,2026-06-08T10:40:36.404Z,false
complaint-1838,user-1504,missing_critical_notification,push,REGX-004,User complaint: missing critical notification,2026-06-07T12:51:36.404Z,true
complaint-1839,user-970,wrong_time,push,SIPX-004,User complaint: wrong time,2026-06-02T13:07:36.404Z,true
complaint-1840,user-303,wrong_channel,email,TXNX-003,User complaint: wrong channel,2026-05-21T08:59:36.404Z,false
complaint-1841,user-909,irrelevant_content,in_app,REGX-003,User complaint: irrelevant content,2026-06-03T11:08:36.404Z,true
complaint-1842,user-3066,too_many_notifications,sms,MKTX-001,User complaint: too many notifications,2026-05-26T13:25:36.404Z,false
complaint-1843,user-4629,wrong_time,push,TXNX-001,User complaint: wrong time,2026-06-17T11:47:36.404Z,true
complaint-1844,user-3866,missing_critical_notification,in_app,REGX-004,User complaint: missing critical notification,2026-05-31T10:16:36.404Z,false
complaint-1845,user-7533,too_many_notifications,push,REGX-004,User complaint: too many notifications,2026-05-26T13:37:36.404Z,false
complaint-1846,user-4869,too_many_notifications,in_app,TXNX-004,User complaint: too many notifications,2026-05-23T08:43:36.404Z,false
complaint-1847,user-4409,missing_critical_notification,email,RISK-002,User complaint: missing critical notification,2026-06-17T10:49:36.404Z,false
complaint-1848,user-7295,missing_critical_notification,in_app,RISK-003,User complaint: missing critical notification,2026-05-19T08:53:36.404Z,true
complaint-1849,user-9734,irrelevant_content,whatsapp,TXNX-005,User complaint: irrelevant content,2026-06-02T12:41:36.404Z,false
complaint-1850,user-224,wrong_time,push,REGX-005,User complaint: wrong time,2026-06-11T13:56:36.404Z,true
complaint-1851,user-2504,wrong_time,in_app,TXNX-003,User complaint: wrong time,2026-06-02T10:26:36.404Z,true
complaint-1852,user-520,wrong_time,push,TXNX-001,User complaint: wrong time,2026-05-27T12:04:36.404Z,true
complaint-1853,user-6943,irrelevant_content,email,SIPX-004,User complaint: irrelevant content,2026-06-16T10:26:36.404Z,true
complaint-1854,user-4560,missing_critical_notification,push,TXNX-002,User complaint: missing critical notification,2026-05-23T10:26:36.404Z,true
complaint-1855,user-1692,wrong_time,in_app,TXNX-004,User complaint: wrong time,2026-06-11T12:14:36.404Z,true
complaint-1856,user-6356,too_many_notifications,push,TXNX-005,User complaint: too many notifications,2026-06-12T10:35:36.404Z,true
complaint-1857,user-920,wrong_time,whatsapp,RISK-003,User complaint: wrong time,2026-06-05T10:10:36.404Z,true
complaint-1858,user-9177,wrong_channel,push,TXNX-003,User complaint: wrong channel,2026-05-26T09:46:36.404Z,false
complaint-1859,user-9372,too_many_notifications,in_app,TXNX-004,User complaint: too many notifications,2026-06-14T09:21:36.404Z,false
complaint-1860,user-6811,too_many_notifications,email,RISK-002,User complaint: too many notifications,2026-05-27T12:26:36.404Z,false
complaint-1861,user-9244,wrong_time,in_app,SIPX-002,User complaint: wrong time,2026-06-08T09:02:36.404Z,false
complaint-1862,user-8736,too_many_notifications,push,MKTX-001,User complaint: too many notifications,2026-06-13T10:26:36.404Z,false
complaint-1863,user-2495,wrong_time,whatsapp,TXNX-004,User complaint: wrong time,2026-06-15T08:52:36.404Z,false
complaint-1864,user-1028,missing_critical_notification,email,REGX-001,User complaint: missing critical notification,2026-05-28T09:23:36.404Z,true
complaint-1865,user-3088,too_many_notifications,whatsapp,RISK-003,User complaint: too many notifications,2026-05-28T10:02:36.404Z,false
complaint-1866,user-4948,too_many_notifications,whatsapp,TXNX-004,User complaint: too many notifications,2026-06-14T10:26:36.404Z,true
complaint-1867,user-5066,too_many_notifications,push,SIPX-001,User complaint: too many notifications,2026-05-24T10:13:36.404Z,false
complaint-1868,user-8958,irrelevant_content,email,SIPX-005,User complaint: irrelevant content,2026-06-11T13:57:36.404Z,true
complaint-1869,user-612,too_many_notifications,whatsapp,TXNX-004,User complaint: too many notifications,2026-05-29T10:27:36.404Z,false
complaint-1870,user-4567,too_many_notifications,sms,MKTX-005,User complaint: too many notifications,2026-05-27T12:37:36.404Z,false
complaint-1871,user-4255,wrong_time,email,RISK-002,User complaint: wrong time,2026-06-03T12:33:36.404Z,true
complaint-1872,user-6684,too_many_notifications,email,TXNX-002,User complaint: too many notifications,2026-06-08T11:52:36.404Z,true
complaint-1873,user-2504,too_many_notifications,push,REGX-003,User complaint: too many notifications,2026-06-17T10:36:36.404Z,false
complaint-1874,user-9022,too_many_notifications,whatsapp,RISK-004,User complaint: too many notifications,2026-05-26T12:33:36.404Z,false
complaint-1875,user-5354,irrelevant_content,in_app,REGX-002,User complaint: irrelevant content,2026-06-07T10:26:36.404Z,true
complaint-1876,user-5425,too_many_notifications,push,TXNX-004,User complaint: too many notifications,2026-06-10T10:26:36.404Z,false
complaint-1877,user-4333,too_many_notifications,email,RISK-004,User complaint: too many notifications,2026-05-27T10:10:36.404Z,false
complaint-1878,user-1504,irrelevant_content,in_app,TXNX-005,User complaint: irrelevant content,2026-05-23T10:26:36.404Z,true
complaint-1879,user-3636,too_many_notifications,sms,RISK-005,User complaint: too many notifications,2026-05-29T13:30:36.404Z,false
complaint-1880,user-9584,wrong_time,email,TXNX-005,User complaint: wrong time,2026-06-12T09:31:36.404Z,false
complaint-1881,user-5790,wrong_time,push,MKTX-002,User complaint: wrong time,2026-06-03T10:34:36.404Z,false
complaint-1882,user-1155,wrong_channel,in_app,TXNX-002,User complaint: wrong channel,2026-06-11T12:28:36.404Z,true
complaint-1883,user-3398,wrong_time,in_app,SIPX-005,User complaint: wrong time,2026-05-27T10:26:36.404Z,true
complaint-1884,user-2340,missing_critical_notification,push,TXNX-005,User complaint: missing critical notification,2026-05-26T10:43:36.404Z,false
complaint-1885,user-3075,missing_critical_notification,email,RISK-001,User complaint: missing critical notification,2026-06-10T11:15:36.404Z,true
complaint-1886,user-8220,missing_critical_notification,sms,REGX-004,User complaint: missing critical notification,2026-05-30T09:43:36.404Z,false
complaint-1887,user-6454,too_many_notifications,email,REGX-001,User complaint: too many notifications,2026-05-19T11:03:36.404Z,false
complaint-1888,user-3869,irrelevant_content,push,MKTX-003,User complaint: irrelevant content,2026-06-02T13:12:36.404Z,true
complaint-1889,user-8084,missing_critical_notification,sms,RISK-004,User complaint: missing critical notification,2026-05-27T11:56:36.404Z,false
complaint-1890,user-5711,wrong_time,whatsapp,TXNX-005,User complaint: wrong time,2026-05-22T10:22:36.404Z,true
complaint-1891,user-9464,too_many_notifications,whatsapp,TXNX-005,User complaint: too many notifications,2026-06-04T08:20:36.404Z,true
complaint-1892,user-6744,wrong_channel,email,SIPX-005,User complaint: wrong channel,2026-05-21T09:31:36.404Z,true
complaint-1893,user-808,wrong_time,in_app,TXNX-005,User complaint: wrong time,2026-06-15T10:26:36.404Z,true
complaint-1894,user-7833,wrong_time,in_app,RISK-001,User complaint: wrong time,2026-06-10T09:17:36.404Z,false
complaint-1895,user-7699,missing_critical_notification,sms,RISK-001,User complaint: missing critical notification,2026-06-04T12:22:36.404Z,true
complaint-1896,user-3390,wrong_channel,sms,REGX-002,User complaint: wrong channel,2026-06-16T08:44:36.404Z,false
complaint-1897,user-4469,wrong_time,email,RISK-005,User complaint: wrong time,2026-05-21T10:26:36.404Z,true
complaint-1898,user-1491,irrelevant_content,push,TXNX-002,User complaint: irrelevant content,2026-06-11T12:35:36.404Z,true
complaint-1899,user-6520,wrong_time,whatsapp,REGX-004,User complaint: wrong time,2026-06-10T08:27:36.404Z,true
complaint-1900,user-2029,wrong_time,in_app,SIPX-005,User complaint: wrong time,2026-06-13T12:15:36.404Z,true
complaint-1901,user-213,irrelevant_content,push,SIPX-005,User complaint: irrelevant content,2026-05-31T10:54:36.404Z,true
complaint-1902,user-307,too_many_notifications,whatsapp,MKTX-002,User complaint: too many notifications,2026-05-26T10:26:36.404Z,true
complaint-1903,user-5367,too_many_notifications,push,RISK-003,User complaint: too many notifications,2026-06-04T10:18:36.404Z,false
complaint-1904,user-6209,too_many_notifications,email,TXNX-005,User complaint: too many notifications,2026-05-23T10:26:36.404Z,true
complaint-1905,user-3238,wrong_time,push,MKTX-001,User complaint: wrong time,2026-06-07T11:44:36.404Z,false
complaint-1906,user-651,missing_critical_notification,in_app,MKTX-003,User complaint: missing critical notification,2026-05-27T08:06:36.404Z,false
complaint-1907,user-6627,too_many_notifications,push,TXNX-001,User complaint: too many notifications,2026-06-06T11:56:36.404Z,false
complaint-1908,user-7884,too_many_notifications,in_app,TXNX-005,User complaint: too many notifications,2026-06-14T09:42:36.404Z,false
complaint-1909,user-3068,missing_critical_notification,push,REGX-002,User complaint: missing critical notification,2026-06-13T12:06:36.404Z,true
complaint-1910,user-1039,irrelevant_content,whatsapp,REGX-005,User complaint: irrelevant content,2026-06-14T12:01:36.404Z,false
complaint-1911,user-3567,irrelevant_content,sms,RISK-004,User complaint: irrelevant content,2026-06-05T09:01:36.404Z,true
complaint-1912,user-291,too_many_notifications,whatsapp,TXNX-003,User complaint: too many notifications,2026-05-19T10:26:36.404Z,true
complaint-1913,user-9173,too_many_notifications,whatsapp,RISK-003,User complaint: too many notifications,2026-05-26T08:22:36.404Z,true
complaint-1914,user-7890,too_many_notifications,whatsapp,TXNX-003,User complaint: too many notifications,2026-06-09T08:51:36.404Z,true
complaint-1915,user-7986,too_many_notifications,whatsapp,RISK-004,User complaint: too many notifications,2026-06-08T08:53:36.404Z,true
complaint-1916,user-6068,irrelevant_content,whatsapp,TXNX-003,User complaint: irrelevant content,2026-05-23T10:26:36.404Z,false
complaint-1917,user-2810,irrelevant_content,whatsapp,TXNX-002,User complaint: irrelevant content,2026-06-03T12:06:36.404Z,false
complaint-1918,user-1826,irrelevant_content,email,REGX-001,User complaint: irrelevant content,2026-06-10T13:21:36.404Z,true
complaint-1919,user-4321,irrelevant_content,push,MKTX-005,User complaint: irrelevant content,2026-05-23T12:29:36.404Z,true
complaint-1920,user-6752,wrong_channel,sms,MKTX-003,User complaint: wrong channel,2026-05-19T13:09:36.404Z,false
complaint-1921,user-940,irrelevant_content,push,TXNX-005,User complaint: irrelevant content,2026-05-27T09:23:36.404Z,false
complaint-1922,user-4845,too_many_notifications,sms,SIPX-003,User complaint: too many notifications,2026-06-09T08:09:36.404Z,false
complaint-1923,user-5643,missing_critical_notification,email,TXNX-004,User complaint: missing critical notification,2026-05-25T08:32:36.404Z,false
complaint-1924,user-8752,wrong_time,email,RISK-004,User complaint: wrong time,2026-05-24T12:46:36.404Z,false
complaint-1925,user-9067,wrong_time,sms,RISK-002,User complaint: wrong time,2026-05-24T10:26:36.404Z,false
complaint-1926,user-7231,too_many_notifications,email,TXNX-002,User complaint: too many notifications,2026-05-23T13:07:36.404Z,false
complaint-1927,user-1,irrelevant_content,whatsapp,MKTX-005,User complaint: irrelevant content,2026-05-21T10:26:36.404Z,false
complaint-1928,user-6904,too_many_notifications,in_app,SIPX-004,User complaint: too many notifications,2026-06-11T10:26:36.404Z,false
complaint-1929,user-6260,irrelevant_content,email,TXNX-002,User complaint: irrelevant content,2026-05-23T10:26:36.404Z,false
complaint-1930,user-9844,wrong_time,in_app,SIPX-003,User complaint: wrong time,2026-06-14T09:56:36.404Z,false
complaint-1931,user-9488,irrelevant_content,whatsapp,TXNX-003,User complaint: irrelevant content,2026-05-20T09:21:36.404Z,true
complaint-1932,user-717,irrelevant_content,sms,TXNX-004,User complaint: irrelevant content,2026-06-13T13:10:36.404Z,false
complaint-1933,user-2942,irrelevant_content,in_app,TXNX-004,User complaint: irrelevant content,2026-06-14T08:58:36.404Z,true
complaint-1934,user-8366,irrelevant_content,email,MKTX-004,User complaint: irrelevant content,2026-05-23T08:25:36.404Z,false
complaint-1935,user-3898,irrelevant_content,push,TXNX-005,User complaint: irrelevant content,2026-06-03T12:39:36.404Z,true
complaint-1936,user-3533,too_many_notifications,push,REGX-003,User complaint: too many notifications,2026-06-04T11:03:36.404Z,true
complaint-1937,user-3300,too_many_notifications,push,TXNX-001,User complaint: too many notifications,2026-06-11T13:47:36.404Z,true
complaint-1938,user-3710,wrong_time,in_app,RISK-003,User complaint: wrong time,2026-06-15T13:39:36.404Z,true
complaint-1939,user-5367,too_many_notifications,email,RISK-001,User complaint: too many notifications,2026-05-28T12:03:36.404Z,true
complaint-1940,user-644,missing_critical_notification,whatsapp,RISK-004,User complaint: missing critical notification,2026-06-12T12:40:36.404Z,true
complaint-1941,user-9478,too_many_notifications,email,SIPX-001,User complaint: too many notifications,2026-06-01T12:47:36.404Z,true
complaint-1942,user-5117,irrelevant_content,sms,SIPX-005,User complaint: irrelevant content,2026-06-13T13:37:36.404Z,true
complaint-1943,user-9825,too_many_notifications,whatsapp,RISK-003,User complaint: too many notifications,2026-05-19T12:13:36.404Z,true
complaint-1944,user-8513,wrong_time,push,SIPX-004,User complaint: wrong time,2026-06-14T09:13:36.404Z,true
complaint-1945,user-6764,irrelevant_content,push,TXNX-003,User complaint: irrelevant content,2026-06-08T08:02:36.404Z,true
complaint-1946,user-6764,irrelevant_content,push,SIPX-004,User complaint: irrelevant content,2026-05-20T10:26:36.404Z,false
complaint-1947,user-5828,irrelevant_content,push,RISK-001,User complaint: irrelevant content,2026-06-12T10:35:36.404Z,true
complaint-1948,user-6419,wrong_time,whatsapp,MKTX-004,User complaint: wrong time,2026-06-10T13:15:36.404Z,false
complaint-1949,user-5557,too_many_notifications,email,REGX-002,User complaint: too many notifications,2026-06-03T09:52:36.404Z,true
complaint-1950,user-1263,irrelevant_content,in_app,TXNX-001,User complaint: irrelevant content,2026-05-27T10:12:36.404Z,false
complaint-1951,user-1640,too_many_notifications,push,RISK-002,User complaint: too many notifications,2026-06-15T08:42:36.404Z,true
complaint-1952,user-2918,wrong_time,in_app,TXNX-004,User complaint: wrong time,2026-06-04T10:26:36.404Z,true
complaint-1953,user-5717,too_many_notifications,email,RISK-005,User complaint: too many notifications,2026-05-30T13:20:36.404Z,true
complaint-1954,user-9868,missing_critical_notification,push,RISK-004,User complaint: missing critical notification,2026-06-15T11:52:36.404Z,true
complaint-1955,user-8771,irrelevant_content,in_app,MKTX-002,User complaint: irrelevant content,2026-06-15T13:17:36.404Z,false
complaint-1956,user-8546,wrong_channel,email,TXNX-005,User complaint: wrong channel,2026-06-17T12:54:36.404Z,false
complaint-1957,user-5666,missing_critical_notification,email,REGX-002,User complaint: missing critical notification,2026-06-13T09:22:36.404Z,true
complaint-1958,user-5715,too_many_notifications,email,MKTX-002,User complaint: too many notifications,2026-06-01T10:53:36.404Z,true
complaint-1959,user-1664,wrong_channel,whatsapp,TXNX-002,User complaint: wrong channel,2026-06-14T13:40:36.404Z,true
complaint-1960,user-2005,missing_critical_notification,in_app,SIPX-001,User complaint: missing critical notification,2026-05-30T10:26:36.404Z,true
complaint-1961,user-1794,too_many_notifications,in_app,RISK-005,User complaint: too many notifications,2026-05-31T11:18:36.404Z,false
complaint-1962,user-8274,too_many_notifications,whatsapp,RISK-001,User complaint: too many notifications,2026-06-07T09:59:36.404Z,false
complaint-1963,user-201,wrong_time,push,RISK-002,User complaint: wrong time,2026-05-22T12:51:36.404Z,true
complaint-1964,user-3265,irrelevant_content,sms,MKTX-004,User complaint: irrelevant content,2026-05-26T10:26:36.404Z,false
complaint-1965,user-2842,too_many_notifications,push,RISK-004,User complaint: too many notifications,2026-06-06T10:48:36.404Z,true
complaint-1966,user-5153,too_many_notifications,sms,TXNX-002,User complaint: too many notifications,2026-06-14T12:42:36.404Z,true
complaint-1967,user-2202,too_many_notifications,push,TXNX-005,User complaint: too many notifications,2026-05-27T09:35:36.404Z,false
complaint-1968,user-4263,irrelevant_content,email,TXNX-004,User complaint: irrelevant content,2026-06-17T09:29:36.404Z,false
complaint-1969,user-4602,wrong_channel,whatsapp,SIPX-001,User complaint: wrong channel,2026-05-24T12:43:36.404Z,true
complaint-1970,user-7321,too_many_notifications,email,REGX-005,User complaint: too many notifications,2026-05-19T08:58:36.404Z,false
complaint-1971,user-8184,irrelevant_content,in_app,MKTX-004,User complaint: irrelevant content,2026-05-20T08:16:36.404Z,true
complaint-1972,user-9650,too_many_notifications,in_app,TXNX-001,User complaint: too many notifications,2026-05-30T08:31:36.404Z,true
complaint-1973,user-9404,irrelevant_content,push,RISK-005,User complaint: irrelevant content,2026-06-12T08:19:36.404Z,true
complaint-1974,user-7193,wrong_channel,push,TXNX-003,User complaint: wrong channel,2026-06-16T10:26:36.404Z,false
complaint-1975,user-8805,irrelevant_content,push,RISK-002,User complaint: irrelevant content,2026-06-17T13:14:36.404Z,true
complaint-1976,user-845,irrelevant_content,email,RISK-003,User complaint: irrelevant content,2026-05-19T12:28:36.404Z,true
complaint-1977,user-2253,too_many_notifications,push,RISK-002,User complaint: too many notifications,2026-06-10T08:34:36.404Z,true
complaint-1978,user-556,irrelevant_content,push,REGX-005,User complaint: irrelevant content,2026-06-07T12:24:36.404Z,true
complaint-1979,user-6499,too_many_notifications,whatsapp,RISK-004,User complaint: too many notifications,2026-06-08T10:26:36.404Z,false
complaint-1980,user-1879,wrong_channel,in_app,RISK-005,User complaint: wrong channel,2026-05-29T12:50:36.404Z,true
complaint-1981,user-701,irrelevant_content,push,TXNX-001,User complaint: irrelevant content,2026-06-05T09:18:36.404Z,true
complaint-1982,user-560,wrong_time,push,MKTX-005,User complaint: wrong time,2026-06-09T11:59:36.404Z,false
complaint-1983,user-5489,irrelevant_content,sms,MKTX-001,User complaint: irrelevant content,2026-06-11T10:26:36.404Z,true
complaint-1984,user-7244,too_many_notifications,in_app,SIPX-003,User complaint: too many notifications,2026-05-29T09:56:36.404Z,false
complaint-1985,user-4459,too_many_notifications,push,MKTX-004,User complaint: too many notifications,2026-06-11T10:49:36.404Z,true
complaint-1986,user-4946,too_many_notifications,push,TXNX-003,User complaint: too many notifications,2026-06-12T13:38:36.404Z,true
complaint-1987,user-396,wrong_time,sms,RISK-002,User complaint: wrong time,2026-06-08T10:26:36.404Z,true
complaint-1988,user-4662,too_many_notifications,in_app,TXNX-005,User complaint: too many notifications,2026-05-23T09:54:36.404Z,true
complaint-1989,user-6357,wrong_channel,sms,TXNX-004,User complaint: wrong channel,2026-05-19T08:34:36.404Z,true
complaint-1990,user-7359,wrong_time,whatsapp,SIPX-003,User complaint: wrong time,2026-06-04T10:00:36.404Z,false
complaint-1991,user-2187,too_many_notifications,in_app,TXNX-005,User complaint: too many notifications,2026-05-31T11:37:36.404Z,true
complaint-1992,user-3355,irrelevant_content,sms,REGX-003,User complaint: irrelevant content,2026-05-25T13:46:36.404Z,false
complaint-1993,user-7744,irrelevant_content,sms,MKTX-002,User complaint: irrelevant content,2026-05-24T08:39:36.404Z,true
complaint-1994,user-8543,too_many_notifications,push,TXNX-002,User complaint: too many notifications,2026-06-15T12:22:36.404Z,true
complaint-1995,user-569,missing_critical_notification,sms,SIPX-003,User complaint: missing critical notification,2026-05-22T10:26:36.404Z,false
complaint-1996,user-8762,too_many_notifications,whatsapp,RISK-002,User complaint: too many notifications,2026-05-31T10:26:36.404Z,true
complaint-1997,user-7575,wrong_time,whatsapp,SIPX-003,User complaint: wrong time,2026-05-20T13:18:36.404Z,false
complaint-1998,user-6175,missing_critical_notification,whatsapp,REGX-001,User complaint: missing critical notification,2026-05-24T11:36:36.404Z,true
complaint-1999,user-9706,missing_critical_notification,sms,TXNX-001,User complaint: missing critical notification,2026-06-03T13:51:36.404Z,false
complaint-2000,user-3030,wrong_channel,push,TXNX-005,User complaint: wrong channel,2026-06-05T11:21:36.404Z,false